"name","suburb","latitude","longitude","formatted_address","place_id","neighborhood"
"The Old Fitzroy","Woolloomooloo",-33.8731172,151.2206205,"129 Dowling St, Woolloomooloo NSW 2011","ChIJlbQ0lBKuEmsRdaTilXX7vyM",""
"Fontana","Redfern",-33.8925741,151.2016009,"Level 1/133A Redfern St, Redfern NSW 2016","ChIJg3I1j6yxEmsRtl8MWZ8Qc2k",""
"Porkfat","Haymarket",-33.8809552,151.2026547,"33 Ultimo Rd, Haymarket NSW 2000","ChIJExIofZ6vEmsRlWxsfo7bgcs",""
"Eat at Robs","Rozelle",-33.8615041,151.1712467,"621 Darling St, Rozelle NSW 2039","ChIJOfh9HsevEmsR5eHD8CW_YrU",""
"Corner 75","Randwick",-33.9075917,151.2488226,"75 Frenchmans Rd, Randwick NSW 2031","ChIJX9r1Tw6yEmsRA_izLGp54ck",""
"Happy Shop","Haberfield",-33.8806016,151.1385971,"68 Dalhousie St, Haberfield NSW 2045","ChIJzdbVYbe7EmsROhTP3xvXTBU",""
"Bella Brutta","Newtown",-33.8932399,151.1836905,"135 King St, Newtown NSW 2042","ChIJk9jN2s2xEmsR-4pWvG_3zeE",""
"Bennelong","Sydney CBD",-33.8574468,151.2147431,"Sydney Opera House, Bennelong Point, Sydney NSW 2000","ChIJQcmNYGauEmsR84D5HAJJUhw",""
"Sean's","Bondi Beach",-33.8895295,151.2814818,"270 Campbell Parade, North Bondi NSW 2026","ChIJ2VICnnWtEmsR_1XfGoLH9BQ",""
"MMC Slice Shoppe","Marrickville",-33.9028832,151.1656939,"65 Addison Rd, Marrickville NSW 2204","ChIJGxb7CQCxEmsRDAJnL6os4UQ",""
"Neptune’s Grotto","Sydney",-33.863194,151.21097,NA,NA,""
"Attenzione Food & Wine","Redfern",-33.8921908,151.2009308,"180 Redfern St, Redfern NSW 2016","ChIJgX3GyXKxEmsR_a_R62a5dYY",""
"A.P House","Surry Hills",-33.8793612,151.2110565,"L2/80 Commonwealth St, Surry Hills NSW 2010","ChIJhZn8INevEmsRf8uU48OObm0",""
"Appizza","Darlinghurst",-33.8809702,151.2172523,"191-195 Oxford St, Darlinghurst NSW 2010","ChIJB-uMUQCvEmsRcG5vOxaTa04",""
"Good Ways Deli","Redfern",-33.8914606,151.2084053,"Shop 1/20 Cooper St, Redfern NSW 2016","ChIJZS1JehaxEmsR3k_YmJzaKLY",""
"Chatkazz","Harris Park",-33.8217573,151.0084024,"Shop 4-6/14-20 Station St E, Harris Park NSW 2150","ChIJ7UCokSOjEmsRSLSwdXA-B28",""
"Iggy’s Bread","Bronte",-33.9062035,151.2633809,"131 Macpherson St, Bronte NSW 2024","ChIJP1FljXayEmsRDn6qKvVZdXo",""
"Ard Bakery","Stanmore",-33.8914168,151.17047,"2A Stafford St, Stanmore NSW 2048","ChIJ7eIBqSG89EURuEidLdyEi7Q",""
"Malay Chinese Takeaway","Ashfield",-33.8880639,151.1241143,"287 Liverpool Rd, Ashfield NSW 2131","ChIJqXwFFRG7EmsRRqD2XOyRdhU",""
"Ona Coffee","Marrickville",-33.9073486,151.1673365,"58 Smith St, Marrickville NSW 2204","ChIJ9--VtvaxEmsR7dk5e90VOLI",""
"An Restaurant","Bankstown",-33.919214,151.0327219,"27 Greenfield Parade, Bankstown NSW 2200","ChIJvwubCRu8EmsRmUTHT9A2GZE",""
"Olotl","Newtown",-33.8924918,151.1873764,"12 King St, Newtown NSW 2042","ChIJo6UzajSvEmsR2SzmNkuo_ew",""
"Porteno","Surry Hills",-33.8863627,151.2093471,"50 Holt St, Surry Hills NSW 2010","ChIJ44HS0SGuEmsRInL2CuZrSjc",""
"The Bob Hawke Beer & Leisure Centre","Marrickville",-33.9119187,151.1639375,"8-12 Sydney St, Marrickville NSW 2204","ChIJR29nfqaOMkERPeKgEqGXCjU",""
"L'Avant Cave","Paddington",-33.88494,151.2277,NA,NA,""
"Grandfathers","Sydney",-33.867184,151.20775,NA,NA,""
"Earl's Juke Joint","Newtown",-33.9,151.1777778,"407 King St, Newtown NSW 2042","ChIJ8Sa2szewEmsRytNRc0dySwQ",""
"Khanom House","Chippendale",-33.8875432,151.1997896,"15 Meagher St, Chippendale NSW 2008","ChIJq3lnLyOxEmsR6NM1jTTN4qo",""
"Ho Jiak Haymarket","Haymarket",-33.8792386,151.2036662,"92 Hay St, Haymarket NSW 2000","ChIJKWuQkCSuEmsRHNk3-wIWksY",""
"Olympic Meats","Marrickville",-33.9115869,151.1415504,"12 Dudley St, Marrickville NSW 2204","ChIJLyzaWR-xEmsR1jegyeWwwug",""
"Lottie","Redfern",-33.8919317,151.2122744,"Rooftop/8 Baptist St, Redfern NSW 2016","ChIJuaAFkjCxEmsRyOKp18fQI_k",""
"El Primo Sanchez","Surry Hills",-33.8843626,151.2144449,"410 Crown St, Surry Hills NSW 2010","ChIJn_-8ehSuEmsRaYvD1g1nJWg",""
"Firepop","Enmore",-33.8987746,151.1733235,"137 Enmore Rd, Enmore NSW 2042","ChIJxRJaqvevEmsRiaaY-fO56bM",""
"Bills Darlinghurst","Darlinghurst",-33.8786945,151.2226909,"433 Liverpool St, Darlinghurst NSW 2010","ChIJTwxiPQ6uEmsR4k9fETyuHg8",""
"The Bat and Ball Hotel","Redfern",-33.8923259,151.2165149,"495 Cleveland St, Redfern NSW 2016","ChIJ872_GOKxEmsRqe1KZcmpCqg",""
"Kariton Sorbetes","Burwood",-33.879135,151.103,NA,NA,""
"Cafe Paci","Newtown",-33.8932057,151.1837679,"131 King St, Newtown NSW 2042","ChIJ39-uHhSuEmsRM7AE1NF_fK0",""
"Pina","Potts Point",-33.8724136,151.2243411,"shop 4/29 Orwell St, Potts Point NSW 2011","ChIJ_8_5VL2vEmsRrCVPS12fps4",""
"Pilu at Freshwater","Curl Curl",-33.7816101,151.2886732,"Moore Rd, Freshwater NSW 2096","ChIJNZZs6vuqEmsRIgdJuKnANdM",""
"Bentley Restaurant & Bar","Sydney CBD",-33.8656204,151.2087911,"27 O'Connell St, Sydney NSW 2000","ChIJybJExkGuEmsRmpbxj1gH_-U",""
"ANTE","Newtown",-33.8936607,151.1836005,"146 King St, Newtown NSW 2042","ChIJyXxcn_mxEmsR-JrYQXuwX_Y",""
"Chat Thai Haymarket","Haymarket",-33.8790796,151.2063305,"20 Campbell St, Haymarket NSW 2000","ChIJ0U0SOyOuEmsRQjfpMlxhxG8",""
"Flour and Stone Annexe","Woolloomooloo",-33.873561,151.2154123,"53 Riley St, Woolloomooloo NSW 2011","ChIJmxHxbxSuEmsRO46iD58uWdU",""
"Firedoor","Surry Hills",-33.8816018,151.2099232,"23/33 Mary St, Surry Hills NSW 2010","ChIJxbaPgCKuEmsRvVMgpCiKpso",""
"Bar Planet","Newtown",-33.8982604,151.1776339,"16 Enmore Rd, Newtown NSW 2042","ChIJT04JjrqxEmsR7H9g9GpRu-4",""
"Sit","Marrickville",-33.915027,151.1522787,"387 Illawarra Rd, Marrickville NSW 2204","ChIJuyuMcgCxEmsR_mIF3TaLkbk",""
"Clam Bar","Sydney",-33.86319,151.21097,NA,NA,""
"City Oltra","Haymarket",-33.8823042,151.206308,"Shop 11/1 Eddy Ave, Haymarket NSW 2000","ChIJz-it-aevEmsR6GeP82p4vGs",""
"King Clarence","Sydney",-33.868465,151.20512,NA,NA,""
"Cafe Lewi","Lewisham",-33.8937317,151.1472972,"8A Victoria St, Lewisham NSW 2049","ChIJ2_HkhYSxEmsRQ9EY0F2zWuE",""
"Razz Room","Sydney",-33.8680096,151.2061761,"18-20 York St, Sydney NSW 2000","ChIJv6abPumvEmsRAhpT-w9KIN0",""
"Vin-Cenzo’s","Darlinghurst",-33.8769625,151.213694,"174 Liverpool St, Darlinghurst NSW 2010","ChIJEdHHFcyvEmsRsa3Z2VaQQ5M",""
"Single O Cafe and Sideshow","Surry Hills",-33.8810973,151.2096465,"60/64 Reservoir St, Surry Hills NSW 2010","ChIJNUOUhSKuEmsRj2F2Arcx_OQ",""
"Baba’s Place","Marrickville",-33.9113031,151.1665381,"20 Sloane St, Marrickville NSW 2204","ChIJRWOVfL6xEmsRCvQsfA4UpYE",""
"Sixpenny","Stanmore",-33.8925401,151.1647189,"83 Percival Rd, Stanmore NSW 2048","ChIJ4_iJ6D2wEmsR61Bxc38rymI",""
"Ester Restaurant and Bar","Chippendale",-33.8874605,151.2008331,"46-52 Meagher St, Chippendale NSW 2008","ChIJ7WdhetixEmsRzIf7Q-q6ocY",""
"Silver’s Motel","Enmore",-33.8988295,151.1717911,"187 Enmore Rd, Enmore NSW 2042","ChIJR6eVfkWxEmsRbdYR5UEd6Es",""
"Royal Palace Seafood Restaurant","Haymarket",-33.8779247,151.2046542,"393-399 Sussex St, Haymarket NSW 2000","ChIJF6KsZK6vEmsR8N0BG0Bwp3U",""
"Temasek","Parramatta",-33.8138537,151.0065711,"2/100 George St, Parramatta NSW 2150","ChIJ_Ud7KB-jEmsRB2-wZOe25Ws",""
"Marrickville Pork Roll","Marrickville",-33.9107126,151.1558554,"236 Illawarra Rd, Marrickville NSW 2204","ChIJ5cRMbGSwEmsRy6N8Mh5hoZA",""
"The Grifter Brewing Co","Marrickville",-33.9046933,151.1676587,"1/391-397 Enmore Rd, Marrickville NSW 2204","ChIJh9WB20OwEmsRLEqpIKa5olU",""
"Kim’s Korean Deli","Darlinghurst",-33.8789097,151.2192742,"112B Burton St, Darlinghurst NSW 2010","ChIJSST6BUWvEmsRjZ-s3wF3b5E",""
"Bessie's & Alma's","Surry Hills",-33.883396,151.21252,NA,NA,""
"Saint Peter","Paddington",-33.8863741,151.2318567,"161 Underwood St, Paddington NSW 2021","ChIJ9-UbWgauEmsRa9hUtKIjdN4",""
"Valet","Newtown",-33.906008,151.18077,"599 King St, Newtown NSW 2042","ChIJWTYBnhGxEmsR-nDUP0oXc68",""
"Superfreak","Marrickville",-33.9030652,151.1685533,"Shop 2/333a Enmore Rd, Marrickville NSW 2204","ChIJ5aE_qh6xEmsRm3ftL2kcStU",""
"Mensho Tokyo","Sydney",-33.8696428,151.2065571,"2 Temperance Ln, Sydney NSW 2000","ChIJ9-f5iduvEmsRkmdRGkGNCQk",""
"AALIA","Sydney CBD",-33.8680725,151.2093505,"Shop 7.07-7.08/25 Martin Pl, Sydney NSW 2000","ChIJdRmuCG2vEmsRYPe76JjEY5I",""
"Jinius","Dawes Point",-33.8563426,151.2064634,"Shop 8/16 Hickson Rd, Dawes Point NSW 2000","ChIJd1XxrQCvEmsRziTyTY1lGUA",""
"Heaps Normal Health Club","Marrickville",-33.9053279,151.1648079,"Front Glass Doors, 2/10 Brompton St, Marrickville NSW 2204","ChIJBSVQHDixEmsRPpcKJx0mJRI",""
"Jane","Surry Hills",-33.8870599,151.2155031,"478 Bourke St, Surry Hills NSW 2010","ChIJuYrpKvOvEmsRYy6keJHBp2o",""
"Maybe Sammy","The Rocks",-33.8617706,151.2069595,"115 Harrington St, The Rocks NSW 2000","ChIJgf9Tc-CvEmsRTnNt62yljIQ",""
"Chaco Bar","Potts Point",-33.8733655,151.2227684,"186-188 Victoria St, Potts Point NSW 2010","ChIJWSgSRm-vEmsRZtP6rc5dZGc",""
"Letra House","Sydney",-33.8696923,151.2048902,"Rear/344 Kent St, Sydney NSW 2000","ChIJLQLx48SvEmsRLfdpQP1gEu0",""
"The Apollo","Potts Point",-33.8708503,151.2253578,"44 Macleay St, Potts Point NSW 2011","ChIJRdF6BXOuEmsRoh8iEUNUc8g",""
"Flaminia","Sydney",-33.8608335,151.2129078,"61 Macquarie St, Sydney NSW 2000","ChIJh5QS16CvEmsREQICkChgS8o",""
"Mapo Darlinghurst","Darlinghurst",-33.8788233,151.2149982,"72 Oxford St, Darlinghurst NSW 2010","ChIJVeALQwCvEmsRCG6ziNNTTck",""
"Mister Grotto","Newtown",-33.8962391,151.178442,"208 Australia St, Newtown NSW 2042","ChIJ8ytFWvexEmsRhBVWYQMidps",""
"Ursula's Paddington","Paddington",-33.8842847,151.234174,"92 Hargrave St, Paddington NSW 2021","ChIJE1kKAtytEmsRzzk03Ju7sj8",""
"Homer Rogue Taverna","Cronulla",-34.0545302,151.1530817,"3/3 Surf Rd, Cronulla NSW 2230","ChIJ3QP6EQDJEmsR1AhEAjeoMtg",""
"Bronte Road Fish","Waverley",-33.9012174,151.2543482,"282 Bronte Rd, Waverley NSW 2024","ChIJVTFBLzGzEmsRMHKLuwJIJb8",""
"Self Raised Bread Shoppe","Carlton",-33.9714921,151.126723,"45 Jubilee Ave, Carlton NSW 2218","ChIJTQp8JpW5EmsR-5iqyrvMhJg",""
"Cricketers Arms Hotel","Surry Hills",-33.8856798,151.2171869,"106 Fitzroy St, Surry Hills NSW 2010","ChIJrehL8huuEmsRWkDzlrcOgsM",""
"Yellow","Potts Point",-33.868713,151.2254304,"57 Macleay St, Potts Point NSW 2011","ChIJw_Hdg9uvEmsRVXS6zQkbT8A",""
"Olympus","Redfern",-33.8918937,151.2123161,"Wunderlich Lane, 2 Baptist St, Redfern NSW 2016","ChIJGS2igeSxEmsRXFKlDdrnwLs",""
"Sáng by Mabasa","Surry Hills",-33.8855589,151.2169785,"98 Fitzroy St, Surry Hills NSW 2010","ChIJkw4KWYivEmsRH2UuZYRAGMw",""
"Ama","Surry Hills",-33.885846,151.2097047,"Shop 1/47 Cooper St, Surry Hills NSW 2010","ChIJuax32qi7EmsRw4Ow6MUx7P4",""
"PS40","Sydney",-33.8685901,151.204831,"40 King St Enter, 40 Skittle Ln, Sydney NSW 2000","ChIJqcU0ST-uEmsRClU9RTRiAk4",""
"Noon","Manly",-33.7954026,151.2857936,"Shop 1/18 Raglan St, Manly NSW 2095","ChIJtVSWawCrEmsRB6fp97LtiAg",""
"Kosta's Takeaway","Rockdale",-33.9584889,151.1466663,"412 W Botany St, Rockdale NSW 2216","ChIJCV8IAJ23EmsRtEjtCFL-te4",""
"Icebergs Dining Room & Bar","Bondi",-33.89516,151.27435,NA,NA,""
"Ayam Goreng 99","Kingsford",-33.9222335,151.2271146,"464 Anzac Parade, Kingsford NSW 2032","ChIJl-LMKI-xEmsRM5rQ1uUa6lw",""
"Ormeggio at The Spit","Mosman",-33.8042783,151.2458154,"D’Albora Marinas, Spit Rd, Mosman NSW 2088","ChIJSYTyeO-rEmsRwowpfCo8TA8",""
"Cantina OK!","Sydney",-33.8702181,151.2051307,"Council Pl, Sydney NSW 2000","ChIJ-Qt3yf2vEmsRANnmSLtYU0Y",""
"Fratelli Paradiso","Potts Point",-33.86885,151.2251944,"12-16 Challis Ave, Potts Point NSW 2011","ChIJD357yXOuEmsR3SpTZky9cbQ",""
"Sakura House","Barangaroo",-33.8687939,151.2106877,"Basement/82-88 Elizabeth St, Sydney NSW 2000","ChIJU7eHQRGvEmsRaLaTSzP-WCQ",""
"Sushi Oe","Glebe",-33.8738629,151.1912898,"1 Bridge Rd, Glebe NSW 2037","ChIJe6TFU_WvEmsR2ptm4bqWqrQ",""
"Paradise","Potts Point",-33.8739359,151.2250756,"Shop 6C, 11 Ward Ave (The corner of Roslyn St &, Ward Ave, Potts Point NSW 2011","ChIJazQPCKevEmsR-RDm4DFCJdo",""
"Peter","Paddington",-33.8863741,151.2318567,"161 Underwood St, Paddington NSW 2021, Australia","ChIJ9-UbWgauEmsRa9hUtKIjdN4",""
"Porcine","Paddington",-33.8925741,151.2016009,"Level 1/133A Redfern St, Redfern NSW 2016","ChIJg3I1j6yxEmsRtl8MWZ8Qc2k",""
"Eleven Barrack","Sydney CBD",-33.867832,151.2063766,"11 Barrack St, Sydney NSW 2000","ChIJ75OVpwCvEmsR2Y_RmRFh-WM",""
"Bathers' Pavilion Restaurant","Mosman",-33.8224576,151.2509613,"4 The Esplanade, Mosman NSW 2088","ChIJrWOZVwmsEmsRVzH0vuV_tKw",""
"A.P Bread and Wine","Darlinghurst",-33.8781787,151.2150866,"32 Burton St, Darlinghurst NSW 2010","ChIJ13gJmd-vEmsRqxdzZIrPth0",""
"Ho Jiak Townhall","Sydney CBD",-33.8717263,151.2063255,"125 York St, Sydney NSW 2000","ChIJo3Z1GcCvEmsRAFnrNe37zms",""
"Margaret","Double Bay",-33.8768885,151.2414835,"30-36 Bay St, Double Bay NSW 2028","ChIJacdo7XetEmsRL9Qj5RyrpmY",""
"Pilu At Freshwater","Freshwater",-33.7816101,151.2886732,"Moore Rd, Freshwater NSW 2096","ChIJNZZs6vuqEmsRIgdJuKnANdM",""
"Postino Osteria","Summer Hill",-33.8918179,151.1370582,"2 Moonbie St, Summer Hill NSW 2130","ChIJpR3D2DS7EmsR72C9JNci3gU",""
"R by Raita Noda.","Redfern",-33.8918937,151.2123161,NA,NA,""
"The Palomar","Paddington",-33.8818034,151.2192238,"7 Oxford St, Paddington NSW 2021","ChIJUVMQJKCvEmsRFWATZf6JWMs",""
"Pellegrino 2000","Surry Hills",-33.8800003,151.2098913,"80 Campbell St, Surry Hills NSW 2010","ChIJhVuHEsKvEmsR9X3hP8rlqaw",""
"Spice Temple Sydney","Sydney CBD",-33.866019,151.210339,NA,NA,""
"Cibaria","Manly",-33.795526,151.286984,NA,NA,""
"The Grill at The International","Sydney",-33.867884,151.209637,NA,NA,""
"Ragazzi",NA,-33.8669714,151.2081271,"Shop 3/2-12 Angel Pl, Sydney NSW 2000, Australia","ChIJTRnbxc6vEmsRnUOl_URYSvs",""
"Bar Copains","Surry Hills",-33.882972,151.2112574,"67 Albion St, Surry Hills NSW 2010","ChIJL2ohyCSvEmsRStNk2nbS34Q",""
"Cho Cho San","Potts Point",-33.869544,151.225318,"73 Macleay St, Potts Point NSW 2011","ChIJK30OsXOuEmsRUFqrA4_uz5M",""
"Cafe Sydney","Sydney",-33.862079,151.2108919,"Level 5 Customs House, 31 Alfred St, Sydney NSW 2000","ChIJOahrAxKuEmsRiJOniUNkOZY",""
"LuMi Bar & Dining","Pyrmont",-33.8668159,151.1973855,"56 Pirrama Rd, Pyrmont NSW 2009","ChIJDZzo5DeuEmsRsi1wzrIp6HY",""
"Rockpool Bar & Grill Sydney","Sydney CBD",-33.865981,151.210341,NA,NA,""
"Shell House The Dining Room & Terrace","Sydney CBD",-33.8651655,151.2067183,"37 Margaret St, Sydney NSW 2000","ChIJNT38zwmvEmsRiZHInwB-M60",""
"Rafi","North Sydney",-33.839201,151.2082914,"99 Mount St, North Sydney NSW 2060","ChIJL0n-6LGvEmsRemoEcdLA__0",""
"Mr Wong","Sydney CBD",-33.8640567,151.2078521,"3 Bridge Ln, Sydney NSW 2000","ChIJT2CGg0GuEmsRYLRNCFoOvv4",""
"Continental Deli Bar Bistro","Newtown",-33.8963062,151.1784181,"210 Australia St, Newtown NSW 2042","ChIJ-wMzqt-xEmsRbT8L4biV4VU",""
"Arthur","Surry Hills",-33.8889762,151.2154446,"544 Bourke St, Surry Hills NSW 2010","ChIJ6fJJ3u2vEmsRi-H4S6idSD4",""
"10 William Street","Paddington",-33.8858333,151.2291667,"10 William St, Paddington NSW 2021","ChIJoevFaQauEmsRLhSy9vIj42U",""
"The Gidley","Sydney",-33.869242,151.210079,NA,NA,""
"ARIA Sydney","Circular Quay",-33.8592041,151.2132635,"1 Macquarie St, Sydney NSW 2000","ChIJdxxU1WeuEmsR11c4fswX-Io",""
"Totti's",NA,-33.8948987,151.2687898,"283 Bondi Rd, Bondi NSW 2026","ChIJFY04IkatEmsRWkTe5CeoRug",""
"Berts","Newport",-33.6605504,151.3089195,"2 Kalinya St, Newport NSW 2106","ChIJVVUVhFxTDWsRPqnX8llgzPw",""
"Fred's","Paddington",-33.8867589,151.2300262,"380 Oxford St, Paddington NSW 2021","ChIJcXPvVgauEmsROKSf9H1Spbg",""
"Mimi's","Coogee",-33.9184725,151.2583183,"130a Beach St, Coogee NSW 2034","ChIJ2xppX4OzEmsRWkr0dub5BV4",""
"a'Mare","Sydney CBD",-33.8621372,151.2010033,"Level 1/1 Barangaroo Ave, Barangaroo NSW 2000","ChIJLRSkPlqvEmsRcqmJ0Iep29U",""
"Catalina Restaurant","Rose Bay",-33.871958,151.264334,NA,NA,""
"Allta","Sydney CBD",-33.8810027,151.209529,"Tenancy 1/52 Reservoir St, Surry Hills NSW 2010","ChIJ6y1WMfivEmsRsWkAhTwELQs",""
"Infinity by Mark Best","Sydney",-33.8704147,151.2089691,"Westfield Sydney, Level 4/108 Market St, Sydney NSW 2000, Australia","ChIJK4Tktz-uEmsR4wAu4Lf6dCg",""
"The Clareville","Clareville",-33.634549,151.313167,"27 Delecta Ave, Clareville NSW 2107","ChIJVy6S139TDWsRl61lEiPcLMU",""
"Gran Torino","Double Bay",-33.877412,151.2413795,"24 Bay St, Double Bay NSW 2028","ChIJj8YAb4OtEmsR42NfntR9w2Y",""
"Young’s Palace","Potts Point",-33.8744121,151.2238841,"1 Kellett St, Potts Point NSW 2011","ChIJJzqOBACvEmsRhM2E2jPg15k",""
"Yoshii’s Omakase","Barangaroo",-33.8620986,151.2010803,NA,NA,""
"Rovollo","Sydney",-33.8683054,151.2093149,"Tenancy 7.11/25 Martin Pl, Sydney NSW 2000, Australia","ChIJN3Lxsa2vEmsR0TqyGPzaKJA",""
"Berowra Waters Inn","Berowra Waters",-33.595391,151.1218426,"1 Calabash Point, Berowra Waters NSW 2159","ChIJu3BYPwtaDWsRH1J358Q-LkE",""
"Megalong Restaurant","Megalong Valley",-33.7002846,150.2516901,NA,NA,""
"Muse Restaurant","Pokolbin",-32.777676,151.3363545,NA,NA,""
"Nel Restaurant","Sydney CBD",-33.8793573,151.2093682,"75 Wentworth Ave, Sydney NSW 2000","ChIJHeRDsiKuEmsR5U0gev95ogM",""
"EXP Restaurant","Pokolbin",-32.7796379,151.3100845,NA,NA,""
"Oborozuki","Sydney CBD",-33.861272,151.212847,"Level 3/71 Macquarie St, Sydney NSW 2000","ChIJHyGPjRyvEmsRPfgwWtaxrmQ",""
"Arrana","Springwood",-33.698925,150.5676574,"Shops9/12 125 Macquarie Rd, Springwood NSW 2777","ChIJlb10Lvh9EmsROQ1jAwD9fH8",""
"Mimosa Wines Restaurant","Bermagui",-36.5390190398377,150.031270980835,NA,NA,""
"AMARA","Bowen Mountain",-33.5825693,150.6334308,"70 Grandview Ln, Bowen Mountain NSW 2753","ChIJ9SupbIaBEmsRr2meLhFN78Y",""
"Kuro Bar & Dining","Sydney CBD",-33.870377,151.2049956,"368 Kent St, Sydney NSW 2000","ChIJe99Rsi2vEmsRRqTZBHeXRQM",""
"Raes Dining Room","Byron Bay",-28.636759,153.634094,NA,NA,""
"Haco","Sydney CBD",-33.8778855,151.2104348,"102/21 Alberta St, Sydney NSW 2000","ChIJqeun5j2vEmsRRB4gf878d_w",""
"Allta","Surry Hills",-33.8810027,151.209529,"Tenancy 1/52 Reservoir St, Surry Hills NSW 2010","ChIJ6y1WMfivEmsRsWkAhTwELQs",""
"The Flotilla","Newcastle City",-32.918403,151.7581191,NA,NA,""
"Atelier By Sofitel","Sydney CBD",-33.8726604,151.1985814,"Sofitel Sydney Darling Harbour, Level 3/12 Darling Dr, Sydney NSW 2000","ChIJDVs_VTeuEmsR6t6xglfviik",""
"White Horse","Surry Hills",-33.8853965,151.2138641,"381 Crown St, Surry Hills NSW 2010","ChIJ75-1BwCvEmsRdwPXo6alBO4",""
"Margan Restaurant","Broke",-32.7531454365934,151.094725722034,NA,NA,""
"Franca Brasserie","Potts Point",-33.8702612,151.2249714,"Shop 2/81 Macleay St, Potts Point NSW 2011","ChIJ04zmvpavEmsR4OfDMM2unj8",""
"Restaurant Moon","Darlinghurst",-33.8783434,151.222692,"346 Liverpool St, Darlinghurst NSW 2010","ChIJ8UBCFw6uEmsR916mncS6XBU",""
"Restaurant Garaku","Sydney CBD",-33.8720856,151.2041883,NA,NA,""
"Bistro Livi","Murwillumbah",-28.327093,153.3953361,NA,NA,""
"Civico 47","Paddington",-33.8848928,151.2329103,"47 Windsor St, Paddington NSW 2021","ChIJcWLczsKvEmsRIvV1ijTLfVg",""
"Darleys","Katoomba",-33.7294743689358,150.310469061516,NA,NA,""
"Restaurant Ka","Darlinghurst",-33.8783884,151.2151252,"13B Burton St, Darlinghurst NSW 2010","ChIJl6Y_BSCvEmsRRaVJiaHzb9E",""
"Ruby's Mount Kembla","Mount Kembla",-34.4294432433172,150.808145999908,NA,NA,""
"Tweed River House","Murwillumbah",-28.3379911,153.3994362,NA,NA,""
"Gildas","Surry Hills",-33.882269,151.2102684,"46-48 Albion St, Surry Hills NSW 2010","ChIJzx42S62vEmsRnYOVsMVc2XM",""
"Printhie Dining","Nashdale",-33.3117328,149.0088055,NA,NA,""
"Sushi Oe","Cammeray",-33.8738629,151.1912898,"1 Bridge Rd, Glebe NSW 2037","ChIJe6TFU_WvEmsR2ptm4bqWqrQ",""
"Matkim","Sydney CBD",-33.8621757,151.20815,"shop CQT7/180 George St, Sydney NSW 2000","ChIJNxByOEKuEmsRsaui_edFBt0",""
"Eschalot","Berrima",-34.4874330218704,150.336914245369,NA,NA,""
"Lana","Sydney CBD",-33.8625166,151.2109494,"Level 1/5-7 Young St, Sydney NSW 2000","ChIJy5rTDTavEmsRMzWjIWyf0yw",""
"Prefecture 48","East Sydney",-33.8720856,151.2041883,"230 Sussex St, Sydney NSW 2000","ChIJf-fxXJ-vEmsRyeERVTBwkhk",""
"Sydney Common","East Sydney",-33.8715478,151.20971,"161 Elizabeth St, Sydney NSW 2000","ChIJc0mMtOavEmsRDppT8X7Muus",""
"The Dining Room by James Viles","The Rocks",-33.8562134,151.208984,"7 Hickson Rd, The Rocks NSW 2000","ChIJIYDNhV2uEmsRuzuwI7S9FVQ",""
"Chez Beckett's","Chippendale",-33.8848022,151.2015648,"Spice Alley, 3 Kensington St, Chippendale NSW 2008","ChIJvxW5JyuuEmsRHAN0tXXO6YQ",""
"River - Wild at Heart","Brunswick Heads",-28.5397242,153.5511276,NA,NA,""
"Paste Australia","Mittagong",-34.4510275,150.4474434,NA,NA,""
"Bastardo","Surry Hills",-33.8863254,151.2094246,NA,NA,""
"Armorica","Surry Hills",-33.8867245,151.2139825,NA,NA,""
"Zin Food + Wine House","Mudgee",-32.5564493,149.5890177,NA,NA,""
"Bar Infinita","Gordon",-33.7564299,151.1536629,"10 St Johns Ave, Gordon NSW 2072","ChIJ9x7EcwCpEmsReJVJflexHss",""
"Bistro Molines","Mount View",-32.8486001194279,151.293577551842,NA,NA,""
"Restaurant Hubert","Sydney CBD",-33.8651304,151.2104197,"15 Bligh St, Sydney NSW 2000","ChIJF5-RdGquEmsR5rN_H74uSqQ",""
"Kisuke","Potts Point",-33.8730977,151.2243906,"50 Llankelly Pl, Potts Point NSW 2011","ChIJcxSDbXOvEmsRnkz8i0YKCJ8",""
"Dorsia","Byron Bay",-28.6469324,153.6130492,NA,NA,""
"Kindred","Darlington",-33.8885437,151.1977255,"137 Cleveland St, Darlington NSW 2008","ChIJ_XvwnNexEmsRnlHERcORjl8",""
"Henrys Neutral Bay","Neutral Bay",-33.8297547,151.2206811,"2/19-25 Grosvenor St, Neutral Bay NSW 2089","ChIJD_LyDfyvEmsRcc0IFIIiOsY",""
"Palazzo Salato","East Sydney",-33.8697461,151.2051313,"201/203 Clarence St, Sydney NSW 2000","ChIJEamSx42vEmsRt_F2c9OX8HQ",""
"Toki Bistro & Bar","North Sydney",-33.8375376,151.2065787,"T23,24/100 Miller St, North Sydney NSW 2060","ChIJ41EaRo-vEmsRqR3piYV9DUo",""
"Bar Heather","Byron Bay",-28.6419122,153.6105168,NA,NA,""
"The Cowrie Restaurant","Terrigal",-33.4516258,151.4406433,"109 Scenic Hwy, Terrigal NSW 2260","ChIJL-7E4eDJcmsRLg2H1xvuF74",""
"Ennui","Haymarket",-33.8801058,151.2067082,"461 Pitt St, Haymarket NSW 2000","ChIJI00hr-SvEmsRYXvU0FJ63Dk",""
"Kuon Omakase","Haymarket",-33.8784999,151.2026533,"Shop NE 20/2 Little Hay St, Sydney NSW 2000","ChIJ3bozXKOvEmsR1Eq61IUEqJM",""
"Morena","East Sydney",-33.8675318,151.2073445,"Sydney GPO, 1 Martin Pl, Sydney NSW 2000","ChIJ6QC9-D6vEmsRdmSL4SpSYDg",""
"No 92 Wine Bar and Restaurant","Glebe",-33.882157,151.189517,"92 Glebe Point Rd, Glebe NSW 2037","ChIJYZggnx2vEmsRr0kLPfa_3AY",""
"The Charles","East Sydney",-33.8685174,151.2063034,"66 King St, Sydney NSW 2000","ChIJt7IJiGmvEmsRF8UEg8EEtyM",""
"Restaurant Santino","Wollongong",-34.4253404,150.8937718,NA,NA,""
"Nour","Surry Hills",-33.8867209,151.2138665,"3/490 Crown St, Surry Hills NSW 2010","ChIJJVDZ3B6uEmsRh5d3g-9xJio",""
"Coya Sydney","St Leonards",-33.8243323,151.198018,"567 Pacific Hwy, St Leonards NSW 2065","ChIJzbWM5oBVDWsRWSU9R-jyBtk",""
"Paper Daisy","Cabarita Beach",-28.3306212,153.5701392,NA,NA,""
"Restaurant Botanica","Pokolbin",-32.696387,151.261723,NA,NA,""
"Viand","Woolloomooloo",-33.8727104,151.2164045,"41 Crown St, Woolloomooloo NSW 2011","ChIJjS6fszivEmsRXTBUneSItF0",""
"Besuto","Sydney CBD",-33.8625277,151.2084986,"3 Underwood St, Sydney NSW 2000","ChIJhTFnUjivEmsRkPm8mVZwNpY",""
"Quoi Dining","Baulkham Hills",-33.7320351,150.9646104,"Unit 6/8 Century Cct, Baulkham Hills NSW 2153","ChIJJTzSn-WhEmsRQRz4kENLlPE",""
"The Wintergarden","Medlow Bath",-33.6758912063711,150.280796440445,NA,NA,""
"CRICCA","Windsor",-33.6057879,150.821589,"shop 1/135 George St, Windsor NSW 2756","ChIJd93b3IhjDWsRz_4gdH2WdVI",""
"Shelter","Lennox Head",-28.7896442,153.5931128,NA,NA,""
"L'Heritage","Mosman",-33.8389718,151.2552202,"7b Chowder Bay Rd, Mosman NSW 2088","ChIJqR6KV8qtEmsRKegLo9CUTl8",""
"Infinity at Sydney Tower","Sydney CBD",-33.870332,151.2089688,NA,NA,""
"Frida’s Field","Nashua",-28.721344,153.4647803,NA,NA,""
"Nomad Sydney","Surry Hills",-33.8799057,151.2103612,"16 Foster St, Surry Hills NSW 2010","ChIJVyiVBxiuEmsRvRl_kNMT5-A",""
"Carte","Glebe",-33.8841196,151.1921569,"18 Glebe Point Rd, Glebe NSW 2037","ChIJEY_huAivEmsRJv-zO6-XGcE",""
"The Botanica Vaucluse","Vaucluse",-33.8590724,151.2798324,"2 Laguna St, Vaucluse NSW 2030","ChIJWXP4evisEmsRU1y8HMdWGDE",""
"Kiln","Sydney CBD",-33.8788571,151.209904,"Level 18/53 Wentworth Ave, Sydney NSW 2000","ChIJ5cqf0LavEmsRgYffN6rZabM",""
"Figo Restaurant & Bar","Rushcutters Bay",-33.8759092,151.2257787,"3/56-60A Bayswater Rd, Rushcutters Bay NSW 2011","ChIJz-SDJoivEmsRLgRBdlFhUTg",""
"Fior","Gymea",-34.0328917,151.0857306,"756 Kingsway, Gymea NSW 2227","ChIJI_Nu9WDHEmsR9uxwQ8PIs-s",""
"Grazing","Gundaroo",-35.0266331785309,149.26534530423,NA,NA,""
"Otto Ristorante Sydney","Woolloomooloo",-33.8679993,151.2205922,"Area 8, 6 Cowper Wharf Roadway, Woolloomooloo NSW 2011","ChIJRy5QoG2uEmsRPW4aI73acb8",""
"Brasserie 1930","Sydney CBD",-33.8641373,151.2106623,"Shop 2/4 Farrer Pl, Sydney NSW 2000","ChIJNRzIbxOvEmsRdH9TPRyAt5w",""
"SOUL Dining","Surry Hills",-33.8663322,151.2065264,"2/50 Carrington St, Sydney NSW 2000","ChIJe36KLl6vEmsRoMBovmRN-zc",""
"The Blue Door","Surry Hills",-33.8867576,151.2103627,"8/38 Waterloo St, Surry Hills NSW 2010","ChIJyS2LpM2vEmsRc2S6o_BcRdo",""
"The Hut Byron Bay","Possum Creek",-28.6710691,153.4918725,NA,NA,""
"Bangalay Dining","Shoalhaven Heads",-34.8507045592698,150.748473214017,NA,NA,""
"Annata","St Leonards",-33.8218488,151.1984118,"66 Chandos St, St Leonards NSW 2065","ChIJA4s6j8KuEmsRELb0VjeEbKI",""
"The Stunned Mullet","Port Macquarie",-31.4308236273959,152.921662330627,NA,NA,""
"Oribu","Parramatta",-33.8140968,151.0028569,"215 Church St, Parramatta NSW 2150","ChIJwzVq-LijEmsRVG_98YR6Ctk",""
"Hunters Quarter","Pokolbin",-32.7929703495563,151.29148284903,NA,NA,""
"Potager","Carool",-28.2276832238722,153.420088608398,NA,NA,""
"Bistro Moncur Woollahra","Woollahra",-33.8883333,151.2369444,"116A Queen St, Woollahra NSW 2025","ChIJJz0g-fytEmsRBe8cMImDNt0",""
"Bar Lettera","North Sydney",-33.8383374,151.2087624,"Level 5/88 Walker St, North Sydney NSW 2060","ChIJY5eFlAivEmsRbue4xGD9eZ4",""
"BTWN","Sydney CBD",-33.8736234,151.201593,"31 Wheat Rd, Sydney NSW 2000","ChIJRwODNRSvEmsRcNR5i8b1m3U",""
"Clarence and V","Sydney CBD",-33.8693528,151.2051536,"2/191 Clarence St, Sydney NSW 2000","ChIJzcA35cyvEmsRnMiHvvGfn8o",""
"Bull & Bell Steakhouse Restaurant","Griffith",-34.2879392,146.0485156,NA,NA,""
"The River Moruya","Moruya",-35.9090525,150.0801467,NA,NA,""
"Restaurant Leo","Sydney CBD",-33.8669213,151.2076879,"1/2-12 Angel Pl, Sydney NSW 2000","ChIJdUQVmkivEmsR17LsrDLkE8w",""
"Midden by Mark Olive","Bennelong Point",-33.8570618,151.2146531,"Western Broadwalk Sydney Opera House Sydney, Bennelong Point NSW 2000","ChIJda0Zi6-vEmsRxpgmepbRKdI",""
"Roundhouse","Newcastle City",-32.9277386,151.7728762,NA,NA,""
"The Milton Hotel","Milton",-35.3163122,150.4360613,NA,NA,""
"Osteria Mucca","Newtown",-33.8963364,151.1784475,"212 Australia St, Newtown NSW 2042","ChIJ6w4blf-xEmsRWLJhKdgfMVw",""
"Fins Restaurant","Kingscliff",-28.276319,153.577114,NA,NA,""
"Hustlers. Syd","Sydney CBD",-33.8682265,151.2061216,"LG/24 York St, Sydney NSW 2000","ChIJK2AbsHuvEmsRn_2kVh8Sv5w",""
"K.malu Kitchen and Bar","Wollongong",-34.4220254,150.8934453,NA,NA,""
"Beach Byron Bay","Byron Bay",-28.6423656180649,153.622491359711,NA,NA,""
"Silvester's Restaurant & Lounge","Circular Quay",-33.8626804,151.2092955,"1 Bulletin Pl, Sydney NSW 2000","ChIJC-dWE0KuEmsRkc4KvtG2rx8",""
"Ibushi Robata Grill","Sydney CBD",-33.8720856,151.2041883,NA,NA,""
"Woodcut","Barangaroo",-33.8626798,151.2011949,"Level 1/1 Barangaroo Ave, Barangaroo NSW 2000","ChIJ0ZcWNCSvEmsRUn0P-i2A8No",""
"Takam","Darlinghurst",-33.877065,151.2219388,"324 Victoria St, Darlinghurst NSW 2010","ChIJtxmwbzyvEmsRn7F021ZP2qA",""
"Mode Kitchen & Bar","Sydney CBD",-33.8615018,151.2077,"Ground Floor, 199 George St, The Rocks NSW 2000","ChIJL2r6S0KuEmsRxzk0sfWZYnU",""
"Ito Restaurant","Surry Hills",-33.8862901,151.2135605,"413-415 Crown St, Surry Hills NSW 2010","ChIJySQGUnKvEmsRevMOAiXn9IE",""
"Bills Fishhouse + Bar","Port Macquarie",-31.4291905637363,152.910567903519,NA,NA,""
"Lilymu","Parramatta",-33.8158238,151.0051138,"3 Parramatta Square, T3.02 + 3.03/153 Macquarie St, Parramatta NSW 2150","ChIJ8W1I4PWjEmsRd4yN-Nc69OM",""
"Stonefruit","Tenterfield",-29.0556476,152.0185776,NA,NA,""
"Kazan Dining","Sydney CBD",-33.8677583,151.2105945,NA,NA,""
"Baraka","Lennox Head",-28.7942903,153.5935949,NA,NA,""
"S’more","Castlecrag",-33.802247,151.2119631,"79 Edinburgh Rd, Castlecrag NSW 2068","ChIJxdEfm5ypEmsRjiyHOBUBSRw",""
"The Dry Dock Public House and Dining Room","Balmain",-33.8548209,151.1826556,"The Dry Dock, 22 Cameron St, Balmain NSW 2041","ChIJLZs8yLOvEmsRYCrcSyaoTGU",""
"The Gunyah","Huskisson",-35.0062857316208,150.649257302284,NA,NA,""
"Amuro","Darlinghurst",-33.8798597,151.2148073,"2/255 Crown St, Darlinghurst NSW 2010","ChIJmf7Y_nGvEmsRYt0YvxmAXg8",""
"Tonic","Millthorpe",-33.4465203375582,149.184189974205,NA,NA,""
"Cottage Point Inn","Cottage Point",-33.615532,151.204893,"2 Anderson Pl, Cottage Point NSW 2084","ChIJBd3blBNRDWsRa8J2M2B6cfw",""
"Maiz Mexican Street Food","Newtown",-33.898201,151.1768099,"33 Enmore Rd, Newtown NSW 2042","ChIJDebMeKCxEmsRg0pDMVnGHHE",""
"Public Dining Room","Balmoral Beach",-33.8276193,151.2524071,"2A The Esplanade, Mosman NSW 2088","ChIJISxGwg2sEmsR70ZnrgFLFKg",""
"Urban Tadka","Terrey Hills",-33.6977928,151.2168411,"321 Mona Vale Rd, Terrey Hills NSW 2084","ChIJEU_u-2VWDWsRogQ3FYqh5ik",""
"Taverna","Kingscliff",-28.257367,153.5801973,NA,NA,""
"Blaq","Blackheath",-33.6493701,150.2872652,NA,NA,""
"Pipeclay Pumphouse","Mudgee",-32.5340331785003,149.662150785844,NA,NA,""
"Magpies Nest","Wagga Wagga",-35.0812891,147.3453566,NA,NA,""
"You Beauty","Bangalow",-28.6862794580369,153.524732304299,NA,NA,""
"HUMBUG","Newcastle City",-32.9275798,151.7825606,NA,NA,""
"Shaffa","Surry Hills",-33.8828131,151.2114053,"80 Albion St, Surry Hills NSW 2010","ChIJ3XzmZHSvEmsRu8nTWpJFue8",""
"Tempus Katoomba","Katoomba",-33.713522,150.3120791,NA,NA,""
"Esteban","Sydney CBD",-33.8696141,151.2065551,"1 Temperance Ln, Sydney NSW 2000","ChIJY8CFEVqvEmsROwc8OdA6bEk",""
"Wagyuto","Clovelly",-33.9119714,151.2583045,"309 Clovelly Rd, Clovelly NSW 2031","ChIJkzmxjD2zEmsRyL-YCIUYhWk",""
"Sails on Lavender Bay","McMahons Point",-33.8485477,151.2061677,"2 Henry Lawson Ave, McMahons Point NSW 2060","ChIJx4Z2al-uEmsRKeI2g6k6uIY",""
"Glasshouse Restaurant at Goonoo Goonoo Station","Tamworth",-31.277641,150.9066881,NA,NA,""
"20 Chapel","Marrickville",-33.9081969,151.1658036,"20 Chapel St, Marrickville NSW 2204","ChIJW9w0eACxEmsRL9gdfJ-NDlc",""
"Lucetta Dining","Orange",-33.2842828,149.1008355,NA,NA,""
"Loulou Bistro","Milsons Point",-33.8436731,151.20995,"61 Lavender St, Milsons Point NSW 2061","ChIJ-2nhVT-vEmsRnIpRFqTEJt4",""
"Bistro Bondi","Bondi Beach",-33.8856931,151.2731344,"Shop 4/17 Warners Ave, Bondi Beach NSW 2026","ChIJDY0JEU-tEmsRJxuNTUPM49c",""
"Antica Dining","North Sydney",-33.8349463,151.2073,"196 Miller St, North Sydney NSW 2060","ChIJm0dxG6SvEmsRMEplJTyHQdw",""
"Osteria Coogee","Coogee",-33.9202552,151.2560592,"31 Alfreda St, Coogee NSW 2034","ChIJAwtntZ6zEmsRYIjXbdlQ6K4",""
"Toei","Surry Hills",-33.8811168,151.2158962,"shop 1 & 2/185 Campbell St, Surry Hills NSW 2010","ChIJHxCtsYavEmsRbcdQFnk3xy0",""
"Newmarket Room","Warwick Farm",-33.9096573,150.9451583,"155 Gov Macquarie Dr, Warwick Farm NSW 2170","ChIJ-8b0rfCVEmsRnO1IUEjCXzw",""
"Abhi's","North Strathfield",-33.858012,151.092446,"163 Concord Rd, North Strathfield NSW 2137","ChIJz8xJFdWkEmsRQrebTzSXR64",""
"Bistro Rex","Potts Point",-33.8717141,151.2252005,"Shop 1, 50/58 Macleay St, Potts Point NSW 2011","ChIJ16MQahuvEmsRnqEQ8r_fxV0",""
"Little Miss","Terrigal",-33.4486885,151.4464044,NA,NA,""
"Bistro Penny","Newcastle City",-32.9270835,151.7831513,NA,NA,""
"Sala","Pyrmont",-33.8627372,151.1950493,"26-32 Pirrama Road Lower Deck Jones Bay Wharf, Suite 62-64, Pyrmont NSW 2009","ChIJc3UoDJ-vEmsRcd7tKgoKK3k",""
"Vineria Luisa","Enmore",-33.898695,151.1733588,"135 Enmore Rd, Enmore NSW 2042","ChIJRXhg6gKxEmsRFo0DA3qjx84",""
"Poly","Surry Hills",-33.8791576,151.2110326,"74-76 Commonwealth St, Surry Hills NSW 2010","ChIJockdFKCvEmsRvqCjlFT4W6M",""
"eRemo Restaurant","Pokolbin",-32.7755449503881,151.282479870453,NA,NA,""
"Bistro George","Sydney CBD",-33.8618074,151.2081456,"level 1/176 George St, Sydney NSW 2000","ChIJgz9cyLOvEmsRkIYodrkXkwc",""
"Meribella","Terrigal",-33.4481334750269,151.445310560913,NA,NA,""
"Sella Vinoteca","Randwick",-33.9215634,151.2378839,"Shop 6/162-164 Barker St, Randwick NSW 2031","ChIJ55lhxiazEmsRdMRG3xrGiaA",""
"Maydanoz","Sydney CBD",-33.8662062,151.20647,NA,NA,""
"Entrata","Glenhaven",-33.693873,150.9752453,"143 Glenhaven Rd, Glenhaven NSW 2156","ChIJE-SdjTigEmsRNdTQaR953tM",""
"Sinclair’s","Penrith",-33.7474092,150.6824802,"Level 1/20 Memorial Ave, Penrith NSW 2750","ChIJOc4ADBCFEmsRiMhsfNimICA",""
"The Restaurant Pendolino","Sydney CBD",-33.8694151,151.2071166,"Shop 100/412/414 George St, Sydney NSW 2000","ChIJL1zhdD-uEmsRgDPXKOx1JyU",""
"Ates Blackheath","Blackheath",-33.6365362,150.286594,NA,NA,""
"Tanuki Restaurant Sydney","Double Bay",-33.8775033,151.2417795,"37 Bay St, Double Bay NSW 2028","ChIJF6MFvsStEmsRniQ7NgKgZ38",""
"Epula","Sydney CBD",-33.8682108,151.2079675,NA,NA,""
"Seven Spices","Lane Cove",-33.8143463,151.1689968,"Shop 7 23-25 Burns Bay Rd, Above Cake Man shop, Behind GYG, Lane Cove NSW 2066","ChIJGUBsSkavEmsRnsSN3V3xe4Y",""
"Jonah's","Whale Beach",-33.6072655,151.3295232,"69 Bynya Rd, Palm Beach NSW 2108","ChIJK_oJd_GzEmsRnAc-uz6u26E",""
"Sonora","Potts Point",-33.8953134,151.1780325,"182-184 Australia St, Newtown NSW 2042","ChIJHVpoXJCvEmsReiufF6DOyHM",""
"Table Manners","Bronte",-33.9053327,151.2590415,"56-60 Macpherson St, Bronte NSW 2024","ChIJF9TzCQSzEmsRrcZVZHShwj0",""
"Osteria di Russo & Russo","Enmore",-33.8990104,151.1730886,"158 Enmore Rd, Enmore NSW 2042","ChIJc3jHXDiwEmsR5WHChbJsq04",""
"Tower Lodge","Pokolbin",-32.7767369,151.3150657,NA,NA,""
"Poetica Bar & Grill","North Sydney",-33.8382023,151.2080386,"Mezzanine Level/1 Denison St, North Sydney NSW 2060","ChIJN9d75kGvEmsRX2pEyGE6hoM",""
"SOUTH on Albany","Berry",-34.7748666161458,150.694321866236,NA,NA,""
"Bar Lina","Wollongong",-34.4255176,150.8942386,NA,NA,""
"L'isle de France Terrigal","Terrigal",-33.4429035,151.4413585,NA,NA,""
"Papalote Mexican","Newcastle City",-32.9275191,151.7597112,NA,NA,""
"Sokyo","Pyrmont",-33.8695336,151.1958844,"Level G, The Darling, 80 Pyrmont St, Pyrmont NSW 2009","ChIJq6qq6jauEmsRAnuISz-f1ig",""
"Amanda's on the Edge","Pokolbin",-32.7216057226322,151.319235563278,NA,NA,""
"Boydell's Cellar Door & Restaurant","Morpeth",-32.7256016,151.6243814,NA,NA,""
"Good for a first date","Darlinghurst",-33.8787761,151.2184755,"252 Forbes St, Darlinghurst NSW 2010, Australia","ChIJCwwMAhGuEmsR6AA8IkWTiEc",""
"Meet Taiwan","Bexley",-33.9488361,151.1281395,"1 Harrow Rd, Bexley NSW 2207","ChIJWWsMOW65EmsRl6M8VbJLuW8",""
"My Father’s Yeeros","Ramsgate Beach",-33.9857678,151.1442326,"187 Ramsgate Rd, Ramsgate Beach NSW 2217","ChIJ998jJAK3EmsRe5YXFHJgT_k",""
"Pizza’Mare","Barangaroo",-33.8624998,151.2010828,"a'Mare Sydney, Level 1M/1 Barangaroo Ave, Barangaroo NSW 2000","ChIJbeKxkXivEmsRXIyeOEGA0d8",""
"Claret Club","Darlinghurst",-33.8759261,151.215401,"77 Stanley St, Darlinghurst NSW 2010","ChIJAyBck76vEmsR02GhXxd9FAs",""
"Hendrix Coffee Co","Cronulla",-34.0572487,151.1521776,"1/150 Cronulla St, Cronulla NSW 2230","ChIJUdVUaXbJEmsRSjRY22YlwFI",""
"Community hub","Surry Hills",-33.885961,151.213642,"level 1/405 Crown St, Surry Hills NSW 2010","ChIJb85H2R6uEmsR8IKJRzJAMsw",""
"Alchemy572","Surry Hills",-33.889188,151.213492,"572 Crown St, Surry Hills NSW 2010","ChIJA0PHNR6uEmsRUY1MFng6zLU",""
"Tam Jiak","Glebe",-33.8750293,151.1896117,"shop E1A/1 Bridge Rd, Glebe NSW 2037","ChIJOwngGQCvEmsRwzM8FY4H4VU",""
"Late-night dining","Punchbowl",-33.9256327,151.0552821,"275 The Boulevarde, Punchbowl NSW 2196, Australia","ChIJ8dkorru7EmsRJ6cs2sjngJs",""
"Iftar","Merrylands",-33.8354573,150.9873879,"Main Ln, Merrylands NSW 2160","ChIJI0WyfIC9EmsRBOCBZ1N2Fck",""
"Jicca Dining","Neutral Bay",-33.8308291,151.2199271,"1/99 Military Rd, Neutral Bay NSW 2089","ChIJZ6L7mI-vEmsRnEmn6FFIxEI",""
"Mary’s Hot Pizza","Moore Park",-33.8941561,151.2251943,"Errol Flynn Blvd, Moore Park NSW 2021","ChIJC-SlGgCxEmsRlWoYrKNmyQ8",""
"Arno Deli","Newcastle",-32.9271627,151.7767829,"179/181 King St, Newcastle NSW 2300, Australia","ChIJbwQ6T48Vc2sRkFljQMH1_j0",""
"Blessed Fruit Pies","North Sydney",-33.8393803,151.2068845,"103 Miller St, North Sydney NSW 2060","ChIJafMfON-pEmsR3q1g7NJZbIY",""
"Tina & Po","Canley Vale",-33.8868338,150.9427289,"Shop 4/17 Canley Vale Rd, Canley Vale NSW 2166","ChIJsZNjRHeXEmsR1vwyaJmK8JI",""
"Bar Julius","Redfern",-33.8922423,151.2121891,"6 Baptist St, Redfern NSW 2016","ChIJ7Re9xi6xEmsRk1OBbHv4lKk",""
"The Beekeeper","Bondi Beach",-33.8900815,151.2726241,"45 Hall St, Bondi Beach NSW 2026","ChIJF7t5SN-tEmsR6xDfJr2XU5w",""
"Hamsi Taverna","Glebe",-33.8745783,151.1893144,"Shop E1B/1 Bridge Rd, Glebe NSW 2037","ChIJM_vUtOGvEmsRkH5996Smw7Q",""
"Blue Heaven","Hurstville",-33.9674027,151.1042491,"238 Forest Rd, Hurstville NSW 2220","ChIJJSVnWgC5EmsRh--qYR1-GEI",""
"Ard","Stanmore",-33.8914168,151.17047,"2A Stafford St, Stanmore NSW 2048","ChIJ7eIBqSG89EURuEidLdyEi7Q",""
"Saigon Things","Strathfield",-33.8744721,151.0936113,"28/45-47 The Boulevarde, Strathfield NSW 2135","ChIJ4fGxUqe7EmsRrueyqIfcYRU",""
"Bud’s Tavern","Huskisson",-35.0391239,150.6715266,"68 Owen St, Huskisson NSW 2540, Australia","ChIJOSlki0eHFGsRP-S0F9Kvm50",""
"Lucette Bistro","Bowral",-34.4794025,150.4182715,"Shop 17/310-312 Bong Bong St, Bowral NSW 2576, Australia","ChIJD4q27KajE2sRBTsz7955dNQ",""
"Cafe Baby Finger","Camperdown",-33.88562,151.1774944,"Unit 27/12 Layton St, Camperdown NSW 2050","ChIJ-4_swOqxEmsRwg4Rc5mzfKY",""
"Paranormal Wines","Campbell",-35.2887895,149.1439498,"G27/6 Provan St, Campbell ACT 2612, Australia","ChIJ7XqxIdJNFmsRKiH5AqjYxag",""
"Cafe Nho","Cabramatta",-33.8954644,150.9357416,"13 & 15 Belvedere Arcade, Cabramatta NSW 2166","ChIJjWB8DwyWEmsRJc_lt3MlPy4",""
"Jade Swan","Riverwood",-33.9515238,151.0535021,"32 Littleton St, Riverwood NSW 2210","ChIJ-wIVJQC5EmsR2T5mvO4AGJg",""
"Ocean Treasure Asian Dining","Blacktown",-33.7660943,150.9073732,"40 Second Ave, Blacktown NSW 2148","ChIJzTS0_J6ZEmsRTKfiZhFGmVk",""
"Markets Chinese Restaurant","Homebush West",-33.8599063,151.0710011,"250/318 Parramatta Rd, Homebush West NSW 2140","ChIJnSQRas66EmsRBOzyL1CnICY",""
"The Imperial at Clifton","Clifton",-34.2609287,150.9686961,"315 Lawrence Hargrave Dr, Clifton NSW 2515, Australia","ChIJU0yrv-_fEmsRsIkpHi4oiyM",""
"Watermans","Barangaroo",-33.8630746,151.2018574,"R1/88 Barangaroo Ave, Barangaroo NSW 2000","ChIJF0AuQb-vEmsR0apLYbPuoLo",""
"Budgewoi Hotel","Budgewoi",-33.237428,151.563512,"169 Budgewoi Rd, Budgewoi NSW 2262, Australia","ChIJ5T1HNH7ZcmsR2PN6SNzQzuc",""
"Billinudgel Hotel","Billinudgel",-28.5038889,153.5269444,"1/1 Wilfred St, Billinudgel NSW 2483, Australia","ChIJNwJ0Jdz0kGsR4KBwrtAzm50",""
"Harbord Hotel","Freshwater",-33.7804412,151.2876739,"29 Moore Rd, Freshwater NSW 2096","ChIJVVcRjfuqEmsRiKczWQfUo8c",""
"Hatz Off BBQ","Taren Point",-34.0242082,151.1237475,"9 Box Rd, Caringbah NSW 2229","ChIJiyw51HO5EmsRAtSQzy5nT2I",""
"Watsons Bay Hotel","Watsons Bay",-33.8429855,151.2823156,"10 Marine Parade, Watsons Bay NSW 2030","ChIJg6K8SYqsEmsRc90_ZVkqUzU",""
"Northies (Cronulla Hotel)","Cronulla",-34.0511427,151.154404,"Kingsway &, 141-143 Elouera Rd, Cronulla NSW 2230","ChIJ3QONrBHIEmsRXoZKV8ebm4U",""
"The Lord Dudley Hotel","Paddington",-33.8847598,151.2373994,"236 Jersey Rd, Woollahra NSW 2025","ChIJ3SgTFuOtEmsR6Fub-SRfLZE",""
"Woolly Bay Hotel","Woolloomooloo",-33.8690968,151.2194871,"2 Bourke St, Woolloomooloo NSW 2011","ChIJTTd1Am2uEmsR1oSSDIdw8HU",""
"The Lord Nelson Brewery Hotel","The Rocks",-33.8581224,151.2033513,"19 Kent St, The Rocks NSW 2000","ChIJPavTvUSuEmsRZTrnMkJeeq0",""
"L’Antica Pizzeria Da Michele","Haymarket",-33.8633205,151.2093107,"50 Pitt St, Sydney NSW 2000","ChIJmZ_c2IOvEmsRImCerocXWb0",""
"East Sydney Hotel","Woolloomooloo",-33.8724771,151.2168135,"111-113 Cathedral St, Woolloomooloo NSW 2011","ChIJfY-YZROuEmsRTfuYgQTHOhQ",""
"The Carrington","Surry Hills",-33.8876516,151.2151806,"565 Bourke St, Surry Hills NSW 2010","ChIJu6vKxaeMtAER5XhsUNdSBh4",""
"Eat Lebanese","Cronulla",-34.0544177,151.152308,"98 Cronulla St, Cronulla NSW 2230","ChIJX93Dj7LJEmsR6rnMW3uwTNM",""
"Thoroughbread Bakery","Kirrawee",-34.0307264,151.0741809,"19 Monro Ave, Kirrawee NSW 2232","ChIJOXqeBovHEmsRo7P9AKHwD4w",""
"Mansfield Coffee","Caringbah",-34.0442481,151.1238349,"32 Mansfield Ave, Caringbah NSW 2229","ChIJ6d99VQDHEmsRNclaY4SL6Iw",""
"Lunetta Gelateria","Leichhardt",-33.8822668,151.1566485,"146 Norton St, Leichhardt NSW 2040","ChIJTdkNC0SxEmsRB2wXRafaM2A",""
"Ice Kirin Bar","Cabramatta",-33.893663,150.9379751,"Shop 20/180 Railway Pde, Cabramatta NSW 2166","ChIJd8oYyIKXEmsR19XAjRcJFFY",""
"Bar Freda’s","Chippendale",-33.8854832,151.2021175,"49 Goold St, Chippendale NSW 2008","ChIJWfXAwUWvEmsRzqBOiGbeOy0",""
"Hai Au Lang Nuong","Canley Vale",-33.886832,150.9412382,"48 Canley Vale Rd, Canley Vale NSW 2166","ChIJ9d6GTBeWEmsRzbNiptEYF70",""
"Cafe Knotted","Burwood",-33.8703826,151.1052553,"Shop1/24 Burwood Rd, Burwood NSW 2134","ChIJaeUW57W7EmsRM8gKfOILKr4",""
"Luca Bakery","Castle Hill",-33.7218085,151.0255351,"Unit 4/83 David Rd, Castle Hill NSW 2154","ChIJYVn_SAChEmsRXMTsI9l_HsE",""
"Patisserie Du Liban","Arncliffe",-33.9368413,151.1464755,"24 Firth St, Arncliffe NSW 2205","ChIJo9RXOE2xEmsRQZK8VbbbKLI",""
"Self Raised Snack Shoppe","Merrylands",-33.8358313,150.9875549,"Main Ln, Merrylands NSW 2160","ChIJnaXRbwC9EmsRT_YhSJvCAoQ",""
"Folio","Millers Point",-33.8572009,151.2047069,"22 Hickson Rd, Millers Point NSW 2000","ChIJNUx9CxOvEmsRfIjtxyd9oNQ",""
"The Corner","Palm Beach",-33.5926825,151.3215917,"1 Beach Rd, Palm Beach NSW 2108","ChIJOdSY0atSDWsRlS0TAP_U_-k",""
"Japasu by Sang","Zetland",-33.9070931,151.2053818,"8 Zetland Ave, Zetland NSW 2017","ChIJ-QKXlHOxEmsRT2pXITX8IQA",""
"Rick Stein at Coogee Beach","Coogee",-33.9224589,151.2558206,"242 Arden St, Coogee NSW 2034","ChIJN6xSqp6zEmsRrkttcVfl7sY",""
"Kiki Dessert","Ultimo",-33.8836022,151.2028207,"U 12/849 George St, Ultimo NSW 2007","ChIJVWHNG-evEmsRCgykmyQxgMo",""
"Burek Brothers","Rockdale",-33.955536,151.144317,"162 Bay St, Rockdale NSW 2216","ChIJn-lvPKi3EmsRAvaTFUMbXqg",""
"Monica","Paddington",-33.881801,151.2192235,"Level 5/1 Oxford St, Paddington NSW 2021","ChIJr6_ybjyvEmsR6Wh4-D7iuJ4",""
"Towzen","Sydney",-33.8698775,151.20482,"346-348 Kent St, Sydney NSW 2000","ChIJcUjTGLGvEmsRXQBixzMAPIk",""
"Betto Deli and Cucina","Newtown",-33.9049025,151.1807177,"3/612-622 King St, Erskineville NSW 2043","ChIJFbokWhCxEmsR896NMDRKVvI",""
"Grill Americano","Sydney",-33.8659763,151.2106971,"1 Chifley Square, Sydney NSW 2000","ChIJ1bVvQsGvEmsRc96YqtjLD_s",""
"Bar Demo","Newtown",-33.8984858,151.1746908,"85 Enmore Rd, Newtown NSW 2042","ChIJs92WIOexEmsRgOKYZkTaTqY",""
"Don Beppino’s","Merewether",-32.9386392,151.7513679,"45 Railway St, Merewether NSW 2291, Australia","ChIJmdLVizMUc2sRNRR_7bAwwjw",""
"Ember","Forestville",-33.7600508,151.2034595,"6/51 Arthur St, Forestville NSW 2087","ChIJj1jtpqapEmsRclnDRYtOA50",""
"Hoa Hung","Hurstville",-33.9661993,151.1042069,"Cross St, Hurstville NSW 2220","ChIJk8QWMQC5EmsRICIM1kDwF0M",""
"Lee Ho Fook Sydney","Sydney",-33.8743353,151.2087718,"Level 1/203 Castlereagh St, Sydney NSW 2000","ChIJCVkf0Z-vEmsRnol6o4-OdYw",""
"Luigi Panini","Surry Hills",-33.8855458,151.2165136,"75a Fitzroy St, Surry Hills NSW 2010","ChIJq2e3XgCvEmsRwDFBNk0kXe0",""
"Joe’s Tavern","Newtown",-33.8961747,151.1783851,"206 Australia St, Newtown NSW 2042","ChIJBZ-r7Z2xEmsRYT-9vS3-siU",""
"Izakaya Gaku","Five Dock",-33.8690955,151.1306411,"175 First Ave, Five Dock NSW 2046","ChIJw-8nJgClEmsRM121l-oLdho",""
"Jaipur Sweets","Harris Park",-33.8221738,151.0084356,"48/50 Marion St, Harris Park NSW 2150","ChIJQ3cfsyKuEmsRqoHjfHgl8GM",""
"Taj Indian Sweets and Restaurant","Harris Park",-33.8205107,151.0094789,"91 Wigram St, Harris Park NSW 2150","ChIJKwCVACOjEmsRyHbYOlRKWeM",""
"Ginger Indian","Harris Park",-33.8208018,151.0088751,"94 Wigram St, Harris Park NSW 2150","ChIJWwZbpSOjEmsRs0U7B2ofuys",""
"Dosa Hut","Harris Park",-33.8215745,151.0093524,"69 Wigram St, Harris Park NSW 2150","ChIJsdq1CiOjEmsRC_gVXHYIyxk",""
"Radio Taco","Chippendale",-33.8867124,151.1985765,"67 Abercrombie St, Chippendale NSW 2008","ChIJ7zSq5i6xEmsR2H1YS6uNfFw",""
"Traditional Cantonese Taste","Eastwood",-33.7901959,151.0807134,"Suite 14/1 Lakeside Rd, Eastwood NSW 2122","ChIJL_ft6TylEmsRgGITUK7gIkw",""
"Dae Jang Kum","Eastwood",-33.7903739,151.0852339,"29 Rowe St, Eastwood NSW 2122","ChIJ_8VqJjGkEmsR6F7xanCFH1I",""
"Opera Bar","Sydney",-33.8584964,151.2136249,"Sydney Opera House, Lower Concourse Level, Sydney NSW 2000","ChIJB5NuYGauEmsROhQEpJXe5qo",""
"Hongdae Pocha","Chippendale",-33.885214,151.1999231,"5 Central Park Ave, Chippendale NSW 2008","ChIJUySGLkuvEmsRYyAoLEFn7_s",""
"Getbawi","Eastwood",-33.7908757,151.0849074,"Shop 201/62-80 Rowe St, Eastwood NSW 2122","ChIJLyzfA-OlEmsRUL2F8DmZCao",""
"Siroo Rice Cake Cafe","Eastwood",-33.7912205,151.0834632,"106 Rowe St, Eastwood NSW 2122","ChIJZSZEu8GlEmsR3Qaj9Jljs0k",""
"Hwagae Banchan Shop","Eastwood",-33.7906904,151.0826382,"10 Railway Parade, Eastwood NSW 2122","ChIJu-DOUzekEmsRrqRksUkO6kU",""
"Adhika","Rushcutters Bay",-33.8755184,151.2248765,"59 Bayswater Rd, Rushcutters Bay NSW 2011","ChIJJVEzbACvEmsRHTvRh0tUxVU",""
"Delight Dim Sim","Hurstville",-33.9675267,151.1077256,"121 Forest Rd, Hurstville NSW 2220","ChIJ95AKD725EmsRYTdCVaRoHlo",""
"Golden Sun BBQ","Hurstville",-33.9672338,151.106729,"178 Forest Rd, Hurstville NSW 2220","ChIJzcsKPb25EmsR_pnmugPJviE",""
"Golden Sands","Hurstville",-33.9675028,151.1073611,"Hurstville Times Plaza, Level 2/127-141 Forest Rd, Hurstville NSW 2220","ChIJ__cvHL25EmsR_DUc1BQpGtU",""
"Bistro Coledale","Coledale",-34.2911836,150.9449772,"731 Lawrence Hargrave Dr, Coledale NSW 2515, Australia","ChIJQcWRGQ3gEmsRFC9S3sskEc8",""
"Algorithm","Potts Point",-33.873623,151.224096,"36-38 Darlinghurst Rd, Potts Point NSW 2011","ChIJ29qKFqmvEmsRwx-9RqHTwqU",""
"Melosi Deli","Penrith",-33.7368331,150.6944093,"MANUFACTOR SITE MAP, 2115/2131 Castlereagh Rd, Penrith NSW 2750","ChIJjSkFPwCFEmsRmqhthFGyDeY",""
"Charcoal & Crisp Lechon","Crows Nest",-33.8277212,151.2022044,"16 Falcon St, Crows Nest NSW 2065","ChIJReJRZwCvEmsRgCsH9xEkg4w",""
"Harkham Restaurant","Pokolbin",-32.79,151.3169444,"266 De Beyers Rd, Pokolbin NSW 2320, Australia","ChIJGSvDSc_KDGsRUJwYvEMGCwM",""
"Pancho Bakery","North Sydney",-33.8403084,151.2074833,"In front of Kanu sushi, train level, Greenwood Plaza, Lower Ground/36 Blue St, North Sydney NSW 2060","ChIJ1UY5YxqvEmsROdwoSpxbSvg",""
"Garaku","Sydney",-33.8720856,151.2041883,"Level 1/230 Sussex St, Sydney NSW 2000, Australia","ChIJ3bkfVomvEmsRf1o5uusld8Y",""
"Martha’s","Wareemba",-33.8558134,151.1307734,"312 Great N Rd, Wareemba NSW 2046","ChIJm164xPOlEmsRS69mWd3uPBs",""
"Canton Noodle House","Hurstville",-33.9671521,151.1053567,"3/206 Forest Rd, Hurstville NSW 2220","ChIJTSoS06K5EmsRynWEYtDgbiU",""
"Smalls Cellar","Kirrawee",-34.0341984,151.0712549,"142 Oak Rd, Kirrawee NSW 2232","ChIJhQtKVu7HEmsRHtikzBOsdJc",""
"Pandawa Nasi Bungkus","Sydney",-33.8716769,151.2084018,"Wesley Mission Building, 220 Pitt St, Sydney NSW 2000","ChIJFeGClnSvEmsR0V3siIYO7HI",""
"Fatty Dumpling","Nowra",-34.878446,150.603762,"99 Plunkett St, Nowra NSW 2541, Australia","ChIJP-vjbDiBFGsRZssEnTHf6Rk",""
"24 York","Sydney",-33.8681348,151.206182,"24 York St, Sydney NSW 2000","ChIJT9ScYz-uEmsRF_GTqp-WWog",""
"Akipan","Pyrmont",-33.8711304,151.1962343,"Shop 3/2-14 Bunn St, Pyrmont NSW 2009","ChIJs7mEYK2vEmsRZL5vaz5UH1k",""
"Canvas","The Rocks",-33.8596775,151.2092187,"Level 4/140 George St, The Rocks NSW 2000","ChIJT7y5DwCvEmsRvY2d9rTk1sc",""
"Frankly Nick’s","Hurlstone Park",-33.9106382,151.1328016,"36 Floss St, Hurlstone Park NSW 2193","ChIJWemcwCO7EmsRDJehpe7HdSY",""
"Zin - Food and Wine","Eurunderee",-32.5359611,149.5838165,"329 Tinja Ln, Eurunderee NSW 2850, Australia","ChIJS2ZtXZOODmsRccM6Oiktdho",""
"Hurstville Chinese Restaurant","Hurstville",-33.967234,151.1062112,"184 Forest Rd, Hurstville NSW 2220","ChIJFagOJb25EmsRd0df4EzbT24",""
"Modo Mio","Castle Hill",-33.7354778,151.0046083,"Suite 1/33 Terminus St, Castle Hill NSW 2154","ChIJ_WKfyqyhEmsRQib9p_pyyrc",""
"The Kentish Chef","Petersham",-33.8964659,151.1526044,"75 New Canterbury Rd, Petersham NSW 2049","ChIJb4_hea6xEmsRP-oZ1hw6JZY",""
"Taste of Shunde","Hurstville",-33.966055,151.1026676,"9-11 Crofts Ave, Hurstville NSW 2220","ChIJ-TTGGou5EmsRceAaa8PWyB0",""
"Tony Eats","St Peters",-33.9094685,151.1749563,"1-7 Unwins Bridge Rd, St Peters NSW 2044","ChIJ8Rfrp_6xEmsRn-JWfwkpqQA",""
"Hey Rosey","Orange",-33.2837903,149.1031004,"301 Summer St, Orange NSW 2800, Australia","ChIJS-FIyk0tEGsRhk-RVJc3mXk",""
"Al Amara","Fairfield",-33.8705394,150.9556194,"3/42-46 Spencer St, Fairfield NSW 2165","ChIJff1Xqai9EmsRfa_E3l8Yqeg",""
"Jangling Jack's","Potts Point",-33.8733087,151.2223753,"175 Victoria St, Potts Point NSW 2011","ChIJ8RO-XQ2uEmsRyUhFJfiXMBk",""
"Felons Seafood","Manly",-33.7995125,151.2840075,"West Esplanade, Manly NSW 2095","ChIJG8ufEzmrEmsRwPwgybbbdWo",""
"Arta Atelier","Camden",-34.0561026,150.6934928,"Shop 7/1-15 Murray St, Camden NSW 2570","ChIJ1SaK8MvxEmsRjoMh0nFAoY0",""
"Phu Cuong King’s Hot Bread","Hurstville",-33.9662941,151.1012131,"273 Forest Rd, Hurstville NSW 2220","ChIJ1zUVIaO5EmsR9hLfUn83VDg",""
"Surena Persian Restaurant","Carlingford",-33.783214,151.046899,"318 Pennant Hills Rd, Carlingford NSW 2118","ChIJYaRZAJGnEmsRyXgkjbvXSa0",""
"Sippenham","Sydenham",-33.9169468,151.1661807,"282 Unwins Bridge Rd, Sydenham NSW 2044","ChIJ-ycU0gexEmsReWqWIsMcJt4",""
"The Studio by The What If Society","Moss Vale",-34.5503746,150.3691675,"Shop 3/445 Argyle St, Moss Vale NSW 2577, Australia","ChIJgd9J6pGfE2sRUDgNvD7uo-c",""
"Viet Hoa Hot Bread","Cabramatta",-33.8948009,150.9347714,"107 John St, Cabramatta NSW 2166","ChIJTTsLaQyWEmsRxBYPpLe6LJo",""
"McCarrs","Terrey Hills",-33.6830388,151.2307904,"205 Mona Vale Rd, Terrey Hills NSW 2084","ChIJA6HWThtXDWsRBY6yoY0eSgs",""
"Cicci Food & Wine","Balmain",-33.8562514,151.172945,"475 Darling St, Balmain NSW 2041","ChIJJXqiBjCvEmsROkU1aBPMhCA",""
"Ms. Cattea Tea Bar","Potts Point",-33.8730888,151.2245132,"17/1-21 Darlinghurst Rd, Potts Point NSW 2011","ChIJX0FmxyOvEmsRuH-o2MsSN3Q",""
"The Servo","Port Kembla",-34.4799236,150.9009028,"6-8 Wentworth St, Port Kembla NSW 2505, Australia","ChIJ7dEIWe0XE2sR6XOtwtISvDs",""
"Wang Wang BBQ","Eastwood",-33.7907869,151.0804008,"25/1 Lakeside Rd, Eastwood NSW 2122","ChIJm5-q9DmkEmsR9qp0UTLkKuE",""
"Super Bowl","Eastwood",-33.7916726,151.0794042,"193 Rowe St, Eastwood NSW 2122","ChIJIWsWbQClEmsRMSjbkM379-s",""
"Tambayan Grill","Goulburn",-34.7479565,149.7495815,"53 Sydney Rd, Goulburn NSW 2580, Australia","ChIJicxr336pFmsRUd0esZ8aMYY",""
"Filipino Fiesta","Kogarah",-33.9627794,151.1336265,"9 Regent St, Kogarah NSW 2217","ChIJg7ei_265EmsRzzjC-dZvJSo",""
"Mixed Business Enmore","Enmore",-33.8960244,151.171372,"59A Liberty St, Enmore NSW 2042","ChIJ4cX-RCKxEmsRaMJ0fQlkgcA",""
"Hon Kee Hong Kong Dessert","Eastwood",-33.7921068,151.0783795,"2/239 Rowe St, Eastwood NSW 2122","ChIJ-TWKozqlEmsRALIV4GutDh0",""
"Hi Hi Burger","Bondi Junction",-33.8916967,151.2484681,"shop 5/424 Oxford St, Bondi Junction NSW 2022","ChIJ0XrC0XetEmsRCPh7VvVrzRE",""
"Bertas","Marrickville",-33.9097177,151.1619383,"100B Sydenham Rd, Marrickville NSW 2204","ChIJPfxVFQCxEmsRXCcKuuDjGm8",""
"Rocket Kulfi","Harris Park",-33.8217862,151.0092726,"65 Wigram St, Harris Park NSW 2150","ChIJLYNsSIyjEmsRuMN2wikTaKQ",""
"Chef Ceylon","Toongabbie",-33.788344,150.9498992,"42A Aurelia St, Toongabbie NSW 2146","ChIJz-SDbVWZEmsR3ue6bhgnr8Q",""
"Sydney Daifuku Store","Lane Cove",-33.8095361,151.176181,"72 Helen St, Lane Cove North NSW 2066","ChIJUWFSOwCvEmsRTwMULhfvyrk",""
"Shanghai Chinese","Bowral",-34.4780565,150.4177683,"265 Bong Bong St, Bowral NSW 2576, Australia","ChIJ1yYkkb-iE2sRctPoH3wmWmo",""
"Jiho Hanbang Samgyetang","Sydney",-33.8759958,151.2049684,"76-78 Liverpool St, Sydney NSW 2000","ChIJ2wXkjIWvEmsRreVX6KbIWMY",""
"Eastwood Mart","Eastwood",-33.7906416,151.0841775,"73 Rowe St, Eastwood NSW 2122","ChIJ5dsiNJ2lEmsRO6bX6_ab2sA",""
"Akti","Woolloomooloo",-33.868314,151.2204525,"6 Cowper Wharf Roadway, Woolloomooloo NSW 2011","ChIJpQv09javEmsRgIAKKAxkSOE",""
"Lusinata","Hurstville",-33.9675126,151.1069185,"2/127 Forest Rd, Hurstville NSW 2220","ChIJJ5g9XAC5EmsRaYwn62nimeI",""
"Khao Kang Maruay","Haymarket",-33.8806143,151.2035436,"4/37 Ultimo Rd, Haymarket NSW 2000","ChIJpVoLbICvEmsRvvOhwv1twgg",""
"Penny’s Cheese Shop","Potts Point",-33.8729972,151.2247425,"Unit 6/127-139 Macleay St, Potts Point NSW 2011","ChIJyXcxwNivEmsRSgb6ucP37Vc",""
"Miryang","Eastwood",-33.7912944,151.0835794,"104 Rowe St, Eastwood NSW 2122","ChIJz6aKBL-lEmsRhdXOql3VV8E",""
"Master Cow Hot Pot","Sydney",-33.8767361,151.2076047,"World Square, SHOP 16/123 Liverpool St, Sydney NSW 2000","ChIJZwdi_k6vEmsRV8grWHtWngU",""
"Buttered","Chippendale",-33.885214,151.1999231,"5 Central Park Ave, Chippendale NSW 2008","ChIJkS2x5dWvEmsR9RsWJuNYA4I",""
"S’wich Surry Hills","Surry Hills",-33.8918937,151.2123161,"Wunderlich Lane, 2 Baptist St, Redfern NSW 2010","ChIJzT7zdhyxEmsRdSXmy4NsnZU",""
"The Tea Cosy Cafe","The Rocks",-33.8579712,151.2083527,"7 Atherden St, The Rocks NSW 2000, Australia","ChIJ1UbjO12uEmsRh3_Pxy-rQDE",""
"Hay St Market","Haymarket",-33.879798,151.2038531,"Shop R1.05/13 Hay St, Haymarket NSW 2000, Australia","ChIJ8xEsDz-vEmsRj4JXiijtvfQ",""
"Kolkata Social","Newtown",-33.9024737,151.1794623,"528 King St, Newtown NSW 2042, Australia","ChIJOQK4XgCxEmsR5jQyBjDc1fw",""
"Only Coffee Project","Crows Nest",-33.8243287,151.200812,"Shop 2/118 Willoughby Rd, Crows Nest NSW 2065, Australia","ChIJJWPz6M6vEmsR34uUIX1KxjA",""
"FBR","Sydney",-33.8772845,151.2078975,"Shop 9/370 Pitt St, Sydney NSW 2230, Australia","ChIJjwnbai6vEmsRB_XcBhtdxuU",""
"Ratio","Crows Nest",-33.8265089,151.1999676,"Shop 2/473 Pacific Hwy, Crows Nest NSW 2065, Australia","ChIJ4yu-nQGvEmsRQkI7QbG9r9U",""
"Ickle Coffee","Kingsgrove",-33.941713,151.101012,"251 Kingsgrove Rd, Kingsgrove NSW 2208, Australia","ChIJ8eKFlRC7EmsR34KU-Lpf6eg",""
"Jibbi Coffee Roasters","Surry Hills",-33.8835574,151.210035,"Shop2 216/224 Commonwealth St, Surry Hills NSW 2010, Australia","ChIJ9ZkGNi-vEmsRcZMKzDam93E",""
"Artificer Coffee","Surry Hills",-33.8871332,151.2151062,"547 Bourke St, Surry Hills NSW 2010, Australia","ChIJs4Lblh6uEmsRlGsK1tv6qY8",""
"Oncore by Clare Smyth","Barangaroo",-33.8625568,151.2012023,"Crown Sydney, Level 26/1 Barangaroo Ave, Barangaroo NSW 2000","ChIJK16RMh6vEmsRl8Gd714buA0",""
"Quay","The Rocks",-33.8580632,151.21008,"130 Argyle St, The Rocks NSW 2000","ChIJEyrTGQ6vEmsRmRjdzmLg9nw",""
"Pilot","Ainslie ACT",-35.2625736,149.1447841,"1 Wakefield Gardens, Ainslie ACT 2612, Australia","ChIJrT4DG51TFmsRugOUF2HPgtI",""
"The Cut","The Rocks",-33.8588292,151.2076857,"Argyle Stores, 16 Argyle St, The Rocks NSW 2000","ChIJs-s1oESuEmsRy-NFDneUWrk",""
"Da Orazio","Bondi Beach",-33.8893532,151.2720174,"Boheme, Shop LG 08 & 09, The Hub, 75/79 Hall St, Bondi Beach NSW 2026","ChIJpTgEfJmtEmsRyYjBSiMD3tI",""
"Kuon Omakase","Surry Hills",-33.880937,151.2095547,"1 Fracks Ln, Surry Hills NSW 2010","ChIJd1yfm8OvEmsRNxjXjv1QL1g",""
"Loulou Bistro Martin Place","Sydney CBD",-33.8664808,151.2103167,"Cnr Elizabeth & Hunter St, 1 Elizabeth St, Sydney NSW 2000","ChIJ1_-FVvqvEmsR2v2X2sDNaNQ",""
"Soul Dining","Sydney CBD",-33.8663322,151.2065264,"2/50 Carrington St, Sydney NSW 2000","ChIJe36KLl6vEmsRoMBovmRN-zc",""
"Tilda","Sydney CBD",-33.8651238,151.2112082,"Sofitel Sydney Wentworth, 101 Phillip St, Sydney NSW 2000","ChIJ20xUE4evEmsRFEspOwF0ldc",""
"Bar Rochford","Canberra",-35.2793431,149.1281622,"1st/65 London Cct, Canberra ACT 2601, Australia","ChIJuUcyPGhNFmsRou0TtjQsRbI",""
"Flotilla","Wickham",-32.9183587,151.758119,"9 Albert St, Wickham NSW 2293, Australia","ChIJY-yYQDMVc2sR14FaaNET7yA",""
"Lunetta","Red Hill ACT",-35.3285656,149.116728,"Upstairs, 60 Red Hill Dr, Red Hill ACT 2603, Australia","ChIJz33vlXRNFmsRpXNZxmoCsOc",""
"Mu Omakase","Canberra",-35.2825851,149.1309814,"1 Constitution Ave, Canberra ACT 2601, Australia","ChIJoXVqWsJNFmsRI3nzG2YVvR0",""
"Norma","Albury",-36.0743865,146.9194183,"500 Guinea St, Albury NSW 2640, Australia","ChIJydfZuFRfIWsRi6_uSn8b5MQ",""
"Onzieme","Kingston ACT",-35.3166882,149.1414601,"35 Kennedy Street, corner of Kennedy and, Eyre St, Kingston ACT 2604, Australia","ChIJC1Ye4SFNFmsRkYjYq2J1LRA",""
"Rebel Rebel","Acton ACT",-35.2840701,149.1246139,"23 Marcus Clarke St, Acton ACT 2601, Australia","ChIJW3XOk0VNFmsRRvyuM56Ip-w",""
"Roco Ramen","Brunswick Heads",-28.5406386,153.5519951,"2/16 The Terrace, Brunswick Heads NSW 2483, Australia","ChIJwY-X0YaLkGsR7mV9U_k0XA4",""
"Such and Such","Canberra",-35.2821858,149.131415,"220 London Cct, Canberra ACT 2601, Australia","ChIJ1zxc85hNFmsRJlTyB93Bqzw",""
"The Zin House","Eurunderee",-32.5359611,149.5838165,"329 Tinja Ln, Eurunderee NSW 2850, Australia","ChIJS2ZtXZOODmsRccM6Oiktdho",""
"Supernormal","Melbourne",-37.8159071,144.9683863,"180 Flinders Ln, Melbourne VIC 3000","ChIJNVF8Q7ZC1moRarO5qwt4NOA",""
"Bar Olo","Carlton",-37.796342,144.974878,"165 Nicholson St, Carlton VIC 3053","ChIJj55q1yFD1moRSlfE6gFhE1Y",""
"Caretaker’s Cottage","Melbourne",-37.8096618,144.967849,"139-141 Little Lonsdale St, Melbourne VIC 3000","ChIJI_RgtUND1moRnACbclQN7Bg",""
"The Kent Hotel","Carlton North",-37.7887154,144.9722442,"370 Rathdowne St, Carlton North VIC 3054","ChIJpRJY9S9D1moRuZTLc6mZBds",""
"Music Room","Melbourne",-37.8115136,144.9641502,"Level 1/270 Lonsdale St, Melbourne VIC 3000","ChIJRyT-ktZD1moRexclNB9C1lA",""
"Patricia","Melbourne",-37.8146934,144.9582383,"Rear of, 493-495 Little Bourke St, Melbourne VIC 3000","ChIJn1FUnktd1moRgZCDC6aPCcw",""
"Takeaway Pizza","Preston",-37.736215,145.0040187,"535 High St, Preston VIC 3072","ChIJVVVFa_9E1moRVqkuRVgPj0c",""
"Leonard’s House of Love","South Yarra",-37.843681,144.995667,"3 Wilson St, South Yarra VIC 3141","ChIJW-4rQCho1moRuSTwOobeODY",""
"Flower Drum","Melbourne CBD",-37.8118772,144.9692458,"17 Market Ln, Melbourne VIC 3000","ChIJr1N1BMlC1moR6aJLe1nHgPQ",""
"Embla","Melbourne CBD",-37.813394,144.9686092,"122 Russell St, Melbourne VIC 3000","ChIJZ9bEx8lC1moR7ahmGWF-7Pk",""
"Bar Selecta","Hawthorn",-37.8192153,145.0355399,"Rear entry, 717 Glenferrie Rd, Hawthorn VIC 3122","ChIJT9TQ_AtD1moREGF5IdZUD64",""
"Bistra","Carlton",-37.797593,144.96954,"157 Elgin St, Carlton VIC 3053","ChIJWWua695D1moRnQuGBMrPIhU",""
"Gamja Hotteok","West Melbourne",-37.8061621,144.9556762,"87 Peel St, West Melbourne VIC 3003","ChIJB--dUPZd1moRSU1AxR-e0IU",""
"Hareruya Pantry Carlton","Carlton",-37.8032844,144.9628411,"15-17 Lincoln Square S, Carlton VIC 3053","ChIJjbSyXVFD1moRBu9ultkYRIo",""
"Pidapipo Carlton","Carlton",-37.7983202,144.9671769,"299 Lygon St, Carlton VIC 3053","ChIJUw1_m9ZC1moRdC3ipFPJai4",""
"Boire","North Melbourne",-37.8048736,144.9495256,"8 Errol St, North Melbourne VIC 3051","ChIJh9oi4BFd1moRqckJvXDGnXA",""
"Boonchoou","Melbourne",-37.811868,144.966626,"11 Heffernan Ln, Melbourne VIC 3000","ChIJNeTmO25D1moR0QCfQEDwyKI",""
"Three Horses","Melbourne",-37.8091475,144.9686057,"106 Little Lonsdale St, Melbourne VIC 3000","ChIJD4obdQBD1moRod-hEZ9ZIog",""
"Mesob Ethiopian Restaurant","Northcote",-37.7739087,144.9978913,"213 High St, Northcote VIC 3070","ChIJjW4Xl3tD1moRZInYTjzJu5U",""
"Huzzah","Glen Iris",-37.8592362,145.0576825,"4 Paran Pl, Glen Iris VIC 3146","ChIJucJDVAVB1moR1r72OWO086M",""
"Tipo 00","Melbourne CBD",-37.8135522,144.9619835,"361 Little Bourke St, Melbourne VIC 3000","ChIJbza9ObVC1moRwyyqYG9efx4",""
"El Columpio St Kilda","St Kilda",-37.86591,144.9734737,"20 Jacka Blvd, St Kilda VIC 3182","ChIJ2TTHaQBp1moRcFd7mRuUpPY",""
"Bar Spontana","Brunswick",-37.7731384,144.9604089,"4 Saxon St, Brunswick VIC 3056","ChIJJeiD50Rd1moRtkryiJZPpx4",""
"Marmelo","Melbourne",-37.813213,144.96852,NA,NA,""
"N Lee Bakery Collingwood","Collingwood",-37.8024569,144.9839206,"220 Smith St, Collingwood VIC 3066","ChIJYSmjceBC1moRwUabKVdV2c8",""
"Moon Mart","South Melbourne",-37.83424,144.9614212,"315 Clarendon St, South Melbourne VIC 3205","ChIJd-dybeqvEmsRR7CJd6-_lME",""
"Etta","Brunswick East",-37.776866,144.971141,"60 Lygon St, Brunswick East VIC 3057","ChIJ1YSbFEhD1moRvoP3Im6sd3o",""
"Cutler","Fitzroy",-37.8053944,144.9759323,"55-57 Gertrude St, Fitzroy VIC 3065","ChIJI_PKDttC1moRpfu7sQfxfFM",""
"Bar La Sirene","Reservoir",-37.7145389,144.9870434,"277 Edwardes St, Reservoir VIC 3073","ChIJnXzhQwlE1moRgewQgcsqz4c",""
"The Carpenter’s Ruin","St Kilda",-37.8642754,144.9824594,"Ground Floor/15 Inkerman St, St Kilda VIC 3182","ChIJoX-9uaFp1moR4GxkDhihY-s",""
"Minamishima","Richmond",-37.8197444,145.0050252,"4 Lord St, Richmond VIC 3121","ChIJg9_b1fdC1moRW9J3Ok8yCv4",""
"Butter Days","Malvern",-37.8591364,145.0286139,"209 Glenferrie Rd, Malvern VIC 3144","ChIJcfJSJABp1moRbSSkZZpXEKQ",""
"Market Lane Coffee Prahran Market","Prahran",-37.845757,144.993288,"Prahran Market, Shop 13/163 Commercial Rd, South Yarra VIC 3141","ChIJlZ5XDiZo1moRV7DQNGNXi2I",""
"Dua","Collingwood",-37.7996021,144.9859476,"35 Johnston St, Collingwood VIC 3066","ChIJNRv9-B5D1moR4s9C7daFbbA",""
"Bar Bellamy","Carlton",-37.7954743,144.9711544,"164 Rathdowne St, Carlton VIC 3053","ChIJaa6Fgl9D1moRiuAEI8i0XDM",""
"Byrdi","Melbourne",-37.8104065,144.9619924,"211 La Trobe Street, Tenancy GD075, Melbourne VIC 3000","ChIJj7YmeHdD1moRkVn3eBsrBpM",""
"Benchwarmer","West Melbourne",-37.8053968,144.9499766,"345 Victoria St, West Melbourne VIC 3003","ChIJ65CXpc5d1moRAo8oo8hDBfg",""
"Above Board","Collingwood",-37.8000986,144.9845381,"Chopper Lane"" , Behind ""Beermash Through the back door, 1/306 Smith St, Collingwood VIC 3066","ChIJeRWe6x9D1moROeZt5i_QQZM",""
"Albert’s","Armadale",-37.8561991,145.01987,"17 Morey St, Armadale VIC 3143","ChIJb69oD3pp1moRk_0exEuh1sw",""
"Yiaga","East Melbourne",-37.8130952,144.9812748,"Fitzroy Gardens, East Melbourne VIC 3002","ChIJU1iE0LND1moR-DYfUbDtZS4",""
"Soi 38","Melbourne",-37.8136687,144.9666681,"38/235 Bourke St, Melbourne VIC 3000","Ei8zOC8yMzUgQm91cmtlIFN0LCBNZWxib3VybmUgVklDIDMwMDAsIEF1c3RyYWxpYSIeGhwKFgoUChIJMQlhAcpC1moRNJwTjbmayxMSAjM4",""
"Maison Batard","Melbourne",-37.81179,144.97238,NA,NA,""
"Frankie's Tortas and Tacos","Fitzroy",-37.79823,144.97586,NA,NA,""
"Harriot","Melbourne CBD",-37.8186663,144.9564371,"555 Collins St, Melbourne VIC 3000","ChIJE2g0YABd1moRo7Nfk-VD9TM",""
"Yugen Dining","South Yarra",-37.8392171,144.9954784,"Shop 10/605 Chapel St, South Yarra VIC 3141","ChIJn9VyWUZD1moRfkrepYQ8OXU",""
"Smith & Daughters","Collingwood",-37.8042685,144.9855472,"RED BRICK BUILDING, 107 Cambridge St, Collingwood VIC 3066","ChIJvRkxNdlC1moRH3O0se8KS3s",""
"CHAE","Cockatoo",-37.927113,145.50809,NA,NA,""
"Ho Jiak","Melbourne",-37.8140294,144.9666304,"Level/1 Rainbow Alley, Melbourne VIC 3000","ChIJ3Q1xqnlD1moRw4ozz_wJHK0",""
"Kafeneion","Melbourne",-37.8108709,144.9725904,"First Floor/161 Spring St, Melbourne VIC 3000","ChIJ8-q2fQZD1moRUcRCfSPs4Gw",""
"Vue de Monde","Melbourne CBD",-37.8187,144.9576,"55 Rialto Towers, 525 Collins St, Melbourne VIC 3000","ChIJ4_Vc6dZC1moRlwIXnmb2SgA",""
"Yang Thai","St Kilda",-37.8703652,144.9811705,"49 Blessington St, St Kilda VIC 3182","ChIJ8T7X9npp1moRHwL99rQHFqM",""
"Aunty’s Dumplings","Carlton",-37.8038698,144.9645986,"117 Cardigan St, Carlton VIC 3053","ChIJ77ppVQBD1moRyRkQPZY6ntQ",""
"Masses Bagels","Collingwood",-37.8081943,144.9824487,"5 Smith St, Fitzroy VIC 3065","ChIJ0YRPCQBD1moR23vag6eiLUc",""
"Hopper Joint","Prahran",-37.8492387,144.9920706,"157 Greville St, Prahran VIC 3181","ChIJ25-6fw5p1moRtvwGAWwPMGw",""
"Anchovy","Richmond",-37.8190927,145.0025831,"338 Bridge Rd, Richmond VIC 3121","ChIJcVofVfZC1moRHBXUr9ivGRE",""
"Daphne","Brunswick East",-37.777046,144.971113,"52 Lygon St, Brunswick East VIC 3057","ChIJV0mueydD1moRp_iu39YGqro",""
"Zareh","Collingwood",-37.797961,144.984692,"368 Smith St, Collingwood VIC 3066","ChIJiZh2EwBD1moRazuqi3_p97k",""
"Calere","Fitzroy",-37.8061231,144.9801805,"Unit 1/166 Gertrude St, Fitzroy VIC 3065","ChIJz_xlBTBD1moRPi2yOnEq1ZU",""
"Brae","Birregurra",-38.34615,143.80635,NA,NA,""
"Lee Ho Fook","Melbourne CBD",-37.8155972,144.9713087,"11-15 Duckboard Pl, Melbourne VIC 3000","ChIJA8SzVedC1moRLzSL5TQsovg",""
"Rita’s Abbotsford","Abbotsford",-37.8001054,144.9940531,"239 Johnston St, Abbotsford VIC 3067","ChIJcaqmrRxD1moRpQjDjd2hR4Q",""
"Gerald's Bar","Carlton North",-37.7841767,144.9700912,"920 Lygon St, Carlton North VIC 3054","ChIJE_bIWSVD1moR9POzlVrddkw",""
"Tori’s","Melbourne",-37.8129882,144.961502,"28 Niagara Ln, Melbourne VIC 3000","ChIJAcmPLalD1moR1EzEG1CemwE",""
"Saadi","Melbourne CBD",-37.8104499,144.9710999,"18 Punch Ln, Melbourne VIC 3000","ChIJo1iBlqlD1moRzSjurdmFZZs",""
"Navi","Yarraville",-37.8103516,144.8898858,"83b Gamon St, Yarraville VIC 3013","ChIJY5l3BNFn1moRxrksbibRKD8",""
"Florian","Carlton North",-37.790679,144.97139,"617 Rathdowne St, Carlton North VIC 3054","ChIJp_hhvXZD1moR3BJAOSGWQ0I",""
"Bahama Gold","Brunswick East",-37.7739163,144.9709715,"135 Lygon St, Brunswick East VIC 3057","ChIJIR54NbBD1moRl9tN1pPcTvQ",""
"Dodee Paidang Little Collins Street","Melbourne",-37.8157985,144.9631073,"Basement/353 Little Collins St, Melbourne VIC 3000","ChIJ7zg777RC1moRaJFvBU3kV9E",""
"Suze","Fitzroy North",-37.7905054,144.9773056,"6 Newry St, Fitzroy North VIC 3068","ChIJhaqMUSVD1moRZdAj7L9ZT7U",""
"Tyga","Carnegie",-37.8875676,145.0570913,"91 Koornang Rd, Carnegie VIC 3163","ChIJ-QaJlTBr1moRcQVt9XMl7hI",""
"Stokehouse","St Kilda",-37.8676627,144.9743012,"30 Jacka Blvd, St Kilda VIC 3182","ChIJ8cGZk2Ro1moR7h826w4ydXU",""
"Pebble","West Melbourne",-37.805695,144.95393,NA,NA,""
"Askal","Melbourne",-37.8117006,144.9701113,"167 Exhibition St, Melbourne VIC 3000","ChIJw6oe5shC1moRHs4Wn7XapZU",""
"A1 Bakery Brunswick","Brunswick",-37.7620163,144.9628601,"643-645 Sydney Rd, Brunswick VIC 3056","ChIJtfNxalND1moRwGDPqPDGy58",""
"Tarts Anon Richmond","Richmond East",-37.8313494,144.9948907,"Building 10 Floor Level/658 Church St, Richmond VIC 3121","ChIJk4uRquFD1moRyugPq6amhCI",""
"Pappa Laksa","Burwood",-37.8506976,145.0966528,"26 Burwood Hwy, Burwood VIC 3125","ChIJS5E6koBB1moR_NDO_WdYDCs",""
"Molly Rose","Collingwood",-37.7966551,144.9875616,"279/285 Wellington St, Collingwood VIC 3066","ChIJLzufwGlD1moRfEAfRiBogtU",""
"Luther’s Scoops Brunswick","Brunswick",-37.7656468,144.9627495,"528A Sydney Rd, Brunswick VIC 3056","ChIJIwT5pOpD1moR9kczda9I-6s",""
"Marion Wine Bar","Fitzroy",-37.8054734,144.9758542,"53 Gertrude St, Fitzroy VIC 3065","ChIJl-AFCdtC1moRKdKGswC5nYU",""
"Reed House","Melbourne",-37.8095193,144.9681321,"130 Lonsdale St, Melbourne VIC 3000","ChIJZ2HJSiVD1moRwS481zF9tcg",""
"Gimlet at Cavendish House","Melbourne",-37.8158812,144.9693376,"33 Russell St, Melbourne VIC 3000","ChIJJRqhf2RD1moRJE_NJVnW784",""
"Entrecote","Prahran",-37.849427,144.991519,"142-144 Greville St, Prahran VIC 3181","ChIJneCvP_Jp1moRI394AkMdDjE",""
"Julie","Abbotsford",-37.8027438,145.0034748,"1 St Heliers St, Abbotsford VIC 3067","ChIJnaGyC4tD1moRSQ49Lsk8cIc",""
"Santito","Collingwood",-37.8033362,144.9837513,"174 Smith St, Collingwood VIC 3066","ChIJ0fiHrgdD1moRXAJsrtjVlxw",""
"Ca Com","Richmond",-37.8190889,145.0025182,"336 Bridge Rd, Richmond VIC 3121","ChIJW_iMQi9D1moRsBNGjciwVWo",""
"Bar Carnation","Carlton North",-37.7883489,144.9723742,"386 Rathdowne St, Carlton North VIC 3054","ChIJ8ziL2A5D1moRMX_XSAlV1LA",""
"Taqueria Sin Nombre","Melbourne",-37.8118765,144.966378,"12-14 Celestial Ave, Melbourne VIC 3000","ChIJg8NLKLRD1moR_lw6vwbz7UI",""
"Mamasita","Melbourne",-37.8136394,144.9733909,"Level 1/11 Collins St, Melbourne VIC 3000","ChIJ7aS6NMZC1moRPat4zsZcxA4",""
"Carnation Canteen","Fitzroy",-37.80409,144.9820193,"165 Gore St, Fitzroy VIC 3065","ChIJUc5kRtRD1moRBWmN-0b5-zM",""
"Public Wine Shop","Fitzroy North",-37.7849224,144.9822002,"179 St Georges Rd, Fitzroy North VIC 3068","ChIJ1fuxyglD1moRp3mq_Pqa9Zg",""
"Urbanstead","Abbotsford",-37.8074771,144.9929675,"203 Langridge St, Abbotsford VIC 3067","ChIJx7fiDZZD1moR9EHGZES-9zs",""
"France-Soir","South Yarra",-37.8382608,144.9868879,"11 Toorak Rd, South Yarra VIC 3141","ChIJo5CTOJ5C1moR4QDlRgXnx84",""
"Suupaa","Cremorne",-37.827334,144.9920779,"Shop 1/65 Dover St, Cremorne VIC 3121","ChIJkyd1E3JD1moR3IKkSgkO3WE",""
"Good Measure","Carlton",-37.8011848,144.9666528,"193 Lygon St, Carlton VIC 3053","ChIJBwYNYs5D1moR8N657h-bHVQ",""
"Jim’s Greek Tavern","Collingwood",-37.7988778,144.9857833,"32 Johnston St, Collingwood VIC 3066","ChIJwzZ6AR9D1moRXeXgDvBEqb0",""
"Regulars","Melbourne",-37.8092491,144.9624404,"GROUND FLOOR/38-40 Little La Trobe St, Melbourne VIC 3000","ChIJV3nhjmhD1moR4_RiKcXQMvQ",""
"Enter Via Laundry","Carlton North",-37.7875822,144.976443,"507 Nicholson St, Carlton North VIC 3054","ChIJSzBSfeJD1moR0st6EB74tmk",""
"Apollo Inn","Melbourne",-37.8160208,144.969022,"165 Flinders Ln, Melbourne VIC 3000","ChIJM25XyDFD1moR1a9_2662_oA",""
"Good Days Collingwood","Collingwood",-37.8057617,144.9832999,"86 Smith St, Collingwood VIC 3066","ChIJwXuqH9pD1moRb9vArDUZGsI",""
"Manze","North Melbourne",-37.8048979,144.9490326,"Shop 2/1/5 Errol St, North Melbourne VIC 3051","ChIJ29n5yzBd1moReeHrxSRaMkA",""
"Di Stasio Carlton","Carlton",-37.7984128,144.9668458,"224 Faraday St, Carlton VIC 3053","ChIJDb3e0TZD1moR3n7_vJ9sGyg",""
"Serai","Melbourne",-37.8138937,144.9616895,"Racing Club Ln, Melbourne VIC 3000","ChIJ5dqB9LND1moR5rcHdIXMdgc",""
"O.My","Beaconsfield (cnr of Souter St)",-38.0480279,145.369948,"70 Princes Hwy, Beaconsfield VIC 3807, Australia","ChIJ3TxkI9cb1moRsd5LBbp2n6s",""
"Greasy Zoe's","Yarra Valley",-37.6377004,145.1946745,"Shop 3/850 Heidelberg - Kinglake Rd, Hurstbridge VIC 3099","ChIJbYzQ2-801moROv9FdnshJ2c",""
"Amaru","Armadale",-37.8558133,145.0249461,"1121 High St, Armadale VIC 3143","ChIJQZJjXt5p1moR8e0l-C91LuM",""
"O.My","Beaconsfield",-38.0480279,145.369948,"70 Princes Hwy, Beaconsfield VIC 3807","ChIJ3TxkI9cb1moRsd5LBbp2n6s",""
"Ishizuka","Melbourne",-37.812735,144.969126,NA,NA,""
"Otakoi","Windsor",-37.8562838,144.9926919,"34 Chapel St, Windsor VIC 3181","ChIJI-W0TQVp1moRCKrtUwkfe5k",""
"Cordelia","Carlton",-37.7951292,144.9711774,"180 Rathdowne St, Carlton VIC 3053","ChIJWV9oDURD1moRQLPIcIP6vHY",""
"Aegli","South Melbourne",-37.8313425,144.9613426,"226 Coventry St, South Melbourne VIC 3205","ChIJE8ZQJ0Jp1moRUQDa6oRbAGc",""
"Cumulus Inc.","Melbourne CBD",-37.814956,144.97227,NA,NA,""
"Eat Pierogi Make Love","Brunswick",-37.773137,144.971254,"161 Lygon St, Brunswick East VIC 3057","ChIJqTqK-GxD1moReAfQBbxVCXY",""
"Lagoon Dining","Carlton",-37.7992952,144.9670192,"263 Lygon St, Carlton VIC 3053","ChIJ319l-epD1moRJXzSVfcf1nA",""
"Attica","Ripponlea",-37.8770094,144.9973091,"74 Glen Eira Rd, Ripponlea VIC 3185","ChIJ3eRbuMlC1moRhuHs0dGuR08",""
"Babaji's Kerala Kitchen","Belgrave",-37.910072,145.3533,"1/1644 Burwood Hwy, Belgrave VIC 3160","ChIJq6qqqj4j1moR6Xc2yFz3_x0",""
"Lagotto","Fitzroy North",-37.7915785,144.9762428,"1 York St, Fitzroy North VIC 3068","ChIJ7R2XzZFD1moRR3RX-eqfOnk",""
"Tzaki","Yarraville",-37.8170073,144.8909292,"31 Ballarat St, Yarraville VIC 3013","ChIJySw7TQBn1moRtqF4LAMiIZQ",""
"Trattoria Emilia","Melbourne",-37.8153847,144.962735,"360 Little Collins St, Melbourne VIC 3000","ChIJoboi5rRC1moRd4i9kw4uMY8",""
"Lucia Melbourne","South Melbourne",-37.832268,144.965303,NA,NA,""
"Al Dente Enoteca","Carlton",-37.7964126,144.9748731,"161 Nicholson St, Carlton VIC 3053","ChIJYYCx7wND1moRY3QO3Irt8HQ",""
"Bansho","Armadale",-37.8555403,145.019872,"960 High St, Armadale VIC 3143","ChIJpVoy2ttp1moRmc43laBad_0",""
"Farmer's Daughters","Melbourne CBD",-37.8135541,144.9710252,"95 Exhibition Street, 80 Collins Precinct, Melbourne VIC 3000","ChIJbVfLiJdD1moRk7I8Ws1zp7w",""
"Reine & La Rue","Melbourne CBD",-37.8166579,144.9619566,"380 Collins St, Melbourne VIC 3000","ChIJG8tycKZD1moRI-cgqIq9ld8",""
"Flint","Fitzroy",-37.803192,144.9833533,"199 Smith St, Fitzroy VIC 3065","ChIJ95Ft-7xD1moRkDvyWO7v-Ik",""
"Cicciolina","St Kilda",-37.8685591,144.9800192,"130 Acland St, St Kilda VIC 3182","ChIJ97B53WZo1moRVsljX_qC_0s",""
"Ides","Collingwood",-37.8056161,144.9832832,"92 Smith St, Collingwood VIC 3066","ChIJQVBaVOdC1moRta_DgzH3ERk",""
"Kazuki's","Carlton",-37.804156,144.966067,"121 Lygon St, Carlton VIC 3053","ChIJo332KH9D1moRbva-tqavOIY",""
"MoVida","Melbourne CBD",-37.8167167,144.9691417,"1 Hosier Ln, Melbourne VIC 3000","ChIJjUllVLZC1moRFJto433jNAY",""
"Atria","Melbourne CBD",-37.8146551,144.9526747,"650 Lonsdale St, Melbourne VIC 3000","ChIJe6E7mY1d1moRzO5sp3iYy3A",""
"The Abyssinian","Kensington",-37.788556,144.931827,NA,NA,""
"Freyja","Melbourne CBD",-37.8180765,144.9583657,"477 Collins St, Melbourne VIC 3000","ChIJVXF2EkBd1moRT-ey3QzSwEg",""
"Abla's","Carlton",-37.7977139,144.9710972,"109 Elgin St, Carlton VIC 3053","ChIJoZhs69dC1moRpdaO5bTABe8",""
"Warabi","Melbourne",-37.8182825,144.9600762,"408 Flinders Ln, Melbourne VIC 3000","ChIJCd8m5bJd1moR8Dzy5pgAIII",""
"Melbourne's 50 best cheap eats",NA,-37.8112896,144.9725742,"10 Bourke St, Melbourne VIC 3000","ChIJVePWBsZC1moR67oZW_aUbmA",""
"Melbourne's 50 best bars","Cocktail bars",-37.8158003,144.9715874,"1 Malthouse Ln, Melbourne VIC 3000","ChIJq_Q3_bdC1moRTK6LBjNhFL4",""
"Melbourne's 50 best cafés","Cafés",-37.8146934,144.9582383,"Rear of, 493-495 Little Bourke St, Melbourne VIC 3000","ChIJn1FUnktd1moRgZCDC6aPCcw",""
"Bistro X","Fitzroy",-37.7960459,144.9774903,"62 Rose St, Fitzroy VIC 3065","ChIJKTNweHtD1moRl1bOZnhFS4c",""
"Barragunda Dining","Cape Schanck",-38.4681946,144.8983816,NA,NA,""
"Kolkata Cricket Club","Southbank",-37.8239354,144.9575457,"8 Whiteman St Level 1 Casino, opposite village cinemas, Crown Melbourne, Southbank VIC 3006, Australia","ChIJHcioprBd1moRaHrBNHqzbKI",""
"Malin Melbourne","Carlton North",-37.7888773,144.9716937,"687 Rathdowne St, Carlton North VIC 3054","ChIJPQiaVlFD1moRjIIiJS6zbms",""
"Society","Melbourne CBD",-37.8134939,144.9708076,"80 Collins St, Melbourne VIC 3000","ChIJ86dgj6RD1moR5M6x5twFHAg",""
"Ten Minutes by Tractor","Main Ridge",-38.394716,144.994116,NA,NA,""
"Kadota","Daylesford",-37.3400984,144.1461817,NA,NA,""
"Laura","Merricks North",-38.403064,145.073827,NA,NA,""
"O.MY Restaurant & Bar","Beaconsfield",-38.046203049303,145.367462758878,NA,NA,""
"Restaurant Gaea","Fitzroy",-37.8062367,144.9802686,"166 Gertrude St, Fitzroy VIC 3065","ChIJkeij9p5D1moRyPeZStng1pA",""
"Underbar","Ballarat",-37.5609271,143.8546886,NA,NA,""
"Moonah Restaurant","Connewarre",-38.2724173196746,144.375915130441,NA,NA,""
"Greasy Zoes","Hurstbridge",-37.6377433,145.19456,NA,NA,""
"Doot Doot Doot","Merricks North",-38.344479,145.100645,NA,NA,""
"Lake House","Daylesford",-37.34796,144.137598,NA,NA,""
"Wickens at the Royal Mail Hotel","Dunkeld",-37.653031,142.36352,NA,NA,""
"Bottarga","Brighton",-37.9051891,144.9989756,"198 Bay St, Brighton VIC 3186","ChIJjddJDABp1moRi_A7gH_j5Ls",""
"Sault","Daylesford",-37.3984,144.12251,NA,NA,""
"Oxi Tea Room","Carlton",-37.8063351,144.9619078,"T4/158 Victoria St, Carlton VIC 3053","ChIJvxLnYGZD1moRVVfUejkUzKQ",""
"Polperro Restaurant","Red Hill",-38.370162171316,145.037594626984,NA,NA,""
"Kisume","Melbourne CBD",-37.8162147,144.9687994,"175 Flinders Ln, Melbourne VIC 3000","ChIJ-3pBRbZC1moRYYE99vZuNy8",""
"Chauncy","Heathcote",-36.9147151,144.7006992,NA,NA,""
"Moke Dining","Flinders",-38.4574538,144.9721978,NA,NA,""
"AOI.TSUKI.","South Yarra",-37.8397674,144.9864625,"384 Punt Rd, South Yarra VIC 3141","ChIJy7EaJXpp1moRXOJvk2qDgEc",""
"The Dining Room at Lancemore Lindenderry Red Hill","Red Hill",-38.371522,145.016849,NA,NA,""
"Aru Dining","Melbourne CBD",-37.8145875,144.9656349,"268 Little Collins St, Melbourne VIC 3000","ChIJARJd34JD1moRT-KQvI2OYDA",""
"Paringa Estate","Red Hill South",-38.389082,145.037068,NA,NA,""
"Brown Brothers Restaurant","Milawa",-36.456927,146.429686,NA,NA,""
"Shu Restaurant","Collingwood",-37.7996635,144.9898986,"147 Johnston St, Collingwood VIC 3066","ChIJN6bNPhxD1moRZ4VQzuqdsEE",""
"Babae","Ballarat",-37.5605327,143.8497663,NA,NA,""
"Tulum Restaurant","Balaclava",-37.8689576,144.993939,"217 Carlisle St, Balaclava VIC 3183","ChIJDxSOWUVo1moRK1xilAMadOw",""
"Akaiito","Melbourne CBD",-37.8178461,144.9628663,"349-351 Flinders Ln, Melbourne VIC 3000","ChIJsTAshPlD1moRiTozpCxXZao",""
"Steer Dining Room","South Yarra",-37.8375986,144.9936642,"Ground/15 Claremont St, South Yarra VIC 3141","ChIJESEEXoNC1moR8HpsSvFwd_k",""
"Cape","Cape Schanck",-38.4589993180154,144.894990921021,NA,NA,""
"The Surly Goat","Hepburn Springs",-37.31221,144.1394,NA,NA,""
"Sardine Dining","Paynesville",-37.9195800048679,147.724363207432,NA,NA,""
"Circl Wine House","East Melbourne",-37.8102083,144.9710361,"22 Punch Ln, Melbourne VIC 3000","ChIJ_6a3jnBD1moRmOHCAgpOMNs",""
"Montalto","Red Hill South",-38.408247,145.026792,NA,NA,""
"Philippe","Melbourne CBD",-37.814762,144.9700693,"115 Collins St, Melbourne VIC 3000","ChIJR98TL8hC1moRSLN8MxbWsEE",""
"Neeri Nuff Wine Bar & Kitchen","Neerim",-38.0170475,145.9533261,NA,NA,""
"Sachi","Melbourne",-37.8143727,144.9602655,"179 Queen St, Melbourne VIC 3000","ChIJ__9jqklC1moR5g63qV8IwEo",""
"Tulip Restaurant","Geelong West",-38.1384359617018,144.348588829432,NA,NA,""
"Samesyn 2.0","Torquay",-38.3374566,144.3209765,NA,NA,""
"Lexy Restaurant and Bar","Melbourne CBD",-37.8181237,144.9615771,"377 Flinders Ln, Melbourne VIC 3000","ChIJ15a0GQBD1moRKxktlBsesB0",""
"Alma","Geelong",-38.1499181,144.3617186,NA,NA,""
"Pt. Leo Restaurant","Merricks North",-38.403064,145.073827,NA,NA,""
"The Woodhouse Bar and Grill","Bendigo",-36.761728,144.284267,NA,NA,""
"Osteria Ilaria","Melbourne CBD",-37.8136075,144.9619069,"367 Little Bourke St, Melbourne VIC 3000","ChIJK8X6ObVC1moR5FRk9vmCwHA",""
"Askal","East Melbourne",-37.8117006,144.9701113,"167 Exhibition St, Melbourne VIC 3000","ChIJw6oe5shC1moRHs4Wn7XapZU",""
"Florentino","Melbourne",-37.8117411,144.9708059,"80 Bourke St, Melbourne VIC 3000","ChIJZTDR6shC1moRq3z8gjwyzcg",""
"No.7 Healesville","Healesville",-37.657102,145.50902,NA,NA,""
"Hogget Kitchen","Warragul",-38.1947770322642,145.931235551834,NA,NA,""
"MATSU","Footscray",-37.7994431,144.8949971,"275 Barkly St, Footscray VIC 3011","ChIJfyMnzqxd1moR6bxgp-iSxpg",""
"Il Bacaro","Melbourne",-37.8138632,144.967994,"168-170 Little Collins St, Melbourne VIC 3000","ChIJf2svx8lC1moRuzJmOMcPHHQ",""
"Levantine Hill","Coldstream",-37.6857355,145.4780482,"882 Maroondah Hwy, Coldstream VIC 3770","ChIJX54qFWHV12oRC5ZHGL0Nmo0",""
"Wayward Winery","Waubra",-37.3413308,143.5981866,NA,NA,""
"TarraWarra Estate Restaurant","Yarra Glen",-37.6595109,145.469204,"311 Healesville-Yarra Glen Rd, Yarra Glen VIC 3775","ChIJTQx2jwfV12oRmz2RnON9voE",""
"Eleonore's","Yering",-37.6714522,145.3834001,"42 Melba Hwy, Yering VIC 3770","ChIJx-jh5ErT12oRoDrQCg0QlTM",""
"Tomo-An","South Melbourne",-37.830538,144.9519294,"2 George St, South Melbourne VIC 3205","ChIJ47eZGgBn1moRB-yqHvbkEf0",""
"UMINONO","Prahran",-37.8490151,144.9931631,"24 Chatham St, Prahran VIC 3181","ChIJs7-3uCVD1moR4B0HYna6arA",""
"Bar Magnolia","Brunswick",-37.7706341,144.9613368,"295 Sydney Rd, Brunswick VIC 3056","ChIJ48iZ3FZD1moR4NokAmqQ41s",""
"Bar Liberty","Fitzroy",-37.7989632,144.9828107,"234 Johnston St, Fitzroy VIC 3065","ChIJwfVIJCBD1moRlE1GQd6-LdA",""
"Black Cat Truffles by Liam Downes","Wattle Flat",-37.469691,143.9445118,NA,NA,""
"Le Foyer","Bendigo",-36.7612234,144.2810605,NA,NA,""
"Emerald City","Healesville",-37.6540363,145.5157892,NA,NA,""
"Nomad Melbourne","Melbourne CBD",-37.8161891,144.9683115,"187 Flinders Ln, Melbourne VIC 3000","ChIJXcSD1j9D1moRfZGHKDBtbDo",""
"The Raw","East Geelong",-38.1447527,144.3630588,NA,NA,""
"Maha Restaurant","Melbourne CBD",-37.8181528,144.962662,"21 Bond St, Melbourne VIC 3000","ChIJizFTarNC1moRjM6M4Z_OGAg",""
"Donovans","St Kilda",-37.8685444,144.9751179,"40 Jacka Blvd, St Kilda VIC 3182","ChIJ94Ekm2No1moROEePplstiOk",""
"Alium Dining","Bendigo",-36.7594697,144.2777074,NA,NA,""
"Omnia Bistro & Bar","South Yarra",-37.8391244,144.9954401,"625 Chapel St, South Yarra VIC 3141","ChIJC7lsQJ5C1moRdqnGg4UJVIM",""
"Mongkok Tea House Melbourne","Camberwell",-37.8258081,145.057988,"734 Burke Rd, Camberwell VIC 3124","ChIJLaQl2SxB1moR9iq_Ta6yYQA",""
"du Fermier","Trentham",-37.3885278,144.3220217,NA,NA,""
"Atta Restaurant","Albert Park",-37.8466651,144.9493763,"159/161 Victoria Ave, Albert Park VIC 3206","ChIJWbUMxsJn1moRR5y2_4cavyM",""
"Tedesca Osteria","Red Hill",-38.380839,144.993621,NA,NA,""
"Vinesmith City Cellar Door","Melbourne CBD",-37.814523,144.974164,"1 Flinders Ln, Melbourne VIC 3000","ChIJxXTsJ1tD1moRnsBwlLineZM",""
"Marmelo","East Melbourne",-37.8132791,144.9685141,NA,NA,""
"Emerge","Geelong",-38.1494009,144.3579222,NA,NA,""
"3 Sisters Eatery","Brunswick East",-37.7776902,144.9705566,"Unit 1/41 Lygon St, Brunswick East VIC 3057","ChIJP4WDGeVD1moRwH_lZ8QsxIU",""
"Enoteca Boccaccio","Balwyn",-37.8012706,145.0626406,"level 1/1046 Burke Rd, Balwyn VIC 3103","ChIJY_P62pZB1moRb2B5RC-JJrE",""
"Barmah Park Restaurant & Cellar Door","Moorooduc",-38.2507784219118,145.081597957008,NA,NA,""
"Luci","Melbourne CBD",-37.8150554,144.9597997,"472 Bourke St, Melbourne VIC 3000","ChIJHyzwEIBd1moRTS3vIrmp2ME",""
"Two Noble","Newtown",-38.1498077,144.3346349,NA,NA,""
"Mr Jones","Ballarat",-37.5638043399575,143.865277676684,NA,NA,""
"Bistro Terroir","Daylesford",-37.3403592,144.1453545,NA,NA,""
"Doju","Melbourne CBD",-37.8168746,144.9570946,"530 Little Collins St, Melbourne VIC 3000","ChIJ-dYMAodd1moRz2ycZzGvKXc",""
"Marchesa","Kyneton",-37.2440652,144.449559,NA,NA,""
"Smith Street Bistro","Collingwood",-37.8002354,144.9842903,"300 Smith St, Collingwood VIC 3066","ChIJW6J9EydD1moRAtU78MVef2Q",""
"Many Little Bar & Dining","Red Hill South",-38.3806457,145.0250244,NA,NA,""
"Elm Dining","Bright",-36.7272434,146.9611538,NA,NA,""
"Re’em","Gruyere",-37.6973843,145.4304294,"12-14 Spring Ln, Gruyere VIC 3770","ChIJSx24Htwr1moR-yJJ3AT7Vho",""
"Tinamba Hotel","Tinamba",-37.9624030313909,146.891841888428,NA,NA,""
"Boathouse Daylesford","Daylesford",-37.3483252,144.137314,NA,NA,""
"TUCKA @ Maffco","Maffra",-37.9731174,146.9789253,NA,NA,""
"Ronin Omakase","Melbourne Docklands",-37.8164214,144.9598979,"445 Little Collins St, Melbourne VIC 3008","ChIJe3pJGAtp1moRXV7Fw31P7c0",""
"Grace","Rutherglen",-36.0549083,146.460933,NA,NA,""
"Bacash","South Yarra",-37.8341667,144.9819444,"175 Domain Rd, South Yarra VIC 3141","ChIJrVRewKFC1moRqurLpmm_Hy4",""
"Port Phillip Estate Dining Room","Red Hill South",-38.3626150816252,145.050644331352,NA,NA,""
"Bar Carolina","South Yarra",-37.838679,144.9880041,"44 Toorak Rd, South Yarra VIC 3141","ChIJvUWEEp5C1moRekPwXCImLY8",""
"Di Stasio Citta","Melbourne CBD",-37.8142548,144.974186,"45 Spring St, Melbourne VIC 3000","ChIJJ3GUFnND1moRUIIedeogCpk",""
"Felix","Geelong",-38.1482393,144.3580089,NA,NA,""
"Cecconi's","Melbourne CBD",-37.8150555,144.9725293,"61 Flinders Ln, Melbourne VIC 3000","ChIJ0xwW4cdC1moRe81ERqyUZpk",""
"Messmates Dining","Warragul",-38.161136,145.9311185,NA,NA,""
"KIN","Rutherglen",-35.9943895,146.413775,NA,NA,""
"Terrae","Bendigo",-36.7586111,144.2777778,NA,NA,""
"Clover","Richmond",-37.825586,144.998619,"193 Swan St, Richmond VIC 3121","ChIJ46_-DJhD1moRrwY3DpLdACw",""
"Orlo","Collingwood",-37.8061117,144.9845999,"44 Oxford St, Collingwood VIC 3066","ChIJyzofiuRD1moRonh-IpLTlLo",""
"Caterina's Cucina E Bar","Melbourne CBD",-37.813413,144.9598185,"221 Queen St, Melbourne VIC 3000","ChIJBfO84Epd1moRqwW-D_o9pM4",""
"Miss Amelie","Wodonga",-36.1200516,146.8853341,NA,NA,""
"The Recreation Bistro & Bottleshop","Fitzroy North",-37.7906086,144.9852456,"162-170 Queens Parade, Fitzroy North VIC 3068","ChIJ79VXuxdD1moRk2c3B2GgRx8",""
"Bar Lourinha","Melbourne CBD",-37.812815,144.9725185,"37 Little Collins St, Melbourne VIC 3000","ChIJ-dMSJsZC1moRBR6RQKxblbI",""
"Sogumm","Cremorne",-37.8262491,144.9975788,"466 Church St, Cremorne VIC 3121","ChIJDb-67cJD1moRrG_1E1MiEi0",""
"Miss Mi","Melbourne CBD",-37.8172669,144.9536457,"Corner of Godfrey &, Bourke St, Melbourne VIC 3000","ChIJvxrTqPdd1moRTynlPUYlA2s",""
"Longrain","Melbourne CBD",-37.8106475,144.9712096,"44 Little Bourke St, Melbourne VIC 3000","ChIJme6hTM9C1moRFG6RpYqZL0c",""
"Matilda 159 Domain","South Yarra",-37.8342101,144.9816379,"159 Domain Rd, South Yarra VIC 3141","ChIJt2_DU3dD1moRmyJ310Eupeg",""
"Rare Hare","Merricks North",-38.344479,145.100645,NA,NA,""
"From Here by Mike","Melbourne Docklands",-37.8230083,144.9504421,"9 Maritime Place, Docklands VIC 3008","ChIJz14IdQBd1moR2QRLGUEzSRE",""
"Coombe Yarra Valley","Coldstream",-37.7195662,145.3814742,"673-675 Maroondah Hwy, Coldstream VIC 3770","ChIJr-kFH2gs1moRjZgNurggHTI",""
"ISH Restaurant","Fitzroy",-37.806003,144.981214,"199 Gertrude St, Fitzroy VIC 3065","ChIJR3aA5WhD1moRwD-HOl-Caqk",""
"Pincho Disco","Collingwood",-37.8063845,144.9851097,"59 Cambridge St, Collingwood VIC 3066","ChIJ2S2Alx5D1moRQ2jZa1dB1e4",""
"Midnight Starling","Kyneton",-37.2442131,144.4494618,NA,NA,""
"Ipsos","Lorne",-38.537925,143.974909,NA,NA,""
"European","Melbourne CBD",-37.810884,144.972584,NA,NA,""
"Rockpool Bar & Grill Melbourne","Southbank",-37.8218482,144.96027,"Crown Casino, 8 Whiteman St, Southbank VIC 3006","ChIJs-Q2IlNd1moRXYbJPnkbnjY",""
"Chancery Lane","Melbourne CBD",-37.8159471,144.9601498,"430 Little Collins St, Melbourne VIC 3000","ChIJS4PsEb9d1moRaHhgBa5jPjQ",""
"Sumi","East Geelong",-38.1483457,144.3577023,NA,NA,""
"Komeyui Restaurant","South Melbourne",-37.8302484,144.9540075,"181 Ferrars St, Southbank VIC 3006","ChIJM3C8EO5n1moRRhbVnOMX5bI",""
"SUSHI ON","Kew",-37.8164908,145.0592994,"1135 Burke Rd, Kew VIC 3101","ChIJb4I-NMRB1moRVnHvUjV0AJw",""
"Stefano's Restaurant","Mildura",-34.18271,142.163322,NA,NA,""
"Temaki Sushi Melbourne","Melbourne CBD",-37.8125733,144.9729266,"15 Little Collins St, Melbourne VIC 3000","ChIJ43IaCDdD1moRAunNiIeaCQ8",""
"Scopri","Carlton",-37.7956744,144.9749259,"191 Nicholson St, Carlton VIC 3053","ChIJJZA5ACdD1moRxIAdHMr3F4s",""
"Coda","Melbourne CBD",-37.8157661,144.9698897,"Basement/141 Flinders Ln, Melbourne VIC 3000","ChIJ9duozrdC1moRtuPvobzf_Zs",""
"Marios","Fitzroy",-37.797962,144.9784224,"303 Brunswick St, Fitzroy VIC 3065","ChIJPTa4tyBD1moR8uLRaBjUU4E",""
"Beautiful Jim Key","Brunswick",-37.7752605,144.9595288,"7 Wilson Ave, Brunswick VIC 3056","ChIJm7aq-1td1moRKGpB40WMXtY",""
"Made In Casa","Toorak",-37.8413865,145.0102016,"470 Toorak Rd, Toorak VIC 3142","ChIJSZV6Fflp1moRzj1Yired6Ok",""
"Laikon Deli","Richmond",-37.8189924,145.0021536,"Unit 1/324 Bridge Rd, Richmond VIC 3121","ChIJjeKA_vZC1moR9IHyuo0alK4",""
"Ginza Kagari","Melbourne",-37.8103157,144.9671762,"256 Russell St, Melbourne VIC 3000","ChIJ9SiRCbxD1moRWEyfTv0JMg4",""
"Tochi Deli","Coburg",-37.7428671,144.9656012,"4/12 Victoria St, Coburg VIC 3058","ChIJW4f65END1moRpkdCZzV0v7A",""
"Alpine Hotel","Warburton",-37.7551078,145.68367,"3340 Warburton Hwy, Warburton VIC 3799, Australia","ChIJPd3LmL0yKGsR1dShuDbF0Ko",""
"Kumbira","Altona",-37.868222,144.8301167,"51A Blyth St, Altona VIC 3018","ChIJ9eL8BQBj1moR_K6H87m_NqQ",""
"Luna","Carlton",-37.7983862,144.9665511,"232-234 Faraday St, Carlton VIC 3053","ChIJZXWWHNxD1moRpmktVVCqlpU",""
"Elka","Heidelberg",-37.756055,145.066218,"120 Burgundy St, Heidelberg VIC 3084","ChIJPcrNKyVH1moRZaGwPdPykXs",""
"Baker Bleu","South Yarra",-37.8343149,144.9821161,"183 Domain Rd, South Yarra VIC 3141","ChIJU4vGBQBD1moRpgVZQmARVgY",""
"Aokuma","Hawthorn",-37.8213241,145.025967,"97 Burwood Rd, Hawthorn VIC 3122","ChIJCcxV0SZD1moRzlgfI5C-jGw",""
"Beurre","Canterbury",-37.8246777,145.0818487,"129 Maling Rd, Canterbury VIC 3126","ChIJ2R87ZgBB1moRkBOkfMwhQ3Y",""
"Seoul Tiger 1988","Melbourne",-37.80538,144.958477,"547 Elizabeth St, Melbourne VIC 3000","ChIJafP0NABd1moRcl38elO5tt8",""
"Melbourne Supper Club","Melbourne",-37.8108949,144.9726469,"First Floor/161 Spring St, Melbourne VIC 3000","ChIJVUlb_MVC1moRGtUfRpCN1Y0",""
"Bowltiful","Melbourne",-37.8097595,144.961477,"382-384 Elizabeth St, Melbourne VIC 3000","ChIJ-SUPKQ9D1moRSxoCkFpBX9w",""
"Ling Nan","Melbourne",-37.81128,144.9663498,"207 Lonsdale St, Melbourne VIC 3000","ChIJ8ZbHJ8pC1moR6qZTG3tJO_8",""
"No cuisine","Footscray",-37.7999627,144.9022604,"90 Hopkins St, Footscray VIC 3011","ChIJzaTGlvdd1moRwFbWWHz1yqg",""
"Pick Prik","Melbourne",-37.8126449,144.9693625,"Shop 2/131 Bourke St, Melbourne VIC 3000","ChIJK0iUxgtD1moR3EsdwvJ896g",""
"Raya","Melbourne",-37.8132441,144.9718491,"61 Little Collins St, Melbourne VIC 3000","ChIJV6hLGEhD1moRsJOfJtGAll4",""
"Baguette Studios","North Melbourne",-37.8004778,144.9536146,"15-27 Wreckyn St, North Melbourne VIC 3051","ChIJlSWWqt9d1moRwvk8YZDhi5Y",""
"Garfield Pizzeria","Carlton",-37.7983805,144.9670625,"293/297 Lygon St, Carlton VIC 3053","ChIJNa_uWABD1moRPEIj-sduJWM",""
"Bar Sophia","Glen Iris",-37.864201,145.050183,"161 Burke Rd, Glen Iris VIC 3146","ChIJ94WWdHtr1moRBSho1BzKt4I",""
"Macgregor’s Original","Abbotsford",-37.8015416,144.9976252,"212 Nicholson St, Abbotsford VIC 3067","ChIJ-XJGIt1D1moRaHVd8061STQ",""
"The Butchers Diner","Melbourne",-37.8112896,144.9725742,"10 Bourke St, Melbourne VIC 3000","ChIJVePWBsZC1moR67oZW_aUbmA",""
"Cam’s Kiosk","Abbotsford",-37.8025122,145.003102,"1 St Heliers St, Abbotsford VIC 3067","ChIJfX3HQAdD1moRbdGoBhaEZHw",""
"Burgers","Melbourne",-37.8158957,144.9637306,"97 Elizabeth St, Melbourne VIC 3000","ChIJie5E8bRC1moRE3ybPJFO40k",""
"Bar Local Drop","Collingwood",-37.8051544,144.9885443,"116 Rokeby St, Collingwood VIC 3066","ChIJFVy8hGdD1moRIDcNyAYHKro",""
"Buvons","Melbourne",-37.8170393,144.9627434,"357 Collins St, Melbourne VIC 3000","ChIJMQLJrb5D1moRE3f37SDVl_Q",""
"Portside Market","South Yarra",-37.8460286,144.9925856,"Prahran Market, Stall 512/163 Commercial Rd, South Yarra VIC 3141","ChIJg3T6cvBp1moRNlxG7zDGdfQ",""
"Cafe Effe","Tecoma",-37.9066618,145.3449855,"1551 Burwood Hwy, Tecoma VIC 3160","ChIJ-fg16w0j1moR5vtIU_MTrx0",""
"Cafe Valentina","Highett",-37.9487125,145.0427637,"509 Highett Rd, Highett VIC 3190","ChIJ_0auVwBv1moR-DH8W4CnlYc",""
"Pizza Elettrica","Thornbury",-37.764569,145.013139,"167 Darebin Rd, Thornbury VIC 3071","ChIJIeI8JI5F1moRWJsZn_lazRY",""
"The Irish Times","Melbourne",-37.8162205,144.9604985,"427 Little Collins St, Melbourne VIC 3000","ChIJidRmV0td1moR9NIteGY9FmM",""
"Olala","North Melbourne",-37.8057639,144.9568098,"286-288 Victoria St, North Melbourne VIC 3051","ChIJM5GL9TNd1moR9LBVd3mNwB0",""
"Ka Gyi","Box Hill North",-37.8134958,145.1249702,"768 Station St, Box Hill North VIC 3129","ChIJz-6fLiNB1moR_Cj_PmumOgA",""
"Le Bar Supper Club","Beaumaris",-37.98559,145.034151,"12 N Concourse, Beaumaris VIC 3193","ChIJZcjobW5v1moRd-UqqHhYaKI",""
"Moondrop","Fitzroy",-37.8061153,144.9796345,"Level 1/150-156 Gertrude St, Fitzroy VIC 3065","ChIJhYAPvB9D1moRpAA0YGBbpKU",""
"MKS Spices’n Things","Preston",-37.7430556,145.0033333,"258 High St, Preston VIC 3072","ChIJNci7l_dE1moRhtT-ZxN2bJ4",""
"The Terrace Lounge","Southbank",-37.8246787,144.9594571,"19 Walker St, Southbank VIC 3006","ChIJ1bNCyUJd1moRvD7qY3oIRWk",""
"Blackhearts & Sparrows By The Glass","Fitzroy",-37.7984729,144.9841671,"351 Smith St, Fitzroy VIC 3065","ChIJLwnrcaND1moRa4izfss-1eA",""
"Roemah","South Melbourne",-37.832165,144.964563,"153 Dorcas St, South Melbourne VIC 3205","ChIJPQ2bHixp1moRQSNSwuYOM24",""
"Godby Hotel","South Yarra",-37.8388876,144.9918475,"163 Toorak Rd, South Yarra VIC 3141","ChIJJYOmVexD1moRM_Mxvxqe3jo",""
"Mikey’s","Abbotsford",-37.7997668,144.9939185,"268 Johnston St, Abbotsford VIC 3067","ChIJHSSLYddD1moRfGC15pegB2k",""
"Nora’s Pizza House","Rye",-38.3712964,144.8320683,"2113 Point Nepean Rd, Rye VIC 3941, Australia","ChIJd_7ELPDL1WoRinZEQ6ugPxw",""
"Tavola","Bentleigh",-37.9177567,145.0345455,"309 Centre Rd, Bentleigh VIC 3204","ChIJ66lacFFp1moRwZZL1OA2T20",""
"Frenchie","Melbourne",-37.8136747,144.9732367,"Shop 1/15 Collins St, Melbourne VIC 3004","ChIJf9itwItD1moRZX-j1Hg97ew",""
"Kampot Kitchen","Preston",-37.7517826,145.0014969,"11 High St, Preston VIC 3072","ChIJn2L0iKJF1moRmxlLoVW8Tdk",""
"Otter’s Promise","Armadale",-37.8562785,145.0283168,"1219 High St, Armadale VIC 3143","ChIJTXEIjuBp1moRwXdZSpEd2nQ",""
"Madeleine de Proust","Carlton",-37.7995331,144.9668733,"253 Lygon St, Carlton VIC 3053","ChIJCR2icYFD1moRDfXuGHpoiTs",""
"The Lodge Dining Room","Melbourne",-37.814624,144.9649717,"Level 1/280 Little Collins St, Melbourne VIC 3000","ChIJn1uOtEJD1moRYI8JEMVMz7c",""
"Bomba Bar","Melbourne",-37.8104041,144.9691967,"103 Lonsdale St, Melbourne VIC 3000","ChIJ9yEuL8lC1moRpVtvu92LyWA",""
"Tiamo","Carlton",-37.7981809,144.9670753,"303 Lygon St, Carlton VIC 3053","ChIJa5rRhNZC1moRL8SAEYrRY4I",""
"Pausa Pranzo","Preston",-37.7459936,145.0028057,"166/168 High St, Preston VIC 3072","ChIJ_TaZfPZE1moR5G7E9cLgCME",""
"Bakmi Lim Noodle Project","Melbourne",-37.8111441,144.9656531,"QV Melbourne, Melbourne VIC 3000","ChIJYyJLXwBD1moRc6Aci2iMcy0",""
"American Doughnut Kitchen","Melbourne",-37.8073416,144.9581179,"F-Shed, Queen St, Melbourne VIC 3000","ChIJ03COVuFC1moRWHv_xdB4K6E",""
"Orson","Rosebud",-38.3556243,144.9059586,"1017 Point Nepean Rd, Rosebud VIC 3939, Australia","ChIJpbRHit3J1WoRQ8F1gEC7q50",""
"Uyghur Cuisine","Malvern",-37.8644727,145.028215,"18 Glenferrie Rd, Malvern VIC 3144","ChIJW86yYQBp1moR_7MtlGVc9SU",""
"Late-night dining","Melbourne",-37.8181528,144.962662,"21 Bond St, Melbourne VIC 3000","ChIJizFTarNC1moRjM6M4Z_OGAg",""
"Kokoras","Yarraville",-37.8169684,144.8910091,"27 Ballarat St, Yarraville VIC 3013","ChIJ14vFfwBn1moRNVH01ZOiMcI",""
"Maji Pantry","Collingwood",-37.8067621,144.9863207,"Ground Floor/51 Langridge St, Collingwood VIC 3066","ChIJ66IrAQBD1moRsfQDwxlPzYE",""
"Lune Lonsdale","Melbourne",-37.8146582,144.952673,"670 Lonsdale St, Melbourne VIC 3000","ChIJSxIpYQBd1moRi_QM-kWjcfI",""
"Mondo Gelateria","Melbourne",-37.8134409,144.9625026,"215 Elizabeth St, Melbourne VIC 3000","ChIJ-SpQACBD1moRQ8DKm-CtL8A",""
"Hector’s Kiosk","Melbourne",-37.8136663,144.9633777,"350 Bourke St, Melbourne VIC 3000","ChIJqdHsOp9D1moRtBJ17g-tCVY",""
"Toorak Cellars","Armadale",-37.8505556,145.0141667,"18 Beatty Ave, Armadale VIC 3143","ChIJWQJzpddp1moRuhpInEcaqaI",""
"Sama at Grandview Hotel","Fairfield",-37.7829172,145.0172514,"429 Heidelberg Rd, Fairfield VIC 3078","ChIJOaZ3k49D1moRbJw7pJQ7_zE",""
"Donny’s","Northcote",-37.7807257,144.996576,"61 High St, Northcote VIC 3070","ChIJe92_7dND1moR1TZ87EZ2a8A",""
"Time After Time","Melbourne",-37.8149079,144.9653346,"7 Howey Pl, Melbourne VIC 3000","ChIJEaRNW3lD1moR3K4uqSA8gz0",""
"Hector’s Deli","Melbourne",-37.8129127,144.9716793,"61 Little Collins St, Melbourne VIC 3000","ChIJyT_pbABD1moRDAP0Mbql6QI",""
"Tatik’s Delights","Southbank",-37.8286411,144.9610545,"84 Moray St, Southbank VIC 3006","ChIJT3waAhQnDYgRSggA1H-AvD0",""
"Coupette","Southbank",-37.825033,144.9599599,"90 Queens Bridge St, Southbank VIC 3006","ChIJ83oopWhd1moRLA3hBRdBvQ8",""
"Apa’s Canteen","Melbourne",-37.8155837,144.9629717,"4/353 Little Collins St, Melbourne VIC 3000","ChIJRQaGbQBD1moRJZn5mpSNxbA",""
"Russian Tidbits","Carnegie",-37.8881932,145.0571025,"113 Koornang Rd, Carnegie VIC 3163","ChIJhX_lTyRq1moRFc2_gtrdUcA",""
"Four Kilo Fish","Melbourne",-37.8164053,145.0366813,"834 Glenferrie Rd, Hawthorn VIC 3122","ChIJJZT2G9JD1moRBqAd560C7yU",""
"All you can eat","Carnegie",-37.8877392,145.0576605,"96 Koornang Rd, Carnegie VIC 3163","ChIJc_S6kvxr1moRvmBrt-o3Ka0",""
"Clayton Road Deli","Clayton",-37.927709,145.118817,"397 Clayton Rd, Clayton VIC 3168","ChIJFVxOsCNr1moRT7s9PJr0CBM",""
"Huu Huu Thanh","Footscray",-37.80066,144.9020532,"18 Irving St, Footscray VIC 3011","ChIJ9UKEhChd1moRR5qvlKJQ8Pk",""
"Stalactites","Melbourne",-37.8110808,144.9670491,"177/183 Lonsdale St, Melbourne VIC 3000","ChIJn2OLfMlC1moRMo8rw0Az54c",""
"Common Cuts","Melbourne",-37.8075064,144.9659859,"Ground Floor/380 Russell St, Melbourne VIC 3000","ChIJLcFOPqxD1moR6nHZkBsp1uc",""
"Chowon","Kew",-37.807042,145.030856,"6 Cotham Rd, Kew VIC 3101","ChIJw27N2t5D1moRjUP6VNb1pqE",""
"Da Bepi","Brunswick",-37.7681558,144.9617459,"391 Sydney Rd, Brunswick VIC 3056","ChIJx4OsixZD1moRJaXa8E2i1Q0",""
"Capers","Thornbury",-37.7550903,145.0009986,"843 High St, Thornbury VIC 3071","ChIJq9lr5nNF1moRsrJD93Rg2LU",""
"Taste of Amalfi","Carlton",-37.8008271,144.9662304,"89 Grattan St, Carlton VIC 3053","ChIJWcEORQBD1moRK8M2NxTna0Y",""
"Chayo","Clayton",-37.9259288,145.1193101,"351 Clayton Rd, Clayton VIC 3168","ChIJIT-tZiFr1moR4LS8cbhUQSs",""
"Namma Bangalore Vibbes","Carnegie",-37.8882227,145.057499,"118 Koornang Rd, Carnegie VIC 3163","ChIJJ6Z-IQBr1moRYhG3bLALYcM",""
"Frisco Creamery","Caulfield",-37.8762407,145.0384425,"2/6 Caulfield Bvd, Caulfield North VIC 3161","ChIJ87_4qK9p1moRHsDKnu0NCog",""
"D&K Live Seafood","Footscray",-37.7986979,144.9009448,"Shop 2/28A Leeds St, Footscray VIC 3011","ChIJPbRTf5Fd1moRVagDvGyiP4k",""
"Suga Rays","Melbourne",-37.8093995,144.9597472,"8/120 A'Beckett St, Melbourne VIC 3000","ChIJYxpjXLRd1moR1Lac3eRKrzk",""
"Warkop Melbourne","Melbourne",-37.8125512,144.9730278,"13 Little Collins St, Melbourne VIC 3000","ChIJvfU_mCpD1moRujoDYOY32ig",""
"Glo Gelato","Carlton",-37.8039772,144.966095,"131 Lygon St, Carlton VIC 3053","ChIJbQvgSgxD1moR-Kz5PNyYJzY",""
"Moby","Armadale",-37.8562195,145.0255233,"1150 High St, Armadale VIC 3143","ChIJWbsTb95p1moRi2irIcHrb04",""
"Okay Lucy","Black Rock",-37.975372,145.0165311,"614 Balcombe Rd, Black Rock VIC 3193","ChIJjxC14ppv1moR8djZnJR66iw",""
"Heartattack and Vine","Carlton",-37.7976457,144.9672841,"329 Lygon St, Carlton VIC 3053","ChIJF5Nlh9ZC1moRDINfpKG1o1o",""
"The Cake Club","Armadale",-37.8545586,145.0121688,"722 High St, Armadale VIC 3143","ChIJI93O4Zdp1moRWfhZcXv60rs",""
"Beku Gelato","Carlton",-37.8036356,144.9666556,"150 Lygon St, Carlton North VIC 3053","ChIJD2UgvNFD1moRPUEwTPYaegw",""
"Rising Sun Hotel","Richmond",-37.826379,145.0068719,"395 Swan St, Richmond VIC 3121","ChIJK2QUwV9C1moRzoeo5ii__SY",""
"Jollof Vibe","Flemington",-37.7882135,144.9316919,"268 Racecourse Rd, Flemington VIC 3031","ChIJk8PqvSdF1moR4VC9eJ4TwzI",""
"Banjo’s Social Club","Malvern East",-37.8718469,145.0666462,"Stanley Grose Dr, Malvern East VIC 3145","ChIJ5ztDgn5r1moRqC6uAbGHF0Y",""
"Roule Galette","Carnegie",-37.887933,145.057494,"104 Koornang Rd, Carnegie VIC 3163","ChIJSb6mXyRq1moRjUZLqWisHtQ",""
"Pallino Bar","Thornbury",-37.7543,145.001556,"790 High St, Thornbury VIC 3071","ChIJt4ituItE1moR5GMOramHuDQ",""
"PBK Noodles","Clayton",-37.928153,145.119383,"354 Clayton Rd, Clayton VIC 3168","ChIJF3GDoyNr1moRSCflIGIKbts",""
"Say Cheese","Footscray",-37.8001513,144.9008813,"119 Hopkins St, Footscray VIC 3011","ChIJm5bbrLRd1moRm139LdlsasM",""
"High St Hotel","Prahran",-37.851968,144.995224,"213-215 High St, Prahran VIC 3181","ChIJq8gTeXtp1moRzLBNjOyBnfk",""
"The Esplanade Hotel","Queenscliff",-38.265708,144.6635522,"2 Gellibrand St, Queenscliff VIC 3225, Australia","ChIJm_lN39w21GoRsHbNqNwkO6I",""
"The Laurel Hotel","Ascot Vale",-37.777652,144.9295942,"289 Mt Alexander Rd, Ascot Vale VIC 3032","ChIJfci_mORc1moR0_sxBsmXf3A",""
"The Waterside Hotel","Melbourne",-37.8202248,144.9572612,"508 Flinders St, Melbourne VIC 3000","ChIJqXync1Jd1moRsFcec9xZZuo",""
"Bar Elsie","Brunswick East",-37.7659068,144.9729099,"396 Lygon St, Brunswick East VIC 3057","ChIJEUUpCnJD1moR_B_OqVImINA",""
"Cumbe","Brunswick",-37.764198,144.962428,"551 Sydney Rd, Brunswick VIC 3056","ChIJU1bBz4ND1moRRyboPTzxoio",""
"Mediterranean Wholesalers","Brunswick",-37.766606,144.962671,"482 Sydney Rd, Brunswick VIC 3056","ChIJ2aUmak1D1moRZoT6Esv4neY",""
"Rooftop bar","Fitzroy",-37.7968308,144.9784584,"347 Brunswick St, Fitzroy VIC 3065","ChIJ5bIEz-ND1moRGeSJtkBvDXk",""
"Doutta Galla Hotel","Kensington",-37.7883826,144.9297426,"339 Racecourse Rd, Kensington VIC 3031","ChIJS2zWQRtd1moROmTQz2Mobt8",""
"Sowl","Carnegie",-37.887655,145.057546,"92 Koornang Rd, Carnegie VIC 3163","ChIJi7OLQlZr1moRb3O8HI43aPA",""
"Northern Git","Thornbury",-37.757887,145.0006,"757 High St, Thornbury VIC 3071","ChIJORuL0IhE1moReKge21fhlN8",""
"Blackbird","Melbourne",-37.8147693,144.9723072,"66 Flinders Ln, Melbourne VIC 3000","ChIJG-huZqpD1moReUZmm18Pei4",""
"Ducklicious","Clayton",-37.9281302,145.1195575,"350A Clayton Rd, Clayton VIC 3168","ChIJd-8EfYtr1moRGCqtL-sKT7U",""
"Elka Sushi","Footscray",-37.7987274,144.9013205,"2/7-9 Leeds St, Footscray VIC 3011","ChIJaS9-PwBd1moR5ZRVokoUwKY",""
"Tartine","Armadale",-37.8555497,145.0219724,"1035 High St, Armadale VIC 3143","ChIJH9xorN5p1moRMTrrehjbhUU",""
"Johnny's Green Room","Carlton",-37.7983805,144.9670625,"Level 2/293-297 Lygon St, Carlton VIC 3053","ChIJS3c_WtBD1moRSdoTjZt7llI",""
"T6 Patisserie","Carnegie",-37.887524,145.0576175,"88 Koornang Rd, Carnegie VIC 3163","ChIJdwpZC49r1moRX53Iiux621g",""
"Franklin’s Bar","Thornbury",-37.7599935,145.0006,"646 High St, Thornbury VIC 3071","ChIJDw08A4ZE1moRILv1Cn_KwcQ",""
"Cham","West Melbourne",-37.8075735,144.9554322,"25/31 Peel St, West Melbourne VIC 3003","ChIJq6B00TNd1moRCCM0fc3iBh4",""
"Matt Malaysian","Dingley Village",-37.9830921,145.1140553,"Unit1/2 Garden Blvd, Dingley Village VIC 3172","ChIJ2yU2ucxt1moRRco8_QYbmvI",""
"Modu","Clayton",-37.926461,145.119725,"320 Clayton Rd, Clayton VIC 3168","ChIJUXFp4CNr1moR7W3gL96j0mY",""
"Wolf on Watton","Werribee",-37.9030863,144.6577026,"90A Watton St, Werribee VIC 3030","ChIJ-QdM5N-F1moRkFX7As_ApWc",""
"The Orrong Hotel","Armadale",-37.854208,145.0117245,"709 High St, Armadale VIC 3143","ChIJBbyqKzJp1moRFGmdgXRG-WI",""
"Mandina Kitchen","Carlton",-37.8038067,144.9661337,"143 Lygon St, Carlton VIC 3053","ChIJMaN_Wvpa1moR3nhFBMn5ZgM",""
"Shyun Ramen","Carnegie",-37.8868289,145.0573665,"73 Koornang Rd, Carnegie VIC 3163","ChIJD5NheSRq1moRQ6leIaHcIo0",""
"Maiz y Cacao","Melbourne",-37.8142052,144.9601357,"1/189 Queen St, Melbourne VIC 3000","ChIJLVcUYKRD1moR3lPlRFW4d2s",""
"Crosta D’Oro Hot Bread","Thornbury",-37.7596897,145.0005817,"656 High St, Thornbury VIC 3071","ChIJb1u4pohE1moRzwslctpR3hE",""
"The Grain Emporium","Clayton",-37.9263379,145.1196477,"318 Clayton Rd, Clayton VIC 3168","ChIJjSDwXyFr1moRPZzP8kLIRFU",""
"From Here By Mike","Docklands",-37.8230083,144.9504421,"9 Maritime Place, Docklands VIC 3008","ChIJz14IdQBd1moR2QRLGUEzSRE",""
"Tocca","Werribee",-37.9007801,144.6630193,"33 Watton St, Werribee VIC 3030","ChIJMf7jgCeF1moRYcEpdaBqImA",""
"Plough Hotel","Footscray",-37.7991727,144.8928216,"333 Barkly St, Footscray VIC 3011","ChIJAzlDjPJd1moRmRD9bL_L3bk",""
"Levriero Italiano","Heidelberg",-37.7576802,145.0617251,"89 Mount St, Heidelberg VIC 3084","ChIJlXYEPEVH1moRz_pfnPhipDM",""
"Disuko","Melbourne",-37.8119985,144.9715233,"Level 3/59-63 Bourke St, Melbourne VIC 3000","ChIJS8y9tTVD1moRayt85yADL6g",""
"Bun Bun Bakery","Springvale",-37.9522047,145.1521179,"1/288 Springvale Rd, Springvale VIC 3171","ChIJGXkgkrgU1moRAs4fGTB1ews",""
"The 1860 Romsey","Romsey",-37.3470244,144.7421057,"119 Main St, Romsey VIC 3434, Australia","ChIJl8_TozgH12oRzqHYYqGSRHo",""
"Outdated review","Carlton",-37.8047459,144.9615486,"71 Bouverie St, Carlton VIC 3053","ChIJ9VrAK81C1moR3AEdezwbYXE",""
"Kirk's Wine Bar","Melbourne",-37.813575,144.9613126,"46 Hardware Ln, Melbourne VIC 3000","ChIJ12Q0M7VC1moRdjoh--8GceA",""
"Grazia D’Asporto","Glen Iris",-37.8643101,145.0501912,"157 Burke Rd, Glen Iris VIC 3146","ChIJuZoMwgFq1moR291g9VlR4RI",""
"Hands Down","Fitzroy",-37.8003338,144.9837131,"139-141 Greeves St, Fitzroy VIC 3065","ChIJdXeq2FVD1moRnC-hlbcol24",""
"Micawber Tavern","Belgrave",-37.9002778,145.3569444,"65/71 Monbulk Rd, Belgrave VIC 3160","ChIJLU7IsHcj1moRUwUUdO-bjoE",""
"Breakfast Hola","Melbourne",-37.8101314,144.9587648,"370 Queen St, Melbourne VIC 3000","ChIJJ1GAtI5d1moRc-R1_dSc9pY",""
"The Bearded Pig","Heidelberg West",-37.7315013,145.0481963,"39 Mologa Rd, Heidelberg West VIC 3084","ChIJvTDkrIYP1moRyhQELy7-rOA",""
"Urban Vineyard","Ringwood East",-37.8117184,145.2519209,"98 Railway Ave, Ringwood East VIC 3135","ChIJOy4bfQA71moRIv113IBqeT0",""
"Hanbaobao","Melbourne",-37.8101058,144.9610611,"369 Elizabeth St, Melbourne VIC 3000","ChIJeeMWegBd1moR40ch-tP2dG8",""
"Misuzu's","Albert Park",-37.8418646,144.9533318,"3-7 Victoria Ave, Albert Park VIC 3206","ChIJheF1guZn1moRwQrv7VabmMU",""
"Sushi Uokin","Hawthorn",-37.8217069,145.0352897,"639 Glenferrie Rd, Hawthorn VIC 3122","ChIJb_LNPSZD1moRIMp-lnnMbkQ",""
"Deep End Pizza","Fitzroy",-37.7946446,144.9794764,"412a Brunswick St, Fitzroy VIC 3065","ChIJsVmpJAFD1moRcDA8eH_8bzg",""
"Shelanous","Port Melbourne",-37.8416149,144.9390267,"154 Rouse St, Port Melbourne VIC 3207","ChIJIxTaYORp1moRdyV01dc1nDI",""
"Milawa Bread & Kitchen","Milawa",-36.4492589,146.4326805,"1605 Snow Rd, Milawa VIC 3678, Australia","ChIJ69wtK6nDJmsRWwibnjtnHR0",""
"Ngon Banh Cuon","Melbourne",-37.8125981,144.9604023,"404-406 Lonsdale St, Melbourne VIC 3000","ChIJ77oR-D1d1moRgboZI7BkjGI",""
"Charrd","Brunswick East",-37.776473,144.971323,"74 Lygon St, Brunswick East VIC 3057","ChIJuSMtve9D1moRNV_iDH9kKJs",""
"Sebby’s Scrolls","St Kilda",-37.8623131,144.9741329,"2C Acland St, St Kilda VIC 3182","ChIJBfP1egBp1moRS9DItcEUw9Q",""
"Mr West","Footscray",-37.8005214,144.8993168,"106 Nicholson Street Mall, Footscray VIC 3011","ChIJm_JTi41d1moRjNyo5mvYKL4",""
"Sushi Takezo","Footscray",-37.7998404,144.8991408,"157A Barkly St, Footscray VIC 3011","ChIJAeevYAhd1moRnUDUKr5vcQ8",""
"Mary’s","Collingwood",-37.7990959,144.9872511,"68/70 Johnston St, Collingwood VIC 3066","ChIJkV1jOOZD1moRCaYFYYUlFeU",""
"BiZu Hotpot","Camberwell",-37.8086101,144.9581076,"422 Queen St, Melbourne VIC 3000","ChIJkb3oKqld1moR2IwS_Wk806Y",""
"7 Alfred","Melbourne",-37.8140525,144.9699434,"7 Alfred Pl, Melbourne VIC 3000","ChIJa_yFjxdD1moRVPbFoQv04ZI",""
"Chiaki","Collingwood",-37.8053991,144.986061,"49 Peel St, Collingwood VIC 3066","ChIJW159YUlD1moRuwbKdg6V0N4",""
"Ceylon Spicy Foods","Tullamarine",-37.7005914,144.8743017,"49 Dawson St, Tullamarine VIC 3043","ChIJtaBhQ-Zb1moRG1zszW2sxd4",""
"Lankan Tucker","Carlton",-37.7934599,144.9688355,"570 Lygon St, Carlton VIC 3053, Australia","ChIJV1bDU71c1moRUJP77UtKk1I",""
"Cellar & Caffetteria","Melbourne",-37.814624,144.9649717,"Lower Ground, 280 Little Collins St, Melbourne VIC 3000, Australia","ChIJFZHHDGBD1moRxdTDJGSfWxY",""
"The Pontian Club","Collingwood",-37.8080945,144.9829014,"8 Smith St, Collingwood VIC 3066, Australia","ChIJzZhgcgBD1moRN-LMcFcdGOc",""
"Cantina Moro","Fitzroy",-37.799217,144.9785561,"Ground Floor Rear/274 Brunswick St, Fitzroy VIC 3065, Australia","ChIJn9tAMidD1moRb36BxeV6tB4",""
"Beit Siti","Coburg",-37.7407761,144.962969,"150 Bell St, Coburg VIC 3058, Australia","ChIJ-YBBDn5F1moRHbjaXW3kpk4",""
"Itadakimasu","Darlinghurst",-33.8792901,151.2150799,"2/113-115 Oxford St, Darlinghurst NSW 2010","ChIJTzvP152vEmsRmR6sYYuvUK4",""
"Kismet","Balaclava",-37.8689576,144.993939,"217 Carlisle St, Balaclava VIC 3183","ChIJDxSOWUVo1moRK1xilAMadOw",""
"South End","Newtown",-33.9055365,151.1810863,"644 King St, Erskineville NSW 2043","ChIJSytby2uxEmsRfk01lUTEgkY",""
"Ragazzi Wine and Pasta","Sydney",-33.8669714,151.2081271,"Shop 3/2-12 Angel Pl, Sydney NSW 2000","ChIJTRnbxc6vEmsRnUOl_URYSvs",""
"Lankan Filling Station","East Sydney",-33.8747367,151.2153989,"Ground Floor/58 Riley St, Darlinghurst NSW 2010","ChIJrx_8DhSuEmsRVFYcDCdjmy8",""
"Rowlee Wines","Nashdale",-33.2944007,149.0207695,NA,NA,""
"Comedor","Newtown",-33.8953134,151.1780325,"182-184 Australia St, Newtown NSW 2042","ChIJ67Rsm0qxEmsRBvPYaNGvmd4",""
"The Hook","Kings Cross",-33.8751969,151.2232745,"13-15 Bayswater Rd, Potts Point NSW 2011","ChIJ_1NdBwCvEmsR7viRgafq-wk",""
"Threefold Pastry","Parramatta",-33.816819,151.0049403,"underground) Parramatta Square, 404/12 Darcy St, Parramatta NSW 2150","ChIJC8FPeWWjEmsRyRVgGqnMC7c",""
"Alfie's","Sydney",-33.865653,151.2104365,"Shop 2, 4/6 Bligh St, Sydney NSW 2000","ChIJO9jlcNKvEmsRq_cEp4WQaDs",""
"Nu'u by Nativo","Glebe",-33.8837322,151.1923618,"29 Glebe Point Rd, Glebe NSW 2037","ChIJaUYrgZivEmsRh7dCyRKOQR0",""
"Barrio Cellar","Sydney",-33.8679967,151.2107163,"58 Elizabeth St, Sydney NSW 2000","ChIJzdp2oWquEmsRR-782SE7JuU",""
"Mejico","Sydney",-33.884061,151.2140736,"355 Crown St, Surry Hills NSW 2010","ChIJ34xIS0CuEmsRnEMEuiC7WcQ",""
"Smoking Gringos","Blacktown",-33.7701496,150.9098367,"Shop 2/1 Muru Way, Blacktown NSW 2148","ChIJH_xgPyOZEmsRpX3bTBAppOs",""
"Chica Bonita","Manly",-33.7982361,151.2853794,"9 The Corso, Manly NSW 2095","ChIJR3kDJgmrEmsR1Reu0CBRueo",""
"Cairo Takeaway","Newtown",-33.8985685,151.1749067,"81 Enmore Rd, Newtown NSW 2042","ChIJFfGaLDiwEmsRhPcSYP7EZqc",""
"Chinese Noodle House","Haymarket",-33.8811201,151.2034142,"TG2/8 Quay St, Haymarket NSW 2000","ChIJ_-ae7fyvEmsRSty31Q4dqbI",""
"Bad Hombres","Surry Hills",-33.8811164,151.2090944,"40 Reservoir St, Surry Hills NSW 2010","ChIJ4eypMfGvEmsRNVQrQ8roQw0",""
"Ricos Tacos","Redfern",-33.890579,151.2091982,"305 Cleveland St, Redfern NSW 2016","ChIJjwIpX1axEmsRZUsln1jFi2E",""
"St. Alma","Freshwater",-33.7787537,151.2852746,"20 Albert St, Freshwater NSW 2096","ChIJhffqKJWrEmsR0L4uR18a_Pk",""
"Rosa Cienfuegos Tamaleria & Mexican Deli","Dulwich Hill",-33.90434,151.1437924,"463 Marrickville Rd, Dulwich Hill NSW 2203","ChIJIQ7z80SxEmsRZT7_hjSZmlk",""
"Chiswick","Woollahra",-33.8860068,151.2399899,"65 Ocean St, Woollahra NSW 2025","ChIJ0WADpeStEmsRK5JIs4VSQGs",""
"Bar Mammoni","Sydney",-33.8626863,151.2108475,"Shop/2 Loftus Ln, Sydney NSW 2000","ChIJI91E29CvEmsRkuJRMgZB0Lo",""
"Park House","Mona Vale",-33.6764488,151.305725,"2 Park St, Mona Vale NSW 2103","ChIJJ9HL5aJUDWsROgHRWvQkuG8",""
"Raw Bar","Bondi",-33.888589,151.278172,"1/136 Warners Ave, Bondi NSW 2026","ChIJw0Ypsp-tEmsRhZFFfDQpXGQ",""
"Toko Restaurant","Sydney",-33.8652682,151.2071764,"Lower Ground, Entry at, 275 George St, only NSW 2000","ChIJT-EHWQauEmsRZyvdi-Tn1nA",""
"Chin Chin","Surry Hills",-33.8789358,151.2107284,"69 Commonwealth St, Surry Hills NSW 2010","ChIJ6-90-heuEmsRYDLbI65_yMM",""
"Sweet Belem Cake Boutique","Petersham",-33.8961938,151.1537625,"35B New Canterbury Rd, Petersham NSW 2049","ChIJ4XvvMG2wEmsRLCtou8AyU7A",""
"Pub Life Kitchen","Ultimo",-33.8766667,151.1966667,"265 Bulwara Rd, Ultimo NSW 2007","ChIJFc6Hwy-uEmsRgmTrfcj8G4A",""
"Pilgrims Cronulla","Cronulla",-34.0545708,151.1531585,"3 Surf Rd, Cronulla NSW 2230","ChIJ8weBkhLIEmsRZGr8PAoYBGE",""
"Outfield","Ashfield",-33.9033219,151.129465,"230 Victoria St, Ashfield NSW 2131","ChIJK15BpOe7EmsRisL6wrBGip0",""
"Sushi Jones Japanese Bistro","Alexandria",-33.9022191,151.1950152,"shop 8/2-10 Fountain St, Alexandria NSW 2015","ChIJlckMGMmxEmsRxgqCn6q9gUQ",""
"Babylon Rooftop & Garden Bar","Sydney",-33.8697264,151.2084536,"Level 7/182 Pitt St, Sydney NSW 2000","ChIJ1bVicD6uEmsR84q2UI62xC4",""
"Sunset Sabi","Manly",-33.7947755,151.2853622,"26/28 Pittwater Rd, Manly NSW 2095","ChIJTe5uDQarEmsRWkbq5zvZNYc",""
"BlackBear BBQ Blacktown","Blacktown",-33.7524061,150.9107413,"11/27 Forge St, Blacktown NSW 2148","ChIJcyIzq-GYEmsRgfvIx_Wz9-Y",""
"Macelleria Newtown","Newtown",-33.8984672,151.1751574,"73-75 Enmore Rd, Newtown NSW 2042","ChIJi13MKjiwEmsRLpnBBcm_hNk",""
"Sake Restaurant and Bar Manly","Manly",-33.7997672,151.2846826,"Manly Ferry Wharf Belgrave Street and, West Esplanade, Manly NSW 2095","ChIJZWZmFqurEmsRWpczzkqBpQA",""
"Blackwood Bondi","Bondi Beach",-33.885715,151.2733503,"Shop 3/87-89 Glenayr Ave, Bondi Beach NSW 2026","ChIJhR9TmXutEmsRxZ667CB7Z1k",""
"XOPP","Haymarket",-33.8779498,151.2022124,"Level M, Shop 31/1 Little Pier St, Haymarket NSW 2000","ChIJK25qdWnFwWoRgbtSoQH_ZC8",""
"Frenchies Bistro and Brewery","Rosebery",-33.9168286,151.2029584,"6/61-71 Mentmore Ave, Rosebery NSW 2018","ChIJH5KVFLuxEmsRliZN3e_Hjkw",""
"Nutie Surry Hills","Surry Hills",-33.8860819,151.2094709,"44 Holt St, Surry Hills NSW 2010","ChIJE-8mXkGvEmsRWCbf_8YKVfM",""
"Sushi e","Sydney",-33.8640789,151.2076772,"4/252 George St, Sydney NSW 2000","ChIJcQiKnEGuEmsRvoqPEW0FsuA",""
"Yulli's Brews","Alexandria",-33.9121017,151.1887359,"75A Burrows Rd, Alexandria NSW 2015","ChIJtTesG_ixEmsRp74QAGR_kk4",""
"Rocks Brewing Co Tap House","Alexandria",-33.9163053,151.1915232,"Building 2/160 Bourke Rd, Alexandria NSW 2015","ChIJoWF87K2xEmsR02elLIfuP5s",""
"Mama Mulan","Chatswood",-33.7952056,151.1843564,"Level 1, The Concourse, Chatswood NSW 2067","ChIJW5OJZv2vEmsRpJX4yiOPJOs",""
"Bistecca","Sydney",-33.8632981,151.2078628,"3 Dalley St, Sydney NSW 2000","ChIJ7w7CsmKvEmsR19M0RHhqZL8",""
"SOUL Deli","Surry Hills",-33.8803274,151.2141193,"Shop 1/212 Riley St, Surry Hills NSW 2010","ChIJuaSKbRCvEmsR-8L-t12KKN8",""
"Goodfields Eatery","Lindfield",-33.7748627,151.1693283,"Shop 4/5 37 Lindfield Ave, Lindfield NSW 2070","ChIJ2wThrSKpEmsRSk-m9U2JV_k",""
"Malabar South Indian Restaurant","Darlinghurst",-33.8761523,151.2221477,"1/274 Victoria St, Darlinghurst NSW 2010","ChIJcR3F9Q2uEmsRu1cBbuKG-fA",""
"Chophouse","Sydney",-33.8654401,151.2101016,"25 Bligh St, Sydney NSW 2000","ChIJZ-VZ30GuEmsRwLVCmEo-B2I",""
"The Mayflower","Darlinghurst",-33.8777347,151.2172774,"2/303A Liverpool St, Darlinghurst NSW 2010","ChIJWY95rZSvEmsRpFEoPthEEf4",""
"Bare Naked Bowls","Dee Why",-33.7545564,151.2962706,"11/9 The Strand, Dee Why NSW 2099","ChIJge0yh7KrEmsRUbcwVmh07EY",""
"Okami Marrickville","Marrickville",-33.9134373,151.1534293,"Shop 6 & 7/359 Illawarra Rd, Marrickville NSW 2204","ChIJWV5sH_yxEmsRHIzeTV-hKkU",""
"MuMu","Sydney",-33.8666324,151.2073321,"330C George St, Sydney NSW 2000","ChIJ50FHZs2vEmsRrzNw-VqPOHs",""
"Butter","Surry Hills",-33.8791599,151.2106652,"6 Hunt St, Surry Hills NSW 2010","ChIJRUQv-ReuEmsROZ4_LbJG_G4",""
"Room Ten","Potts Point",-33.8724065,151.2245045,"10 Llankelly Pl, Potts Point NSW 2011","ChIJVdZk1HKuEmsRn_UpO_K5Lag",""
"Love Fish","Barangaroo",-33.8642624,151.201205,"7/23 Barangaroo Avenue, Wulugul Walk, Barangaroo NSW 2000","ChIJXaAxq0euEmsRxiVSeqt-c6w",""
"Yulli's","Surry Hills",-33.8863646,151.2136958,"417 Crown St, Surry Hills NSW 2010","ChIJdeHT3R6uEmsRiF9PXeyVs24",""
"Bonditony's Burger Joint","Bondi Beach",-33.888371,151.271266,"1/144-148 Glenayr Ave, Bondi Beach NSW 2026","ChIJfZKEn5mtEmsRErcPcNnb6IE",""
"Bills","Surry Hills",-33.884061,151.2140736,"355 Crown St, Surry Hills NSW 2010","ChIJfVRIFhmuEmsRPIxaZiroMMg",""
"Ume Burger","Barangaroo",-33.8652528,151.2013759,"33 Barangaroo Ave, Barangaroo NSW 2000","ChIJWX_uoEeuEmsRTaIlI4vTAyI",""
"Eden Bondi","Bondi Beach",-33.8888847,151.2757553,"L106/180 Campbell Parade, Bondi Beach NSW 2026","ChIJzfw_npStEmsR37wOoWpmHvI",""
"Gigi Pizzeria","Newtown",-33.899248,151.1776294,"379 King St, Newtown NSW 2042","ChIJZYGVqTewEmsROixCvu3QE2g",""
"Comeco Foods Cafe","Newtown",-33.9024328,151.1793906,"524A King St, Newtown NSW 2042","ChIJbWuLokOxEmsRLZ7txFwJwQY",""
"Rocker","North Bondi",-33.8893684,151.2837974,"5/39-53 Campbell Parade, North Bondi NSW 2026","ChIJIbYt5XStEmsRk07DqGQZMO4",""
"Gojima","Sydney",-33.8772329,151.2063295,"World Square Shopping Centre, 644 George St, Sydney NSW 2000","ChIJMzrW21-vEmsRtK3GuOuASQY",""
"Kingsleys Woolloomooloo","Woolloomooloo",-33.8678565,151.2206764,"10/6 Cowper Wharf Roadway, Woolloomooloo NSW 2011","ChIJTfBi7G2uEmsRA4yIBZQT_3Q",""
"I Should Be Souvlaki","Newtown",-33.8998306,151.1778513,"399 King St, Newtown NSW 2042","ChIJaS77_WexEmsRagxpY__pPSU",""
"Mister Gee, North Strathfield","North Strathfield",-33.8635197,151.0884262,"Bakehouse Quarter, 2/5 George St, North Strathfield NSW 2137","ChIJ1W0eEJq7EmsRjeg8lZYxijs",""
"Flyover Fritterie","Redfern",-33.8930104,151.199849,"88 Regent St, Redfern NSW 2016","ChIJA7CJeYKvEmsRV2m28ujoRiU",""
"Charcoal Fish, Rose Bay","Rose Bay",-33.8702536,151.268388,"670 New South Head Rd, Rose Bay NSW 2029","ChIJ-bYyNd6tEmsRvk4oa2o5bLo",""
"Frangos Charcoal Chicken","Petersham",-33.8965223,151.153467,"98 New Canterbury Rd, Petersham NSW 2049","ChIJy6QMP22wEmsRNHTngIzGXRU",""
"El Jannah","Newtown",-33.8938247,151.1834312,"156 King St, Newtown NSW 2042","ChIJMZa12_uxEmsR19wPCmP3doc",""
"Beppi's","Darlinghurst",-33.8753629,151.2139325,"21 Yurong St, Darlinghurst NSW 2010","ChIJnbeGnBauEmsR8cWZ2iw4aqw",""
"Machiavelli Ristorante","Sydney",-33.8671505,151.2049296,"123 Clarence St, Sydney NSW 2000","ChIJgVcAr0CuEmsRJjJm03tgFtE",""
"Green Gourmet Vegan St Leonards","St Leonards",-33.8096558,151.1452717,"Unit 9/79-85 Mars Rd, Lane Cove West NSW 2066","ChIJ14i5dd2uEmsRF76nooLEHVg",""
"Alibi Bar & Kitchen","Woolloomooloo",-33.8689608,151.2202432,"inside Ovolo Hotel, 4/6 Cowper Wharf Roadway, Woolloomooloo NSW 2011","ChIJCxkslG2uEmsR9udz8QRgPdQ",""
"4 Pines Brewpub Manly","Manly",-33.7995123,151.2853739,"29/43-45 E Esplanade, Manly NSW 2095","ChIJ5_rQOQmrEmsRSAe4RJKUwh0",""
"Khamsa Cafe","Erskineville",-33.899463,151.1829949,"53 Erskineville Rd, Erskineville NSW 2043","ChIJO3ikQzSwEmsRik07ezQ4NMA",""
"St Kai","Mortdale",-33.9714461,151.0684853,"38 Balmoral Rd, Mortdale NSW 2223","ChIJPZqpE1G5EmsRPoVQjQPptpc",""
"Maggio's Cafe","Cammeray",-33.8220321,151.2105711,"457 Miller St, Cammeray NSW 2062","ChIJt19coriuEmsRpRZWGvYQ9tE",""
"Odd Culture Newtown","Newtown",-33.896096,151.181094,"266 King St, Newtown NSW 2042","ChIJ7eUkmMaxEmsRUuFbAFI2mMk",""
"Two Chaps","Marrickville",-33.905543,151.162027,"122 Chapel St, Marrickville NSW 2204","ChIJeyfMS2iwEmsR-YVhhG0_Pio",""
"Il Baretto","Paddington",-33.8860431,151.2291907,"338 Oxford St, Paddington NSW 2021","ChIJq8AVBhivEmsRXeVe6gzkY7M",""
"Great Dragon Hot Pot Burwood","Burwood",-33.8750214,151.1038537,"53 Burwood Rd, Burwood NSW 2134","ChIJ4XUR22i7EmsRUvnMY9r4QWo",""
"Watsons Bay Boutique Hotel","Watsons Bay",-33.8429855,151.2823156,"10 Marine Parade, Watsons Bay NSW 2030","ChIJg6K8SYqsEmsRc90_ZVkqUzU",""
"Spice World","Haymarket",-33.87852,151.204495,"403a/411 Sussex St, Haymarket NSW 2000","ChIJZTULWCOuEmsRto0juYZvu1Y",""
"Matteo","Double Bay",-33.8776565,151.2418264,"29 Bay St, Double Bay NSW 2028","ChIJ9wNyeuetEmsRbXtFKZ305cM",""
"Pilu Baretto","Freshwater",-33.7815941,151.288598,"Moore Rd, Freshwater NSW 2096","ChIJ30bSfvyqEmsRhkTjq6ii2FY",""
"Bar Reggio","Darlinghurst",-33.8760833,151.2157715,"135 Crown St, Darlinghurst NSW 2010","ChIJS2rfrRauEmsRK_6w6Y3n-7A",""
"Buon Ricordo Ristorante","Paddington",-33.8794351,151.2241799,"108 Boundary St, Paddington NSW 2021","ChIJ7apw8yGpEmsRX_IFE52d9EE",""
"Coogee Wine Room","Coogee",-33.9204554,151.2551481,"Unit 1/222 Coogee Bay Rd, Coogee NSW 2034","ChIJ82Wakg2zEmsR-1UH-GhzvEI",""
"The Dolphin Hotel","Surry Hills",-33.8845735,151.2142969,"412 Crown St, Surry Hills NSW 2010","ChIJYbIpOhmuEmsROmWlFWXgQYM",""
"Olio","Chippendale",-33.884525,151.2016549,"Level 2/2-10 Kensington St, Chippendale NSW 2008","ChIJPzRs_iauEmsREmheCy-tDXk",""
"Coyoacan Social","Eveleigh",-33.8952891,151.1956528,"Shop 8/1 Locomotive St, Eveleigh NSW 2015","ChIJp4jjJ1uxEmsR2D37SCL1PNs",""
"Bibo Wine Bar","Double Bay",-33.8782013,151.2416013,"7 Bay St, Double Bay NSW 2028","ChIJdaTvcuetEmsRWptnNfK1EhQ",""
"Misc. Parramatta","Parramatta",-33.8064389,150.9979104,"Little Coogee, Parramatta Park, Byrnes Avenue, Parramatta NSW 2150","ChIJp2vE_5OjEmsRA_EnUxF6nTc",""
"Rollers Bakehouse","Manly",-33.7979455,151.2876025,"19 Rialto Ln, Manly NSW 2095","ChIJV3fgQ0yrEmsRDvqdBVbJ5Io",""
"Good Fella Coffee","Bella Vista",-33.7319084,150.9462008,"G07/5 Celebration Dr, Bella Vista NSW 2153","ChIJW-Sx_VCfEmsRuFWSbWoynQc",""
"Niji Sushi Bar","Kingsford",-33.9229937,151.2270515,"333 Anzac Parade, Kingsford NSW 2032","ChIJ8wUCN4-xEmsRpdkT9YOH32U",""
"Zushi Surry Hills","Surry Hills",-33.881331,151.214503,"2A/285A Crown St, Surry Hills NSW 2010","ChIJF_Y_5hGuEmsRpcnJeXOy-x4",""
"A.P Town","Newtown",-33.8938707,151.1838481,"1a Bucknell St, Newtown NSW 2042","ChIJ_YVftmGxEmsR_OklRLssZ5s",""
"Wild Cockatoo Bakery","Waterloo",-33.8958779,151.198897,"30 Botany Rd, Alexandria NSW 2015","ChIJ46Dlo9qxEmsRZUEPIeUBiQk",""
"Sonoma Bakery Rose Bay","Rose Bay",-33.8704105,151.2690393,"779 Shop 1, 779 Shop/1 New South Head Rd, Rose Bay NSW 2029","ChIJh6JeJK6tEmsRHHEItceDl_M",""
"Small's Deli","Potts Point",-33.872833,151.2229259,"1/166 Victoria St, Potts Point NSW 2011","ChIJaye-EYyvEmsR5TxERYP1U6c",""
"Jensen's Restaurant","Kareela",-34.0173789,151.0804579,"Shop 1/13 Freya St, Kareela NSW 2232","ChIJCY8AGJ24EmsRS1auMmwsCVs",""
"Wholegreen Bakery CBD","Sydney",-33.8716284,151.2054569,"257 Clarence St, Sydney NSW 2000","ChIJcSAHPAKvEmsRn1bdxwDCt3s",""
"Lox in a Box","North Bondi",-33.8855644,151.2741516,"27 Blair St, North Bondi NSW 2026","ChIJcZF4r4GtEmsRPDljtoGXbbw",""
"Colombo Social","Enmore",-33.8987151,151.1728273,"159 Enmore Rd, Enmore NSW 2042","ChIJ8fk8PrSxEmsRtXW0ms5hdV8",""
"The Grounds of Alexandria","Alexandria",-33.9106777,151.1941376,"7a/2 Huntley St, Alexandria NSW 2015","ChIJFbIJpLaxEmsRSrzMZif-DK8",""
"Cherry Moon General Store","Annandale",-33.8847324,151.1726697,"77 Nelson St, Annandale NSW 2038","ChIJV4QzSJWxEmsR0ODiJI4LWBU",""
"Milk Haus","Woodstock",-35.3387487,150.4162864,NA,NA,""
"La Coppola","Redfern",-33.892394,151.2019928,"152 Redfern St, Redfern NSW 2016","ChIJp_C6fdmxEmsRjRBfhF4XElY",""
"Donny's Pizza","Abbotsford",-33.8482046,151.1279688,"547 Great N Rd, Abbotsford NSW 2046","ChIJoaIKphilEmsRg-GID2G8RYQ",""
"Continental Deli Bar Bistro CBD","Sydney",-33.8685813,151.2110379,"167 Phillip St, Sydney NSW 2000","ChIJ9aqIr2quEmsR9VQbD93P-vY",""
"Albee's Kitchen","Campsie",-33.9123803,151.1043385,"273Beamish Street, Campsie NSW 2194","ChIJLwVL50-6EmsR0GW33ExMglM",""
"Din Tai Fung","Sydney",-33.8701223,151.2092497,"SHOP K504/5/188 Pitt St, Sydney NSW 2000","ChIJpy35S9miEmsR5oS5PSbtkcs",""
"The Grounds of the City","Sydney",-33.8721013,151.2073252,"Shop RG 12/500 George St, Sydney NSW 2000","ChIJ2QUmiz6uEmsRQfMmet7xkzs",""
"Ramen Goku","Glebe",-33.8837884,151.1917073,"30 Glebe Point Rd, Glebe NSW 2037","ChIJh6aNFiquEmsRekxPT8CWoG0",""
"Mjolner","Redfern",-33.8899331,151.2073521,"267 Cleveland St, Redfern NSW 2016","ChIJx9SlCt-xEmsRmMws7kMi-2Q",""
"The Streets of Barangaroo","Barangaroo",-33.8647227,151.20153,"Barangaroo Ave, Barangaroo NSW 2000","ChIJwzkSB0euEmsRcevACowYnts",""
"Camperdown Commons","Camperdown",-33.8881906,151.1766096,"31A Mallett St, Camperdown NSW 2050","ChIJ66F6Ei-wEmsR4SyYIunTuvM",""
"Tramsheds","Forest Lodge",-33.8765965,151.1780118,"1 Dalgal Wy, Forest Lodge NSW 2037","ChIJF1LxmNevEmsR7M5AIFDhrDU",""
"The Sultan's Table","Enmore",-33.8987546,151.172254,"179 Enmore Rd, Enmore NSW 2042","ChIJjUAI9TiwEmsRl7cMZWCUimo",""
"Bourke Street Bakery Surry Hills","Surry Hills",-33.8894017,151.2148985,"633 Bourke St, Surry Hills NSW 2010","ChIJx-faFB6uEmsRevjOprb650A",""
"The Pie Tin","Newtown",-33.8952833,151.1823694,"1a Brown St, Newtown NSW 2042","ChIJ8z9DyjOwEmsR_JZnc7sz8qw",""
"Mecca Alexandria","Alexandria",-33.906565,151.19999,"26 Bourke Rd, Alexandria NSW 2015","ChIJ92I17cexEmsRQMdkCcGReCI",""
"Coogee Pavilion","Coogee",-33.9187131,151.2582441,"Ground Floor, Level 3/169 Dolphin St, Coogee NSW 2034","ChIJ2ThjI2uyEmsR6UvMBDo6FJs",""
"Flying Fajita Sistas","Glebe",-33.8828544,151.1909765,"65 Glebe Point Rd, Glebe NSW 2037","ChIJKwAxRiquEmsRSu2mwD57mMQ",""
"Brewtown Newtown","Newtown",-33.8939016,151.1823852,"6-8 O'Connell St, Newtown NSW 2042","ChIJExZmFTKwEmsReP_uIMPdOOI",""
"Fleetwood Macchiato","Erskineville",-33.899237,151.182875,"43 Erskineville Rd, Erskineville NSW 2043","ChIJq2CSQTSwEmsRCzy1NUM4EpA",""
"St Jude","Redfern",-33.8942917,151.2140778,"Unit 1/728 Bourke St, Redfern NSW 2016","ChIJfTUWGOGxEmsRdwn4Oz5twtc",""
"Vacanza in the Hills","Surry Hiills",-33.8850846,151.2158434,"414 Bourke St, Surry Hills NSW 2010","ChIJTxJaVxmuEmsRLSL0P10qgxk",""
"Buffalo Dining Club","Darlinghurst",-33.8776015,151.2219243,"116 Surrey St, Darlinghurst NSW 2010","ChIJx_ISAg6uEmsR0OAJjTiFFA0",""
"The Beresford Hotel","Surry Hills",-33.8832256,151.2164609,"354 Bourke St, Surry Hills NSW 2010","ChIJSevoKhquEmsR6DYpvkUsgr0",""
"Gelato Messina","Darlinghurst",-33.8779953,151.221219,"Shop 1/241 Victoria St, Darlinghurst NSW 2010","ChIJLYc65hGuEmsRiAwJnApQCYk",""
"Nobu Melbourne","Southbank",-37.8220682,144.959651,NA,NA,""
"Yum Sing House Restaurant & Karaoke Bar","Melbourne",-37.8109947,144.9608988,"22 Sutherland St, Melbourne VIC 3000","ChIJzwKhdOFd1moRdcNIShZQKHY",""
"Good Times","Fitzroy North",-37.78406,144.9833473,"214 St Georges Rd, Fitzroy North VIC 3068","ChIJ33a4fRVD1moRnrtdAOQGprE",""
"Ophelia","Northcote",-37.7801886,144.996533,"85 High St, Northcote VIC 3070","ChIJDQFNIgBD1moR9vBbvcF8HZ8",""
"Juni","Melbourne",-37.8123634,144.9709725,"136 Exhibition St, Melbourne VIC 3000","ChIJr9Ywi61D1moR6vtTsC3LPn0",""
"Chéri","South Melbourne",-37.8325883,144.9581948,"285-287 Coventry St, South Melbourne VIC 3205","ChIJQXVk9v5n1moRq0MkvzOEkkE",""
"D.O.C Osteria","Carlton",-37.7992964,144.9674499,"326-328 Lygon St, Carlton VIC 3053","ChIJO2ji-5FD1moR66LmVG-iVNg",""
"Ruckers Hill","Northcote",-37.780236,144.9964901,"83 High St, Northcote VIC 3070","ChIJU40Lia5D1moRluIuZkzkuCU",""
"Il Mercato Centrale Melbourne","Melbourne",-37.8182319,144.9558217,"546 Collins St, Melbourne VIC 3000","ChIJ_9b3SgRd1moRcSC2__m5ijM",""
"Morena Melbourne","Melbourne",-37.8132875,144.9706799,"71 Little Collins St, Melbourne VIC 3000","ChIJGymjU4dD1moR-yBFJtuXfJY",""
"Park Street Pasta & Wine","South Melbourne",-37.8354845,144.9601062,"268 Park St, South Melbourne VIC 3205","ChIJBUoU5v1n1moRef3AQ8fktoo",""
"SamSam Chicken","Melbourne",-37.8128726,144.9651257,"209 Swanston St, Melbourne VIC 3000","ChIJA2zrc8pC1moREF6nZ6zvneM",""
"Suzie Q","Prahran",-37.8502076,144.9933968,"247 Chapel St, Prahran VIC 3181","ChIJKanMs4lp1moRYpKVs0J4pSQ",""
"Vivid Cafe & Lounge","Hawthorn",-37.8234368,145.0354029,"Unit 114/616 Glenferrie Rd, Hawthorn VIC 3122","ChIJI09qncBD1moRLRg4HmYq3X8",""
"Code Black Coffee Flinders Lane","Melbourne",-37.8162102,144.9681825,"189 Flinders Ln, Melbourne VIC 3000","ChIJWeak6YBD1moRtfyrERisY4Q",""
"Bibi Ji","Carlton",-37.8015059,144.9664754,"179 Lygon St, Carlton VIC 3053","ChIJ5TqQujtD1moR-t44myPEra4",""
"North Fitzroy Arms Hotel","Fitzroy North",-37.785323,144.979975,"296 Rae St, Fitzroy North VIC 3068","ChIJiwfcjbVC1moRCx1GT3Uc-x0",""
"CDMX Brunswick East","Brunswick East",-37.7687014,144.9719611,"315 Lygon St, Brunswick East VIC 3057","ChIJA32iAgVD1moR2PaFUFt-dwg",""
"Moon Dog Wild West","Footscray",-37.8000973,144.9038181,"54 Hopkins St, Footscray VIC 3011","ChIJWz3NbABd1moRtLFcBZT5cc4",""
"Rumi","Brunswick East",-37.7719503,144.9792143,"2 Village Ave, Brunswick East VIC 3057","ChIJT-bRkEhD1moRPa1XklGEW3M",""
"Ichi Ni Nana Izakaya","Fitzroy",-37.8037534,144.977392,"127 Brunswick St, Fitzroy VIC 3065","ChIJ-YAm_9tC1moRnZRPqyOwioA",""
"Quando Quando Cucina & Bar","Melbourne",-37.8158154,144.9623831,"Collins Gate, 2/377 Little Collins St, Melbourne VIC 3000","ChIJ8QOvavpD1moRVsbU0-6wWD4",""
"Krabby's Crab Boil","Docklands",-37.8123815,144.9378477,"District Docklands CCF01, LEVEL 1/3-6 Star Circus, Docklands VIC 3008","ChIJVVUVuVpd1moRPzLxtQn5TtE",""
"The Boiling Crab","Melbourne",-37.8120758,144.965787,"4 Tattersalls Ln, Melbourne VIC 3000","ChIJdZ7VogpD1moR6WGRyrrGb0Y",""
"Supper Inn","Melbourne",-37.8118638,144.966165,"Level 1/15 Celestial Ave, Melbourne VIC 3000","ChIJA_96JcpC1moRASVdkMBhpCc",""
"Mamak Melbourne","Melbourne",-37.8122826,144.9615784,"366 Lonsdale St, Melbourne VIC 3000","ChIJRT4KVLVC1moRKIuOYju-MMg",""
"David's","Prahran",-37.8505448,144.9940563,"4 Cecil Pl, Prahran VIC 3181","ChIJeWToVyVo1moRASnUDY7LJLY",""
"Estelle","Northcote",-37.7732119,144.9979146,"243-245 High St, Northcote VIC 3070","ChIJq0x33EBD1moREQcWMZ_dmyU",""
"MING Dining","Melbourne",-37.81136,144.9587759,"299 Queen St, Melbourne VIC 3000","ChIJv3JroR1d1moR9luQ-eyUM5Q",""
"Half Acre","South Melbourne",-37.8297849,144.9451864,"112 Munro St, South Melbourne VIC 3205","ChIJ56iQRp1n1moR2k03Cm0oMfA",""
"The Tea Rooms 1892","Melbourne",-37.8158023,144.9646633,"Shops 1 & 2 The Block Arcade, Collins St, Melbourne VIC 3000","ChIJtVWcGztD1moRw7zA37a4_fg",""
"Pizza Meine Liebe","Northcote",-37.7735016,144.9978902,"231 High St, Northcote VIC 3070","ChIJe_fhj3tD1moRuuvfAnK1_wY",""
"Suzuran","Camberwell",-37.8216733,145.0583116,"1025-1027 Burke Rd, Camberwell VIC 3124","ChIJv862LJ1C1moRj0UxvbuR6FA",""
"Small Batch Roasting Co.","North Melbourne",-37.8043369,144.9545001,"3-9 Little Howard St, North Melbourne VIC 3051","ChIJ2zpQRjFd1moRr8ns-bIfQhY",""
"Neptune","Windsor",-37.852325,144.995225,"212 High St, Windsor VIC 3181","ChIJ-5EuETBo1moRlq16UbLBwdk",""
"Dainty Sichuan","South Yarra",-37.8393109,144.9930073,"176 Toorak Rd, South Yarra VIC 3141","ChIJE4v9FMlC1moRW6YQxOcagjU",""
"Marble Yakiniku","Glen Waverley",-37.878724,145.1649747,"G02-G03/52-54 Osullivan Rd, Glen Waverley VIC 3150","ChIJex1YDiQ_1moRdxeXWv-fh8M",""
"Kan Eang","Melbourne",-37.8171948,144.963891,"306 Flinders Ln, Melbourne VIC 3000","ChIJASdshWZD1moRNYclBX57oqI",""
"The Borek Shop","Melbourne",-37.807059,144.9593071,"Deli Hall, Queen Victoria Market, Shop 95 Therry St, Melbourne VIC 3000","ChIJj5fKmbRd1moRMHjHaVQujQI",""
"Shira Nui","Glen Waverley",-37.8787496,145.1657336,"247 Springvale Rd, Glen Waverley VIC 3150","ChIJm5EvKLk_1moRrHnViDlQA0E",""
"Padre Coffee Brunswick East","Brunswick East",-37.7641144,144.9732824,"438 Lygon St, Brunswick East VIC 3057","ChIJYeSX8llD1moReVgb27XXvqY",""
"The Flour","West Melbourne",-37.8059936,144.954764,"199 Victoria St, West Melbourne VIC 3003","ChIJPYYKhaVd1moR-kE8-wrrtDM",""
"INI Studio","Carlton",-37.8045325,144.9612071,"225 Queensberry St, Carlton VIC 3053","ChIJIwo0SFFD1moRuilDO0Voe1Y",""
"Chin Chin","Melbourne",-37.8156149,144.9703757,"125 Flinders Ln, Melbourne VIC 3000","ChIJ__3SxLdC1moRvQXAfpwM1hI",""
"Railway Club Hotel","Port Melbourne",-37.8337664,144.9443284,"107 Raglan St, Port Melbourne VIC 3207","ChIJ2e9rA_Jn1moRXD5vIRZlMMo",""
"Claypots Barbarossa","Melbourne",-37.8129361,144.9608111,"79 Hardware Ln, Melbourne VIC 3000","ChIJweJ2ykpd1moRRyMo9w9N4zg",""
"Richmond Oysters","Richmond",-37.8262953,144.9981382,"437 Church St, Richmond VIC 3121","ChIJrVK98YxC1moR7lPftqKYoCs",""
"L'Hotel Gitan","Prahran",-37.8461217,144.9868836,"32 Commercial Rd, Prahran VIC 3181","ChIJHWT8piNo1moR5k5taLoM_BM",""
"The Kettle Black","South Melbourne",-37.8340784,144.9713383,"Fifty Albert, 50 Albert Rd, South Melbourne VIC 3205","ChIJrVqwpwJo1moRJ5oA8Rm_SBY",""
"Aunty Peg's","Collingwood",-37.8028093,144.9870052,"200 Wellington St, Collingwood VIC 3066","ChIJOc2VxeFC1moR7HgPdWw5KME",""
"Kissaten Alphington","Alphington",-37.7826978,145.0218218,"538-540 Heidelberg Rd, Alphington VIC 3078","ChIJ27s5a5lD1moRthLxR64nKa8",""
"Axil Coffee Roasters","Hawthorn",-37.8226075,145.0342781,"322 Burwood Rd, Hawthorn VIC 3122","ChIJ2-ShXzFC1moRFSFI9lFKM7c",""
"Lamb on Chapel","South Yarra",-37.8456415,144.9945578,"394 Chapel St, South Yarra VIC 3141","ChIJCZTYoyho1moRIcvSDyAxv5U",""
"Pacific Seafood BBQ House","Richmond",-37.8105139,144.9990648,"8/240 Victoria St, Richmond VIC 3121","ChIJhx9cBvxC1moRIRDuZL--BIg",""
"Mansae Korean BBQ - CBD","Melbourne",-37.8078549,144.9589149,"16 Dhanga Djeembana Walk, Melbourne VIC 3000","ChIJnRHg-Qld1moRVlRUGMBpybo",""
"Tsukiji Restaurant","Prahran",-37.8520967,144.9958855,"237 High St, Prahran VIC 3181","ChIJn7TsIzBo1moRLCEGE5BsEhQ",""
"Arcadia Hotel","South Yarra",-37.838539,144.98666,"2 Toorak Rd, South Yarra VIC 3141","ChIJETsOOp5C1moRYCqryEDomLg",""
"Eleni's Kitchen + Bar","Yarraville",-37.816575,144.8904979,"28 Anderson St, Yarraville VIC 3013","ChIJY4QRRUNn1moRdM8ZcRZErSI",""
"Middletown","Prahran",-37.8519878,144.995607,"229 High St, Prahran VIC 3181","ChIJe_MXIjBo1moR6AxYgCf1vdk",""
"Gracie Greco","Camberwell",-37.831721,145.0582421,"536 Riversdale Rd, Camberwell VIC 3124","ChIJPbhRWvxB1moRtf5U6LTpeWA",""
"Maker Coffee","Richmond",-37.8161665,145.0113816,"47 North St, Richmond VIC 3121","ChIJfwM3SFFC1moRqHiTyaepYTQ",""
"Hector's Deli","Richmond",-37.8142635,145.0046377,"1/94 Buckingham St, Richmond VIC 3121","ChIJtVdgmvhC1moROxwhKPwolNQ",""
"Bahari","Melbourne",-37.8255448,144.9975876,"179 Swan St, Melbourne VIC 3121","ChIJz3uC54xC1moRiLd_lbkKGUQ",""
"Laksa King","Flemington",-37.7878851,144.9295518,"6-12 Pin Oak Cres, Flemington VIC 3031","ChIJkemWxuJd1moRLEcaQW9ebPs",""
"Central Club Hotel","North Melbourne",-37.8059077,144.9581323,"240 - 248 Victoria St, North Melbourne VIC 3051","ChIJldlFgTNd1moRNkHrh7v2vIY",""
"ShiHuiShi","Sorrento",-38.3366661,144.7423248,NA,NA,""
"Vegie Bar","Fitzroy",-37.7958476,144.9791008,"380 Brunswick St, Fitzroy VIC 3065","ChIJ2VtFFSFD1moRSdG9BsaTtow",""
"1800 Lasagne","Thornbury",-37.7610659,144.9998472,"1/653 High St, Thornbury VIC 3071","ChIJWy28qTZF1moRp1CFTN2XSVw",""
"Transformer","Fitzroy",-37.7957846,144.9791301,"Enter through Girls & Boys Gelato, 382 Brunswick St, Fitzroy VIC 3065","ChIJJ0HrFCFD1moRblRvHqNz5N4",""
"The Hall at Welcome to Brunswick","Brunswick",-37.7685363,144.9622067,"400 Sydney Rd, Brunswick VIC 3056","ChIJowkkxUxD1moRyj_mpejo10c",""
"Wide Open Road","Brunswick",-37.7763047,144.9612147,"274 Barkly St, Brunswick VIC 3056","ChIJt_EqLTVD1moRpkK9XYJ9y4A",""
"Seven Seeds","Carlton",-37.8029711,144.9590027,"114 Berkeley St, Carlton VIC 3053","ChIJvdx3kjJd1moRHnjYhByshFo",""
"The Carringbush Hotel","Abbotsford",-37.8071777,144.9934719,"228 Langridge St, Abbotsford VIC 3067","ChIJZfCROuNC1moRi5-ULw6r9ko",""
"St Ali","South Melbourne",-37.8312475,144.960354,"12-18 Yarra Pl, South Melbourne VIC 3205","ChIJJ5bS6P9n1moRx76U3LjtN1A",""
"Funghi e tartufo","Melbourne",-37.8133452,144.9611632,"60 Hardware Ln, Melbourne VIC 3000","ChIJS7Isy0pd1moRJ_OtJEaZ6Qs",""
"The Cornish Arms Hotel","Brunswick",-37.7734028,144.9608767,"163A Sydney Rd, Brunswick VIC 3056","ChIJRwm4S7Vc1moRsQe2HMiLwyE",""
"Ms Frankie","Cremorne",-37.825949,144.9907407,"24 Cremorne St, Cremorne VIC 3121","ChIJf29jz5NC1moRCwLS8xhlc-s",""
"Sister of Soul","St Kilda",-37.867712,144.978752,"73 Acland St, St Kilda VIC 3182","ChIJ0-FhkWZo1moRwrqMpYBhXPE",""
"Trippy Taco","Fitzroy",-37.8064848,144.9824261,"234 Gertrude St, Fitzroy VIC 3065","ChIJcd_uiN1C1moRzpPGj4Ps1Og",""
"Kickin' Inn Port Melbourne","Port Melbourne",-37.8364838,144.9439659,"309 Bay St, Port Melbourne VIC 3207","ChIJ74_tB41n1moRQ42ko67Zrlw",""
"Thirty Eight Chairs","South Yarra",-37.8411108,144.9946972,"4 Bond St, South Yarra VIC 3141","ChIJK3URt4JC1moRRZS4-HardUU",""
"Victor Churchill","Armadale",-37.8552206,145.020079,"953 High St, Armadale VIC 3143","ChIJ7T-oxPVp1moR91ghhXJ6A1Q",""
"Neko Neko","Fitzroy",-37.8061741,144.9827069,"83A Smith St, Fitzroy VIC 3065","ChIJW4bK891C1moRPm01iEPBwuI",""
"Hella Good | Fitzroy","Fitzroy",-37.8010144,144.9835792,"113 St David St, Fitzroy VIC 3065","ChIJ2Xshz2VD1moRg3ettj8CBmI",""
"Red Sparrow Pizza","Collingwood",-37.7958412,144.9773107,"60 Rose St, Fitzroy VIC 3065","ChIJr_R_zBhD1moROczLOdHOyU0",""
"Tipico","Windsor",-37.8522978,144.9958806,"242 High St, Windsor VIC 3181","ChIJEaSsJDBo1moRFBYy_Fi-NpE",""
"Lambs on Malvern","South Yarra",-37.8468085,144.9944707,"245 Malvern Rd, South Yarra VIC 3141","ChIJvR5qVC9o1moRyiyatOWmPCs",""
"Osteria Renata","Prahran",-37.8533472,145.0031289,"436-438 High St, Prahran VIC 3181","ChIJN6ZaYyhp1moRJzzb_FYtlvI",""
"The Coopers Inn","Melbourne",-37.8091597,144.969481,"282 Exhibition St, Melbourne VIC 3000","ChIJx15T385C1moRIj-pTOg3Lsg",""
"Dukes Coffee Roasters","Melbourne",-37.816791,144.966162,"247 Flinders Ln, Melbourne VIC 3000","ChIJyaNNI7RC1moRQcMRU8Ucz8o",""
"Lilac Wine","Cremorne",-37.8282418,144.993742,"31 Stephenson St, Cremorne VIC 3121","ChIJ7wfnzh1D1moRtN_4Nk2JY8c",""
"Mesa Verde","Melbourne",-37.8120073,144.965137,"level 6/252 Swanston St, Melbourne VIC 3000","ChIJs9LLQcpC1moRw65MWReHbjg",""
"Howler","Brunswick",-37.7720408,144.959576,"7-11 Dawson St, Brunswick VIC 3056","ChIJJ23_5rRc1moREAp81XXZk3w",""
"Hampton Wine Co.","Hampton",-37.937133,145.002793,"444 Hampton St, Hampton VIC 3188","ChIJ13KNNiBv1moRaNHifHxI3cY",""
"Neighbourhood Wine","Fitzroy North",-37.7850737,144.9775797,"1 Reid St, Fitzroy North VIC 3068","ChIJ_z7W-DtD1moRy3tKlNm-Fc8",""
"Angus & Bon","Prahran",-37.8494846,144.9923296,"168 Greville St, Prahran VIC 3181","ChIJxRaePSVo1moR3HlPIw9Cp0o",""
"Lona Misa","South Yarra",-37.8396541,144.9948592,"234 Toorak Rd, South Yarra VIC 3141","ChIJe_tJ-7VD1moRvLTT4yecfZw",""
"Welcome to Thornbury","Northcote",-37.7644688,144.9997677,"520 High St, Northcote VIC 3070","ChIJ-XRm_oNE1moRU0ZmoRiLhpA",""
"White Tomato","Melbourne",-37.8124804,144.9684743,"160-162 Bourke St, Melbourne VIC 3000","ChIJYwWQpMlC1moRjX2j7_vnhrw",""
"Tartine","Richmond",-37.8251391,144.994683,"105 Swan St, Richmond VIC 3121","ChIJjSZRsYpD1moR7GPQai-hZyc",""
"The Waiters Restaurant","Melbourne",-37.812078,144.97235,"20 Meyers Pl, Melbourne VIC 3000","ChIJR1OrH8ZC1moRixhTkKsUwi8",""
"Sura Korean BBQ","Melbourne",-37.81056,144.966109,"28 Artemis Ln, Melbourne VIC 3000","ChIJHRsbk69D1moRRmIMWNILkFA",""
"Dodee Paidang Equitable Place","Melbourne",-37.8157985,144.9631073,"Basement/353 Little Collins St, Melbourne VIC 3000","ChIJ7zg777RC1moRaJFvBU3kV9E",""
"Son in law","Melbourne",-37.8104642,144.9622385,"Ella Precinct, opposite to Ajisen Ramen, 211 La Trobe St, Melbourne VIC 3000","ChIJ1RHLNEFd1moRlsSuB6FXfV0",""
"Moonhouse","Balaclava",-37.8685098,144.9934343,"282 Carlisle St, Balaclava VIC 3183","ChIJCSr9k6xp1moROc-GWvSccXk",""
"Bistro Gitan","South Yarra",-37.8372341,144.9792539,"52 Toorak Rd West, South Yarra VIC 3141","ChIJM3mtIh5o1moRJjBQJHr8fYs",""
"Mr Ryu","South Yarra",-37.8384123,144.9883022,"49 Toorak Rd, South Yarra VIC 3141","ChIJA6ogHlRD1moRO02GmQBfwAA",""
"Baby Pizza","Richmond",-37.8330179,144.9968882,"631-633 Church St, Richmond VIC 3121","ChIJ31SbeY9C1moRgngbr6xtcsU",""
"Dumpling Empire","Glen Waverley",-37.8816689,145.1637702,"106 Kingsway, Glen Waverley VIC 3150","ChIJvYfwv8A_1moRp-4AsFDw6zo",""
"David's Master Pot","Glen Waverley",-37.8788639,145.1643278,"14 Kingsway, Glen Waverley VIC 3150","ChIJf1clO20_1moR9xJijFjgk_8",""
"Mrs Kim's Grill","Carnegie",-37.8886955,145.0573323,"136 Koornang Rd, Carnegie VIC 3163","ChIJOUbFVSRq1moR-IPCTGWhl7M",""
"Din Tai Fung Emporium","Melbourne",-37.812462,144.9635928,NA,NA,""
"Ona Coffee Melbourne","Brunswick",-37.764896,144.961662,"22 Ovens St, Brunswick VIC 3056","ChIJ0Rw8XyND1moRlQ3nyEFLcqk",""
"Code Black Coffee","Brunswick",-37.774643,144.962468,"15/17 Weston St, Brunswick VIC 3056","ChIJT3I-okpD1moRBNshH62Qt7Q",""
"Follies Bar","Fitzroy",-37.7982782,144.9759735,"34 Johnston St, Fitzroy VIC 3065","ChIJY6_MNSpD1moRbicHLIdR634",""
"Pellegrini's Espresso Bar","Melbourne",-37.8117189,144.9712084,"66 Bourke St, Melbourne VIC 3000","ChIJlfjfvchC1moRCNO0EIFZ1vo",""
"San Telmo","Melbourne",-37.8121636,144.9724132,"14 Meyers Pl, Melbourne VIC 3000","ChIJoS8hIMZC1moRo_A2fOZBqI8",""
"Bar Margaux","Melbourne",-37.8105145,144.9691429,"Basement/111 Lonsdale St, Melbourne VIC 3000","ChIJ5R8AJzZD1moRPT400FR2dJc",""
"Gold Leaf","Sunshine",-37.7779655,144.8329315,"491 Ballarat Rd, Sunshine VIC 3020","ChIJwynakS1e1moROCoPfP8bq90",""
"Faraday's Cage","Fitzroy",-37.7993486,144.9828119,"325-329 Gore St, Fitzroy VIC 3065","ChIJSQVyIiBD1moRgh7PcCbSpb8",""
"Terror Twilight","Collingwood",-37.7991893,144.9849124,"11-13 Johnston St, Collingwood VIC 3066","ChIJ5_RJoR9D1moRPlYfmSRzXG8",""
"Rudimentary","Footscray",-37.7981531,144.9011045,"16-20 Leeds St, Footscray VIC 3011","ChIJxaD9e5Fd1moRmFvyCEIyShU",""
"Journeyman","Windsor",-37.852228,144.9931604,"169 Chapel St, Windsor VIC 3181","ChIJvWyBlDpo1moRWM-2fiCcQYo",""
"Carlton Wine Room","Carlton",-37.7986111,144.9686111,"172-174 Faraday St, Carlton VIC 3053","ChIJl1h079ZC1moRvDBPl2x_L5Y",""
"Simon's Peking Duck Chinese Restaurant","Box Hill South",-37.8401319,145.134056,"197B Middleborough Rd, Box Hill South VIC 3128","ChIJnWnhV5xA1moR_9nt3niC8IQ",""
"Convoy Moonee Ponds","Moonee Ponds",-37.7612473,144.9256423,"109 Pascoe Vale Rd, Moonee Ponds VIC 3039","ChIJLcS5ENRd1moRiWnTmfD0NX0",""
"Mr Miyagi","Prahran",-37.8542481,144.9928301,"99 Chapel St, Windsor VIC 3181","ChIJzZUzPzpo1moRGsuqZ2eceJY",""
"Shakahari","Carlton",-37.798995,144.967807,"201-203 Faraday St, Carlton VIC 3053","ChIJUTD1ldZC1moRIJ1lbzkoFqY",""
"Shanghai Street","Melbourne",-37.8115563,144.9683296,"146/148 Little Bourke St, Melbourne VIC 3000","ChIJDZjwJctC1moR1p255IcOXiU",""
"Red Emperor Chinese Restaurant","Melbourne",-37.8116552,144.9686147,"131 Little Bourke St, Melbourne VIC 3000","ChIJOw6l95xD1moRQ1L_AvQLRJA",""
"Very Good Falafel","Brunswick",-37.7624261,144.9627338,"629 Sydney Rd, Brunswick VIC 3056","ChIJhbFMFFND1moR5ELctm1IRJw",""
"Tao Tao House","Hawthorn",-37.8151635,145.036558,"815 Glenferrie Rd, Hawthorn VIC 3122","ChIJMfnWwM1D1moRSbZpYZ49HL8",""
"Black Star Pastry St Kilda","St Kilda",-37.8624587,144.9742046,"2C Acland St, St Kilda VIC 3182","ChIJGeygcptp1moRdaZjXlqrahk",""
"Frankie's Tortas and Tacos","Collingwood",-37.7982334,144.9758612,"30 Johnston St, Fitzroy VIC 3065","ChIJ2SzwmHdD1moR38s2rDAzkBk",""
"The Happy Mexican","Abbotsford",-37.8052878,144.9923922,"108 Hoddle St, Abbotsford VIC 3067","ChIJnwaahxpD1moR3GAk6SlW3_A",""
"279","West Melbourne",-37.8056505,144.951959,"279 Victoria St, West Melbourne VIC 3003","ChIJwZP-zuRd1moRerW91SboCPE",""
"China Red","Melbourne",-37.8123889,144.9667083,"206 Bourke St, Melbourne VIC 3000","ChIJi9aC9slC1moRSDPxy_zlNSc",""
"Hotel Esplanade","St Kilda",-37.8642181,144.9728535,"11 The Esplanade, St Kilda VIC 3182","ChIJZwv6MGVo1moRnQQHiuprVB0",""
"King & Godfree — Temporarily Closed","Carlton",-37.798361,144.967046,NA,NA,""
"Shinbashi Yakiniku","Carlton",-37.800042,144.967327,"294 Lygon St, Carlton VIC 3053","ChIJ3WOLUdFC1moRY8Tm_bTERvM",""
"Bodega Underground","Melbourne",-37.8109426,144.9709804,"55 Little Bourke St, Melbourne VIC 3000","ChIJv6N7tshC1moRWE3v9GD65QU",""
"Mjolner","Melbourne",-37.812146,144.9606488,"106 Hardware St, Melbourne VIC 3000","ChIJdV_nrkpd1moRujiu_BbzOR8",""
"Butchers Diner","Melbourne",-37.8112896,144.9725742,"10 Bourke St, Melbourne VIC 3000","ChIJVePWBsZC1moR67oZW_aUbmA",""
"Abacus","South Yarra",-37.845675,144.9941417,"383 Chapel St, South Yarra VIC 3141","ChIJBQfqHSZo1moRIO1xCGLLEcU",""
"Au79","Abbotsford",-37.808833,144.995982,"27/29 Nicholson St, Abbotsford VIC 3067","ChIJP5r7k_xC1moR7j9ZMX4HLFI",""
"Red Door Yum Cha","Windsor",-37.8556825,144.9932189,"1 Mcilwrick St, Windsor VIC 3181","ChIJoc7CHTpo1moRf_YeuMKRtO8",""
"Secret Kitchen CBD","Melbourne",-37.8107333,144.9702849,"222 Exhibition St, Melbourne VIC 3000","ChIJUTCdz8hC1moR4e9oF9L4eCQ",""
"Napier Quarter","Fitzroy",-37.796832,144.980839,"359 Napier St, Fitzroy VIC 3065","ChIJy2gupCFD1moRxVIY1oZ-58Y",""
"Lune Croissanterie","Fitzroy",-37.7959659,144.9799313,"119 Rose St, Fitzroy VIC 3065","ChIJ1zV4U_Zo1moR9MXOJ461Jd0",""
"Copper Pot Seddon","Seddon",-37.8060399,144.8921109,"105 Victoria St, Seddon VIC 3011","ChIJXey_nvVd1moRSRMRqCjbtsQ",""
"Mahjong Restaurant","St Kilda",-37.8588839,144.9795045,"3/157 Fitzroy St, St Kilda VIC 3182","ChIJP_Tlr2to1moRDqRZD_oZBbM",""
"Crystal Jade Restaurant","Melbourne",-37.8115473,144.9679945,"154 Little Bourke St, Melbourne VIC 3000","ChIJQU1Ac8lC1moRFcuL51IWEfc",""
"Kenzan","Melbourne",-37.8145522,144.9727599,"Shop 54-55/56 Flinders Ln, Melbourne VIC 3000","ChIJAVfi1sdC1moRV7tww9krhXg",""
"Samurai","Hawthorn",-37.8176663,145.0364516,"804 Glenferrie Rd, Hawthorn VIC 3122","ChIJ0_x5Pc1D1moRzRkAuYRIoj0",""
"Milk the Cow Carlton","Carlton",-37.7974831,144.9670374,"3053/215 Elgin St, Carlton VIC 3053","ChIJA2XefdZC1moR6YWwxRPIzPc",""
"Wabi Sabi Salon","Collingwood",-37.805557,144.983314,"Level 1/94 Smith St, Collingwood VIC 3066","ChIJk8aFVedC1moRqqlqitRVnbg",""
"Hinoki Japanese Pantry","Fitzroy",-37.8005534,144.9837138,"279 Smith St, Fitzroy VIC 3065","ChIJKb9I-x9D1moR1zNcPmZE_do",""
"Chew Burger","Preston",-37.747117,145.004817,"147 Plenty Rd, Preston VIC 3072","ChIJx6PgBvZE1moR8R2UZMPU3w0",""
"Lucy Liu Kitchen & Bar","Melbourne",-37.8159928,144.9699538,"23 Oliver Ln, Melbourne VIC 3000","ChIJX-_eyLdC1moR2lo_rt_gBX0",""
"Oriental Teahouse","Melbourne",-37.8155739,144.9620832,"378 Little Collins St, Melbourne VIC 3000","ChIJd5kNx7RC1moR-pM_GKr9bKQ",""
"Stagger Lee's","Fitzroy",-37.7989841,144.9785384,"276 Brunswick St, Fitzroy VIC 3065","ChIJl0FJoSBD1moRFMiAZXRKHsc",""
"Smith & Daughters","Fitzroy",-37.8042685,144.9855472,"RED BRICK BUILDING, 107 Cambridge St, Collingwood VIC 3066","ChIJvRkxNdlC1moRH3O0se8KS3s",""
"Le Bon Ton","Collingwood",-37.8047747,144.9885503,"51 Gipps St, Collingwood VIC 3066","ChIJOapygOFC1moR1C-n0kguSgo",""
"Ruyi","Melbourne",-37.8111063,144.9714699,"Ground Floor, 16 Liverpool St, Melbourne VIC 3000","ChIJq2C0schC1moRhrpRJPz0wxU",""
"Epocha","Carlton",-37.7645013,144.9732519,"434 Lygon St, Brunswick East VIC 3057","ChIJT5LLMM5C1moRQpzKBTsbS7Q",""
"Fitzrovia","St Kilda",-37.8589853,144.9792653,"2/155 Fitzroy St, St Kilda VIC 3182","ChIJbX_MwGto1moRF5BXCSyY3rE",""
"Naked in the Sky","Fitzroy",-37.798765,144.978198,"285 Brunswick St, Fitzroy VIC 3065","ChIJZTxgryBD1moRLY4a4APof1Q",""
"Panama Dining Room","Fitzroy",-37.8020037,144.9834286,"level 2/231 Smith St, Fitzroy VIC 3065","ChIJlzvHDOBC1moRbEERHhdQdns",""
"Shop Ramen","Fitzroy",-37.7992428,144.9840739,"329 Smith St, Fitzroy VIC 3065","ChIJox0PkB9D1moR9Pf0E-Mvz5k",""
"Sake Restaurant & Bar","Melbourne",-37.8197514,144.9676524,"Hamer Hall Precinct, Southbank Promenade, Southbank VIC 3006","ChIJNU4yR7FC1moRjYwkSIJQblo",""
"Fonda Windsor","Windsor",-37.8531605,144.9933557,"144 Chapel St, Windsor VIC 3181","ChIJlfvtiTpo1moRJzRonln0yik",""
"Three Bags Full","Abbotsford",-37.8073672,144.9965102,"60 Nicholson St, Abbotsford VIC 3067","ChIJjXcW__xC1moRXmnkoFvjoSk",""
"Captain Melville","Melbourne",-37.807527,144.9617416,"34 Franklin St, Melbourne VIC 3000","ChIJX9IqV8tC1moRdSww_H_xdIg",""
"Captains of Industry","Melbourne",-37.8136066,144.962499,"1/2 Somerset Pl, Melbourne VIC 3000","ChIJzehHFrVC1moRoXjWvNkerkU",""
"Caravin Deux","Potts Point",-33.8738335,151.2251917,"Shop 2/9 Ward Ave, Potts Point NSW 2011","ChIJV2mY-Z6vEmsRP_HWh0SAOEo",""
"Yeodongsik","Eastwood",-33.7904641,151.0829905,"15 Railway Parade, Eastwood NSW 2122","ChIJLxzpDCG9EmsRI7yFdmpwYBI",""
"The White Horse","Surry Hills",-33.8853965,151.2138641,"381 Crown St, Surry Hills NSW 2010","ChIJ75-1BwCvEmsRdwPXo6alBO4",""
"Yan","Sydney CBD",-33.9319501,151.1508742,"G03/19 Arncliffe St, Wolli Creek NSW 2205","ChIJ15T1wZmwEmsRIs3Xt13k-Y8",""
"House Of Prime Rib","San Francisco",37.793381,-122.422695801258,NA,NA,""
"Thanh Long","San Francisco",37.76017,-122.5060879,"4101 Judah St, San Francisco, CA 94122, USA","ChIJKck2KJeHhYARBwfZ8NytyRY","Outer Sunset"
"Bix","San Francisco",37.7968712,-122.4029298,"56 Gold St, San Francisco, CA 94133, USA","ChIJDZ0ZOPWAhYARkZFd-uCioMs","North Beach"
"Mandalay","San Francisco",37.7851749,-122.4643211,"4348 California St, San Francisco, CA 94118, USA","ChIJZTCRmjyHhYAR1aeqChJLjng","Presidio Terrace"
"Arsicault Bakery","San Francisco",37.783408,-122.4593,NA,NA,""
"Prubechu","San Francisco",37.7613359637601,-122.419574749668,NA,NA,""
"Rintaro","San Francisco",37.768875,-122.4151361,"82 14th St, San Francisco, CA 94103, USA","ChIJgcIdeSZ-j4AR1BE-49mhR-E","Mission District"
"Emmy's Spaghetti Shack","San Francisco",37.7450749,-122.4205234,"3230 Mission St, San Francisco, CA 94110, USA","ChIJf3O2KkN-j4ARz0xAx-3_q1A","Bernal Heights"
"Nopa","San Francisco",37.7748838219281,-122.437600428242,NA,NA,""
"Kokkari Estiatorio","San Francisco",37.7970323,-122.3997559,"200 Jackson St, San Francisco, CA 94111, USA","ChIJTel9dGCAhYARQGwrTfGZ07M","Northern Waterfront"
"Outerlands","San Francisco",37.7602689,-122.5050311,"4001 Judah St, San Francisco, CA 94122, USA","ChIJf-NCNpeHhYARLeneHNw3WWs","Outer Sunset"
"Anchor Oyster Bar","San Francisco",37.7597022,-122.4347069,"579 Castro St, San Francisco, CA 94114, USA","ChIJwRgt0Bp-j4ARfsBKlfJ4v1M","The Castro"
"La Traviata","San Francisco",37.7512816,-122.4186058,"2854 Mission St, San Francisco, CA 94110, USA","ChIJAZypLEd-j4ARgOM40D4klOk","Mission District"
"Foreign Cinema","San Francisco",37.7565112060838,-122.419044256449,NA,NA,""
"Yank Sing","San Francisco",37.7924967,-122.3926585,"101 Spear St, San Francisco, CA 94105, USA","ChIJE_x2VGSAhYARoXDSoUvUjkI","Embarcadero"
"Taqueria El Farolito","San Francisco",37.7526463,-122.4183182,"2779 Mission St, San Francisco, CA 94110, USA","ChIJ5WRITUd-j4ARIcl68TeeR8M","Mission District"
"Breadbelly","San Francisco",37.782751,-122.47439,NA,NA,""
"R&G Lounge","San Francisco",37.794115,-122.404942,"631 Kearny St, San Francisco, CA 94108, USA","ChIJVQHYG4uAhYARy5TU756NqIk","Chinatown"
"Brothers Restaurant","San Francisco",37.7813076,-122.4637594,"4128 Geary Blvd, San Francisco, CA 94118, USA","ChIJuVgntT6HhYARv2VnL-7xGdM","Inner Richmond"
"Mitchell's Ice Cream","San Francisco",37.7442195,-122.4227909,"688 San Jose Ave, San Francisco, CA 94110, USA","ChIJQVAijUJ-j4ARfJZLVQMz1Dw","Noe Valley"
"Pho 2000","San Francisco",37.7838695,-122.4178932,"637 Larkin St, San Francisco, CA 94109, USA","ChIJn3vpmcOBhYARWDqc2S2otJE","Little Saigon"
"Tadich Grill","San Francisco",37.7934352,-122.3994491,"240 California St, San Francisco, CA 94111, USA","ChIJqVjXkGGAhYAR5X80yCKz9Wo","Financial District"
"Katsuo + Kombu","San Francisco",37.7747887,-122.4379985,"559 Divisadero St, San Francisco, CA 94117, USA","ChIJJeneEceBhYARhi9VEcdGwAg","North of the Panhandle"
"Pupusería Metapán","San Francisco",37.7219691,-122.4365758,"4769 Mission St, San Francisco, CA 94112, USA","ChIJ9TKLl4V-j4AR8g_luVLnAcw","Excelsior"
"Dumpling Kitchen","San Francisco",37.7423762,-122.4870455,"1935 Taraval St, San Francisco, CA 94116, USA","ChIJL9XQWoN9j4AR3OmpgFyKdmE","Parkside"
"Besharam","San Francisco",37.7542278,-122.3896472,"1275 Minnesota St, San Francisco, CA 94107, USA","ChIJpVAZ4wx_j4AR4j8Q0COpGHc","Central Waterfront"
"La Mar","San Francisco",37.797239,-122.3953922,"PIER 1 1/2 The Embarcadero N, San Francisco, CA 94111, USA","ChIJURDKN2eAhYARN0AMzUEaiKo","Northern Waterfront"
"Mensho Tokyo","San Francisco",37.7865530402,-122.414288613,NA,NA,""
"Tacos Del Barrio","San Francisco",37.7526561,-122.40861,"2817 24th St, San Francisco, CA 94110, USA","ChIJZ8w0OFR_j4ARQSkCqgrkRMA","Mission District"
"Lily","San Francisco",37.7829701499017,-122.461709469329,NA,NA,""
"Ebisu","San Francisco",37.7644598,-122.4665563,"1283 9th Ave, San Francisco, CA 94122, USA","ChIJ93MU4FyHhYARNsN1cMElpgo","Inner Sunset"
"Chez Maman West","San Francisco",37.7770405,-122.4231768,"401 Gough St, San Francisco, CA 94102, USA","ChIJ76A_lpiAhYAR6QgSjMe9MoU","Hayes Valley"
"Cafe Okawari","San Francisco",37.7782126,-122.3939394,"236 Townsend St, San Francisco, CA 94107, USA","ChIJWQWGdgZ_j4ARdCgvvCEzok0","China Basin"
"Pearl 6101","San Francisco",37.7838487,-122.4830254,"6101 California St, San Francisco, CA 94121, USA","ChIJwVij-wSHhYARKFEZIvbT8XM","Central Richmond"
"Saru Handroll Bar","San Francisco",37.797207,-122.4219,"2206 Polk St, San Francisco, CA 94109, USA","ChIJsQGtr-mAhYARzHwoXsyyN7w","Polk Gulch"
"Cinderella Bakery & Café","San Francisco",37.777433,-122.4636615,"436 Balboa St, San Francisco, CA 94118, USA","ChIJG6DZVEeHhYARN90v8rBlRsY","Inner Richmond"
"Flour + Water","San Francisco",37.7589398,-122.4122858,"2401 Harrison St, San Francisco, CA 94110","ChIJDVaCXjd-j4AR4AOGUS0kLGc","Mission District"
"Cotogna","San Francisco",37.7974091922906,-122.403560581684,NA,NA,""
"La Ciccia","San Francisco",37.7419286,-122.426644,"291 30th St, San Francisco, CA 94131","ChIJc9N1Y2h-j4ARaE2RERU0Ovs","Fairmount"
"Penny Roma","San Francisco",37.7592504,-122.4110591,"3000 20th St, San Francisco, CA 94110, USA","ChIJr-EMFjd-j4ARHKaF3ehlmgY","Mission District"
"Piccino Presidio","San Francisco",37.7993444,-122.4476009,"Building D, San Francisco, CA 94123, USA","ChIJccNpMACHhYAR8YFbmxDhBPY","Presidio of San Francisco"
"Bocconcino","San Francisco",37.7998378,-122.4078056,"516 Green St, San Francisco, CA 94133, USA","ChIJtbMyMDuBhYARuYNbhm95anI","North Beach"
"Itria","San Francisco",37.7524495,-122.417833,"3266 24th St, San Francisco, CA 94110, USA","ChIJg0a43A5_j4ARH8IaUaRVUCs","Mission District"
"Pasta Supply Co","San Francisco",37.7832122,-122.4617778,"236 Clement St, San Francisco, CA 94118, USA","ChIJz-n3AySHhYARxc-XO_1p6dI","Inner Richmond"
"Del Popolo","San Francisco",37.7898110413813,-122.411298751831,NA,NA,""
"Norcina","San Francisco",37.8001261,-122.4397294,"3251 Pierce St, San Francisco, CA 94123, USA","ChIJLUKQWCuBhYARcY9ZbT2Lft4","Marina District"
"Tony's Pizza Napoletana","San Francisco",37.8003815,-122.4090457,"1570 Stockton St, San Francisco, CA 94133, USA","ChIJHXHcEvGAhYARQPuHNN78s78","North Beach"
"Caffè Macaroni","San Francisco",37.7961256,-122.40448,"59 Columbus Ave, San Francisco, CA 94111, USA","ChIJWcEL3fSAhYARUPPDs_pevlM","Chinatown"
"Trattoria Contadina","San Francisco",37.8001696,-122.4122605,"1800 Mason St, San Francisco, CA 94133, USA","ChIJg9S11vGAhYARvx3q7Tgri2k","Russian Hill"
"Che Fico","San Francisco",37.7773909,-122.438146,"838 Divisadero St, San Francisco, CA 94117, USA","ChIJa19vTLCAhYARXDWaUW9pGwA","Alamo Square"
"Original Joe's","San Francisco",37.8001849,-122.4093139,"601 Union St, San Francisco, CA 94133, USA","ChIJfSGLEfGAhYARC8Egs7nINzk","North Beach"
"Outta Sight Pizza","San Francisco",37.7818216,-122.4171258,"422 Larkin St, San Francisco, CA 94102, USA","ChIJi2CdSa6BhYARP6xkfxOB8OA","Tenderloin"
"Jules","San Francisco",37.7717704,-122.4305996,"237 Fillmore St, San Francisco, CA 94117, USA","ChIJ7-h4bgCBhYARBTQD3QLnoZY","Lower Haight"
"The Laundromat","San Francisco",37.7755094,-122.4989031,"3725 Balboa St, San Francisco, CA 94121, USA","ChIJ9W2vz_mHhYARygZOHKAl5pM","Outer Richmond"
"Pizzetta 211","San Francisco",37.7837099,-122.4830173,"211 23rd Ave, San Francisco, CA 94121","ChIJQXnZ_ASHhYARiIl0VPpsEQs","Central Richmond"
"Long Bridge Pizza Co.","San Francisco",37.7594917,-122.3881833,"2347 3rd St, San Francisco, CA 94107, USA","ChIJX8bJu7l_j4ARy29utVyaOLM","Dogpatch"
"Square Pie Guys","San Francisco",37.779479,-122.4103136,"1077 Mission St, San Francisco, CA 94103, USA","ChIJ8QxpEOiBhYARq5x_exK3Qxk","SoMa"
"Angie's Pizza","San Francisco",37.764954,-122.424804,"3228 16th St, San Francisco, CA 94103, USA","ChIJcfYurMR_j4ARA2itYR1tC1s","Mission Dolores"
"Gialina Pizzeria","San Francisco",37.7339917,-122.4342139,"2842 Diamond St, San Francisco, CA 94131, USA","ChIJIZsOXmN-j4ARtj0s3rJmTMk","Glen Park"
"Montesacro","San Francisco",37.7815509,-122.4101336,"510 Stevenson St, San Francisco, CA 94103, USA","ChIJL726-YSAhYARYJeA6x0pp6A","Mid-Market"
"Tartine Manufactory","San Francisco",37.7618278,-122.4118972,"595 Alabama St, San Francisco, CA 94110, USA","ChIJu9EujzB-j4ARoyuqElfT14g","Mission District"
"Golden Boy Pizza","San Francisco",37.7997625,-122.4080927,"542 Green St, San Francisco, CA 94133, USA","ChIJmx3iW_GAhYARrlV9H2vyE-E","North Beach"
"Damnfine","San Francisco",37.760986,-122.498806,NA,NA,""
"Gioia Pizzeria","San Francisco",37.7764094,-122.4258458,"579 Hayes St, San Francisco, CA 94102, USA","ChIJDcqkQ4eBhYARqz7JBnMkmbE","Hayes Valley"
"Hi Hat","San Francisco",37.7499385,-122.4207177,"1432 Valencia St, San Francisco, CA 94110, USA","ChIJd3SVpcB_j4ARPLSMKzSbAGY","Mission District"
"PizzaHacker","San Francisco",37.7441361,-122.4206472,"3299 Mission St, San Francisco, CA 94110, USA","ChIJT9x7VTt-j4ARrJ_kdKJnPSU","Bernal Heights"
"Arizmendi Bakery","San Francisco",37.763405,-122.4664416,"1331 9th Ave, San Francisco, CA 94122, USA","ChIJMdUfNVyHhYAR7pvCohDZC70","Inner Sunset"
"Taniku","San Francisco",37.7857189,-122.4204709,"1035 Geary St, San Francisco, CA 94109, USA","ChIJJXI-_xmBhYAR8veh8vBn_kc","Tenderloin"
"Nojo Ramen Tavern","San Francisco",37.7767268,-122.4214764,"231 Franklin St, San Francisco, CA 94102, USA","ChIJQ9mJ1ZiAhYARQmPYLOs-h-g","Civic Center"
"Noodle In A Haystack","San Francisco",37.780648,-122.468707,NA,NA,""
"Taishoken","San Francisco",37.7622236,-122.4214968,"665 Valencia St, San Francisco, CA 94110, USA","ChIJnYD5q69_j4ARDH9_cuPacdE","Mission District"
"Marufuku Ramen","San Francisco",37.7851005,-122.4320079,"1581 Webster St #235, San Francisco, CA 94115, USA","ChIJsYdOvCx-j4ARJItjWBikyOk","Japantown"
"Nute's","San Francisco",37.7390462,-122.4138755,"903 Cortland Ave, San Francisco, CA 94110, USA","ChIJl-1vwVl-j4ARY-WF7nwyAF0","Bernal Heights"
"Hinodeya Ramen Bar","San Francisco",37.7862424,-122.430058,"1737 Buchanan St, San Francisco, CA 94115, USA","ChIJ0yhhzriAhYAR-2lnzuizNZM","Japantown"
"Coco's Ramen","San Francisco",37.7437644,-122.4208964,"3319 Mission St, San Francisco, CA 94110, USA","ChIJcUzYJUN-j4ARGx-8br3pTkc","Bernal Heights"
"Ushi Taro","San Francisco",37.7625482,-122.4659534,"1382 9th Ave, San Francisco, CA 94122, USA","ChIJiUlkh4iHhYARH-6HzZkzN8w","Inner Sunset"
"Waraku","San Francisco",37.7858889,-122.4287873,"1638 Post St, San Francisco, CA 94115","ChIJCQDp2L6AhYARDNsDuv6s_Es","Japantown"
"Bodega SF","San Francisco",37.7848262,-122.4093022,"138 Mason St, San Francisco, CA 94102, USA","ChIJh26QnF1_j4AR3B7n6vAHjHQ","Union Square"
"Pho Huong Viet","San Francisco",37.7799788,-122.4810763,"5733 Geary Blvd, San Francisco, CA 94121, USA","ChIJrxzFwdSHhYARqC9QkjoeMmM","Little Russia"
"Yummy Yummy","San Francisco",37.7637351,-122.4688306,"1015 Irving St, San Francisco, CA 94122, USA","ChIJ5d1xg12HhYARLoc7jEG3spg","Inner Sunset"
"Kevin's Noodle House","San Francisco",37.7633596,-122.4777946,"1833 Irving St, San Francisco, CA 94122, USA","ChIJOTRrgmWHhYARkWpWZFTHn50","Outer Sunset"
"Pho Tân Hòa","San Francisco",37.7853821,-122.4130468,"431 Jones St, San Francisco, CA 94102, USA","ChIJQ3x8KJCAhYARiqy0_2tpbAM","Tenderloin"
"Que Viet","San Francisco",37.7785416,-122.3971931,"570 4th St, San Francisco, CA 94107, USA","ChIJ4YFX93V_j4ARSC-YwATXgoA","SoMa"
"Gao Viet Kitchen","San Francisco",37.7636502,-122.4783878,"1900 Irving St, San Francisco, CA 94122, USA","ChIJ-x-rcCSHhYAR0gkEo4j7pb0","Outer Sunset"
"Pho 808","San Francisco",37.786513,-122.416741,"808 Geary St, San Francisco, CA 94109, USA","ChIJjYE_iFiBhYAR0Z9EBp5HY8k","Lower Nob Hill"
"Viet Quan","San Francisco",37.742472,-122.4851333,"1757 Taraval St, San Francisco, CA 94116, USA","ChIJoWzspG59j4AR1OFF65SATdg","Parkside"
"Turtle Tower","San Francisco",37.7934443,-122.3993099,"220 California St, San Francisco, CA 94111, USA","ChIJOXalZgCBhYAROtROmWyZjFQ","Financial District"
"Hem By Lequy","San Francisco",37.755944,-122.421318,"1050 Valencia St, San Francisco, CA 94110, USA","ChIJNWTFKvB_j4AR-gNkg_Y5CY4","Dolores Heights"
"Phở Star","San Francisco",37.7649403,-122.42454,"3214 16th St, San Francisco, CA 94103, USA","ChIJz6fkXAB_j4ARNpXIgHr97hQ","Mission Dolores"
"Ly's Vietnamese Cuisine","San Francisco",37.8003933,-122.4306817,"1779 Lombard St, San Francisco, CA 94123, USA","ChIJRSqLkNuAhYARgIFsj9GUrq4","Union Street"
"Daeho Kalbijjim & Beef Soup","San Francisco",37.7859949,-122.4285887,NA,NA,""
"Hon’s Wun-Tun House","San Francisco",37.7942739,-122.4046276,"648 Kearny St, San Francisco, CA 94108, USA","ChIJW-VIGYuAhYARDoGG1byUOcs","Chinatown"
"Thai Nghiep Ky Mi Gia","San Francisco",37.7539633,-122.479139,"1427 Noriega St, San Francisco, CA 94122, USA","ChIJWbckn2KHhYARZGPQPUkSMD0","Outer Sunset"
"Mini Potstickers","San Francisco",37.7633332,-122.4801045,"2045 Irving St, San Francisco, CA 94122, USA","ChIJRZi5KO6HhYARMwOArng7azE","Outer Sunset"
"Chong Qing Xiao Mian","San Francisco",37.7964178,-122.4053695,NA,NA,""
"PPQ Beef Noodle House","San Francisco",37.763672,-122.477591,"1816 Irving St, San Francisco, CA 94122, USA","ChIJQ87JgGWHhYARGaNULXDw6vE","Outer Sunset"
"Thai Time","San Francisco",37.7825327,-122.4667361,"315 8th Ave, San Francisco, CA 94118, USA","ChIJ382ayj2HhYARZBmaWC8Y3AQ","Inner Richmond"
"Utopia Cafe","San Francisco",37.7947144,-122.4070879,"139 Waverly Pl, San Francisco, CA 94108, USA","ChIJ5x7mVYuAhYARBR7To58dYOc","Chinatown"
"Perbacco","San Francisco",37.7934333,-122.3993139,"230 California St, San Francisco, CA 94111, USA","ChIJNy8VmmGAhYARQF84_9twEc4","Financial District"
"Octavia","San Francisco",37.7879648,-122.4271064,"1701 Octavia St, San Francisco, CA 94109","ChIJs32Mdr-AhYARZmI19fIPvOM","Japantown"
"Agrodolce Provisions","San Francisco",37.7722448,-122.4075724,"1016 Bryant St, San Francisco, CA 94103, USA","ChIJxaT9hqF_j4ARhg0W_O1Sk54","SoMa"
"The Italian Homemade Company","San Francisco",37.8016074,-122.4117736,"716 Columbus Ave, San Francisco, CA 94133, USA","ChIJpzBpPPCAhYARSVWETFcLf8M","North Beach"
"Butter & Crumble","San Francisco",37.805052,-122.4096941,"271 Francisco St, San Francisco, CA 94133, USA","ChIJL7Goh8OBhYAR4ldT4kuPbng","North Beach"
"Tartine Bakery","San Francisco",37.7614347,-122.4240821,"600 Guerrero St, San Francisco, CA 94110, USA","ChIJBVY2Bxh-j4ARa2zO8Jd6H2A","Mission Dolores"
"Parachute","San Francisco",37.7961856,-122.3940019,"1, Ferry Building, #5, San Francisco, CA 94111, USA","ChIJaYlVcgCBhYAR5IKYsf-rEAo","Embarcadero"
"Thorough Bread and Pastry","San Francisco",37.766564,-122.4291851,"248 Church St, San Francisco, CA 94114, USA","ChIJiQ45Uxd_j4ARTMRoHUgdVNA","Mission Dolores"
"Le Carousel Patisserie","San Francisco",37.7856074,-122.4114919,"345 Taylor St, San Francisco, CA 94102, USA","ChIJR8xbYlyBhYARRV6XgTsFEbY","Tenderloin"
"The French Spot","San Francisco",37.787749,-122.418286,"1042 Larkin St, San Francisco, CA 94109, USA","ChIJTwGlPrmfj4ARiMYDPMT9DeI","Lower Nob Hill"
"Juniper","San Francisco",37.789742,-122.4207557,"1401 Polk St, San Francisco, CA 94109, USA","ChIJTTq11ZmBhYARmN1Y-YkucFs","Polk Gulch"
"Sol Bakery","San Francisco",37.7743008,-122.4442782,"1696 Hayes St, San Francisco, CA 94117, USA","ChIJh4c5b6KBhYARtZiOSkMQKXg","North of the Panhandle"
"KC Paris","San Francisco",37.78207,-122.4326297,"1365 Fillmore St, San Francisco, CA 94115, USA","ChIJu_PqWACBhYARocywtIYTdo8","Western Addition"
"Maison Nico","San Francisco",37.795811,-122.403157,NA,NA,""
"Maruwu Seicha","San Francisco",37.78527,-122.429,NA,NA,""
"Paper Son","San Francisco",37.7856195,-122.3963797,"303 2nd St N102, San Francisco, CA 94107, USA","ChIJXVRIc9aBhYARDuJoNx2IVAg","Rincon Hill"
"Komeya No Bento","San Francisco",37.8000776,-122.4314107,"3137 Laguna St, San Francisco, CA 94123, USA","ChIJJegfWwCBhYARAkTy25TY9HA","Union Street"
"Third Wheel","San Francisco",37.7732554415407,-122.435602155924,NA,NA,""
"Kiss Of Matcha","San Francisco",37.7829348,-122.4674571,"750 Clement St, San Francisco, CA 94118, USA","ChIJX57b5vWHhYARRNKgLz2GwFc","Inner Richmond"
"Shoji","San Francisco",37.7866713,-122.399674,"140 New Montgomery St Suite 1, San Francisco, CA 94105, USA","ChIJN_JxeQCBhYAR6LTP2YCkTDE","Yerba Buena"
"Andytown","San Francisco",37.772769,-122.5106982,"800 Great Hwy, San Francisco, CA 94121, USA","ChIJIWto0vGHhYAR1koqXLM7-Io","Outer Richmond"
"Stonemill Matcha","San Francisco",37.7639681,-122.4216256,"561 Valencia St, San Francisco, CA 94110, USA","ChIJlxonA45_j4ARQXnrT2rNHpY","Mission District"
"Best Boy Electric","San Francisco",37.7856787,-122.4305775,"1746 Post St, San Francisco, CA 94115, USA","ChIJmYCFv-SBhYARVrbcmH2ybbg","Japantown"
"Tadaima","San Francisco",37.7976647,-122.4297214,"1849 Union St, San Francisco, CA 94123, USA","ChIJhRXN3DmBhYARQn9FFaMMsos","Union Street"
"Kissaten Hifi","San Francisco",37.7852405,-122.4647832,"189 6th Ave, San Francisco, CA 94118, USA","ChIJQ4HBMrWHhYARyUUu0lePPqI","Presidio Terrace"
"Cafe Nagomi","San Francisco",37.787672,-122.4009555,"74 New Montgomery St, San Francisco, CA 94105, USA","ChIJA796AgCBhYARxqyzUFkjT50","Yerba Buena"
"Charm Coffee","San Francisco",37.7254209,-122.4632215,"1939 Ocean Ave, San Francisco, CA 94127, USA","ChIJZUKbCgB9j4ARN5TgB2IA-Qg","Ingleside Terraces"
"Marigold","San Francisco",37.7574875,-122.4085181,"2681 21st St, San Francisco, CA 94110, USA","ChIJhX252XV_j4ARjowOHlDAjUc","Mission District"
"Black Bird Bookstore & Café","San Francisco",37.7620739,-122.5067779,"4541 Irving St, San Francisco, CA 94122, USA","ChIJzTuNMZeHhYARlfmug2YpgMk","Outer Sunset"
"Asha Tea House","San Francisco",37.7881702,-122.4037073,"17 Kearny St, San Francisco, CA 94108, USA","ChIJ3aKMWoiAhYARmNLc2TR11L0","Union Square"
"The Coffee Movement","San Francisco",37.7947671,-122.4102942,"1030 Washington St, San Francisco, CA 94108, USA","ChIJoTMb3PKAhYARsXkQt469sBw","Nob Hill"
"Neighbor's Corner","San Francisco",37.7555735,-122.4387557,"499 Douglass St, San Francisco, CA 94114, USA","ChIJNeQAcw9-j4ARP9-nCnYB30o","Eureka Valley"
"Venus Cafe","San Francisco",37.7830073,-122.4667767,"700 Clement St, San Francisco, CA 94118, USA","ChIJTdJNsj2HhYARyL-Zw93OlU0","Inner Richmond"
"VIP Coffee & Cake Shop","San Francisco",37.7975019,-122.4080656,"671 Broadway, San Francisco, CA 94133, USA","ChIJq6o-mvOAhYAReba01Ti8B5s","Chinatown"
"Golden Island Cafe","San Francisco",37.7543314,-122.4777478,"1300 Noriega St, San Francisco, CA 94122, USA","ChIJlWpYf2KHhYARvr3r7uT-N5s","Outer Sunset"
"Sweet Mango Dessert Cafe","San Francisco",37.780319,-122.4754625,"5217 Geary Blvd, San Francisco, CA 94118, USA","ChIJp7eSVyeHhYAR0xizGohrcjE","Central Richmond"
"Smile House Cafe","San Francisco",37.7431814,-122.477395,"1030 Taraval St, San Francisco, CA 94116, USA","ChIJUxu5eJF9j4ARBfbv1prjako","Parkside"
"Cafe Bakery","San Francisco",37.7540511,-122.4782684,"1365 Noriega St, San Francisco, CA 94122, USA","ChIJmfAigmKHhYARioGlCJOg-pU","Outer Sunset"
"New Lun Ting Cafe","San Francisco",37.7938582,-122.407693,"888 Stockton St, San Francisco, CA 94108, USA","ChIJtUWhpIyAhYARwL-_gjkFAEs","Chinatown"
"Letssweet Kitchen","San Francisco",37.7723481,-122.4074421,"1010 Bryant St, San Francisco, CA 94103, USA","ChIJqbrLNAB_j4ARh8xbc6R5LM4","SoMa"
"Metro Hong Kong Dessert","San Francisco",37.7944983,-122.407855,"928 Stockton St, San Francisco, CA 94108, USA","ChIJa_XSvVSBhYARe2t9L05kWsU","Chinatown"
"G&Y Bakery & Cafe","San Francisco",37.7940331,-122.407615,"881 Clay St, San Francisco, CA 94108, USA","ChIJi7O3Do2BhYARgBen89_a-NM","Chinatown"
"Kowloon Tong Dessert Cafe","San Francisco",37.7813609,-122.465615,"393 7th Ave, San Francisco, CA 94118, USA","ChIJU3D7mz6HhYARYV5irN_Zaz8","Inner Richmond"
"Orchids Cafe","San Francisco",37.7231141,-122.4536903,"1031 Ocean Ave, San Francisco, CA 94112, USA","ChIJq6p2tix8j4ARC5ORYOijf9c","Ingleside"
"Abacá","San Francisco",37.8067367,-122.4169367,"2700 Jones St, San Francisco, CA 94133, USA","ChIJvUR84BqBhYARPsQEVivxTec","Fisherman's Wharf"
"Dalida","Presidio",37.8000327,-122.4595791,"101 Montgomery St Suite 100, San Francisco, CA 94129, USA","ChIJ-0oK-amHhYARzNhyX0KQcEg","Main Post"
"Quince","470 Pacific Avenue",37.7974302,-122.4033061,"470 Pacific Ave, San Francisco, CA 94133, USA","ChIJ8biHnb-AhYARSpU8MDPb5vs","North Beach"
"Lunette","California 94111",37.7952178,-122.3929823,"1, Ferry Building, Suite 33/47, San Francisco, CA 94111, USA","ChIJhb-CeQCBhYARdpp2lKxtFdw","Embarcadero"
"Four Kings","California 94108",37.7941,-122.405073,NA,NA,""
"Kin Khao","San Francisco",37.7852408,-122.409331,"55 Cyril Magnin St, San Francisco, CA 94102","ChIJn_ZxYo-AhYAR22wJt4at2K0","Union Square"
"The Progress","San Francisco",37.7836666,-122.4329707,"1525 Fillmore St, San Francisco, CA 94115, USA","ChIJ8zXoo7mAhYARtoa-WE3d5NE","Western Addition"
"Kiln","San Francisco",37.7760913,-122.4204239,"149 Fell St, San Francisco, CA 94102, USA","ChIJlZn9AxyBhYARAY1cJE9KydY","Civic Center"
"Via Aurelia","California 94158",37.7759695,-122.3889187,"300 Toni Stone Xing Suite A, San Francisco, CA 94158, USA","ChIJn8iAiEp_j4ARJi8DjSlzhK8","Mission Bay"
"Zuni Cafe","CA 94102",37.773602,-122.421997,NA,NA,""
"Fikscue Thrive City","California 94158",37.768863,-122.387032,NA,NA,""
"Beit Rima","San Francisco",37.7659778,-122.4496653,"86 Carl St, San Francisco, CA 94117","ChIJpZVljQ6HhYAR9TLkl6ziY_g","Cole Valley"
"The Morris","San Francisco",37.76298,-122.40848,NA,NA,""
"Piglet & Co","San Francisco",37.7623247,-122.419593,"2170 Mission St, San Francisco, CA 94110, USA","ChIJ9VzyvRx_j4AR5PhH9cl77fw","Mission District"
"Delfina Restaurant","San Francisco",37.7613707,-122.4243386,"3621 18th St, San Francisco, CA 94110, USA","ChIJiTq-JTl_j4ARwOAfsYxMuKs","Mission Dolores"
"Taqueria Cancun","CA 94110",37.7604861,-122.4194111,"2288 Mission St, San Francisco, CA 94110, USA","ChIJBxm1jjx-j4ARY3l-wL7YQss","Mission District"
"Lazy Bear","San Francisco",37.7604119,-122.4197156,"3416 19th St, San Francisco, CA 94110","ChIJk35bizx-j4AREil6UPp7Jn4","Mission District"
"True Laurel","San Francisco",37.759524,-122.411466,NA,NA,""
"Trick Dog","San Francisco",37.7592244,-122.4111927,"3010 20th St, San Francisco, CA 94110, USA","ChIJFc-4Pzd-j4ARf66cV7PRZxw","Mission District"
"Sōhn","California 94107",37.757324,-122.3879397,"2535 3rd St, San Francisco, CA 94107, USA","ChIJH6ixN1F_j4ARNHU1HfGU_KY","Dogpatch"
"Californios","San Francisco",37.7714672,-122.4128723,"355 11th St, San Francisco, CA 94103, USA","ChIJIfD0wjh-j4ARbWVBlaGpKnU","SoMa"
"3rd Cousin","San Francisco",37.7391378,-122.4136986,"919 Cortland Ave, San Francisco, CA 94110, USA","ChIJ-XhIwll-j4AR5epLtDr2Bco","Bernal Heights"
"Old Mandarin Islamic Restaurant","San Francisco",37.7384072,-122.5008145,"3132 Vicente St, San Francisco, CA 94116, USA","ChIJQaJ50rF9j4ARAbGN1gA9ecU","Outer Sunset"
"Gumbo Social","CA 94124",37.7310958,-122.3922552,"5176 3rd St, San Francisco, CA 94124, USA","ChIJx0-99jN_j4ARYi7p0JeScxQ","Silver Terrace"
"Lobalita","California 94123",37.8001278,-122.4400528,"2231 Chestnut St, San Francisco, CA 94123, USA","ChIJrXhwNrCBhYARc5vW9xpUsfY","Marina District"
"Equal Parts","California 94133",37.7998507,-122.4071195,"478 Green St, San Francisco, CA 94133, USA","ChIJ5-DVkyOBhYARJLmufXhtIqI","North Beach"
"Loveski Deli","California 94111",37.7963058,-122.4032001,"499 Jackson St, San Francisco, CA 94111, USA","ChIJjV0pZ3iBhYARGoBV_TZCaww","North Beach"
"Jerry’s Roast Pork","California 94111",37.7947881,-122.3984101,"2 Embarcadero Ctr 2nd Floor, San Francisco, CA 94111","ChIJnbAIaQCBhYARRNguANUelXc","Financial District"
"The Wild Fox","California 94111",37.7927162,-122.4000828,"123 Battery St, San Francisco, CA 94111","ChIJf0pWWp6BhYARntL6rvq1-S0","Financial District"
"Goldenette","California 94109",37.791659,-122.42112,NA,NA,""
"The Big Four","California 94108",37.791494,-122.412256,"1075 California St, San Francisco, CA 94108, USA","ChIJo_6Ueo2AhYARsBQcUwYK84Y","Nob Hill"
"Restaurant Naides","California 94108",37.790184,-122.409094,NA,NA,""
"Hamburguesa Bar","California 94105",37.7881836,-122.4004015,"78 2nd St, San Francisco, CA 94105, USA","ChIJXzmBOwmBhYARah54UWXPuPY","Yerba Buena"
"Maria Isabel","California 94115",37.7871339,-122.4466032,"500 Presidio Ave, San Francisco, CA 94115, USA","ChIJKWEToFOBhYARBD341tuVAyw","Lower Pacific Heights"
"Quack House","California 94109",37.7870222,-122.4171675,"927 Post St, San Francisco, CA 94109","ChIJH9hulPOAhYARnp7_51AoBNo","Lower Nob Hill"
"Sora Soba Dining","California 94115",37.7861469,-122.4300404,"1731 Buchanan St, San Francisco, CA 94115","ChIJQTM7PZ-BhYARKkihBgzRaB0","Japantown"
"Clementina","California 94118",37.7828265,-122.4631109,"343 Clement St, San Francisco, CA 94118, USA","ChIJCfycNVWHhYAR85hFrU8BPMc","Inner Richmond"
"Dingles Public House","California 94102",37.778608,-122.422194,NA,NA,""
"Sforno","California 94102",37.7769588,-122.424522,"514 Octavia St, San Francisco, CA 94102, USA","ChIJ7yR2WH2BhYAR38peOxAXETE","Hayes Valley"
"Quik Dog","San Francisco",37.7760469,-122.3898264,"1023 3rd St Suite E, San Francisco, CA 94158","ChIJlZ-ncZ9_j4ARdLTvP7m0uNY","Mission Bay"
"RT Bistro","California 94102",37.7748399,-122.4229511,"205 Oak St, San Francisco, CA 94102, USA","ChIJ8bDaKgCBhYARjmm6BoQ_zms","Lower Haight"
"Dining Yamamoto","California 94103",37.773734,-122.4160673,"167 11th St, San Francisco, CA 94103, USA","ChIJ-ak3CHmBhYARLwPFqgxqsT8","SoMa"
"Memphis Minnie’s BBQ","San Francisco",37.7720764,-122.4316806,"576 Haight St, San Francisco, CA 94117, USA","ChIJU8wGk6aAhYARW4WqEGx2HNE","Lower Haight"
"Bella","California 94103",37.7713355,-122.4137667,"316 11th St, San Francisco, CA 94103, USA","ChIJOXDqXPN_j4ARjDcAdnh5QUo","SoMa"
"The Green Heron","California 94117",37.7696786,-122.4487334,"1601 Haight St, San Francisco, CA 94117, USA","ChIJ7wnddwCHhYARC9VoFJtoEzs","Haight-Ashbury"
"JouJou","California 94103",37.7697033,-122.4033519,"65 Division St, San Francisco, CA 94103, USA","ChIJO881EAB_j4ARSOzNf5RzCtc","Showplace Square"
"Grand Lake Kitchen — Noe Valley","California 94114",37.7518453,-122.4272875,"1199 Church St, San Francisco, CA 94114, USA","ChIJEZNHfwJ_j4ARI0qNqi23lZw","Dolores Heights"
"Chicano Nuevo","CA 94112",37.7429943,-122.4214339,"3355 Mission St, San Francisco, CA 94110","ChIJ7ewvCzd_j4ARte6-T65Vwmk","Bernal Heights"
"Palette Tea House","CA 94109",37.8056265,-122.4228346,"900 North Point St, San Francisco, CA 94109","ChIJ53HCdjCBhYARI-_VU7jZI-U","Fort Mason"
"Bon Délire","California 94111",37.7976602,-122.395642,"Pier 3, San Francisco, CA 94111","ChIJc9XjEHuBhYARW--aqHhVmzc","Northern Waterfront"
"Meski","California 94109",37.7873051,-122.4182117,"1000 Larkin St, San Francisco, CA 94109, USA","ChIJdwuOHACBhYARl10KMKaR75s","Lower Nob Hill"
"Copra","San Francisco",37.78537,-122.432789,NA,NA,""
"Eats","San Francisco",37.7832704,-122.4600331,"50 Clement St, San Francisco, CA 94118, USA","ChIJLTo1iTmHhYARzSryJMomLjk","Inner Richmond"
"Movida","San Francisco",37.7825303,-122.3926016,"555 2nd St, San Francisco, CA 94107, USA","ChIJHZuBNGCBhYARMrZUEJulJn0","South Beach"
"Aziza","CA 94121",37.780434,-122.481705,NA,NA,""
"Early to Rise","California 94115",37.777203,-122.441928,NA,NA,""
"Flour + Water Pizzeria","CA 94133",37.8000727,-122.4094286,"532 Columbus Ave, San Francisco, CA 94133","ChIJSYLOU1yBhYAR8m9EPL-DLmA","North Beach"
"Pizzeria Delfina","CA 94115",37.7889721,-122.4343201,"2406 California St, San Francisco, CA 94115, USA","ChIJ4zlZM8aAhYARRTqiavm0Xcs","Pacific Heights"
"Pie Punks","San Francisco",37.7875454,-122.3989671,"145 2nd St, San Francisco, CA 94105, USA","ChIJ8beMEuOBhYAR_82lwoNSvQ0","SoMa"
"The Pizza Shop","San Francisco",37.7526168,-122.4143518,"3104 24th St, San Francisco, CA 94110, USA","ChIJaQj0tUd-j4ARv2dpLbR51C0","Mission District"
"Bobo’s","San Francisco",37.801342,-122.4256888,"1450 Lombard St, San Francisco, CA 94123, USA","ChIJgYQEod2AhYARB-mbuMUyGhw","Marina District"
"The Brazen Head","San Francisco",37.7992872,-122.4323537,"3166 Buchanan St, San Francisco, CA 94123, USA","ChIJp7hJq9uAhYARXqjVg5E7jBs","Union Street"
"Harris' Restaurant","California 94109",37.7950165,-122.4229973,"2100 Van Ness Ave, San Francisco, CA 94109, USA","ChIJLx999umAhYARmyUFkEcxfOw","Polk Gulch"
"STK Steakhouse","CA 94105",37.794252,-122.394833,NA,NA,""
"The Vault Steakhouse","San Francisco",37.7919709,-122.4034945,"555 California St Concourse Level, San Francisco, CA 94104, USA","ChIJOzhq4AaBhYAROq63GW-M71E","Financial District"
"Osso Steakhouse","San Francisco",37.7913257,-122.4136195,"1177 California St, San Francisco, CA 94108, USA","ChIJs0tSjpKAhYAR6e21lYe-YdY","Nob Hill"
"Epic Steak","San Francisco",37.7908723,-122.3894682,"369 The Embarcadero, San Francisco, CA 94105, USA","ChIJJVhdD3CAhYARw2KuKNaUCEg","Embarcadero"
"Superprime Steakhouse","San Francisco",37.7887962,-122.3984555,"545 Mission St, San Francisco, CA 94105, USA","ChIJ297XUCGBhYAR7cqqrPLxCT0","SoMa"
"John's Grill","San Francisco",37.7854407,-122.4071974,"63 Ellis St, San Francisco, CA 94102, USA","ChIJe9MuVY-AhYARb8Su4vUOneY","Union Square"
"Espetus Churrascaria","San Francisco",37.7733511,-122.4220711,"1686 Market St, San Francisco, CA 94102, USA","ChIJz_3Mkp-AhYARXqmleWgjOqE","Civic Center"
"Miller & Lux Restaurant",NA,37.768223,-122.386519,NA,NA,""
"Bullshead Restaurant","San Francisco",37.7409441,-122.4654612,"840 Ulloa St, San Francisco, CA 94127, USA","ChIJqd64Tup9j4ARgeawIqkNfoQ","West of Twin Peaks"
"Copra","Japantown",37.7853703,-122.4327894,"1700 Fillmore St, San Francisco, CA 94115, USA","ChIJGx1jA6SBhYARLMB1ta069Bs","Japantown"
"7 Adams","Japantown",37.785977,-122.4326014,"1963 Sutter St, San Francisco, CA 94115, USA","ChIJXVvsirKBhYARfWD1MEpT_Uw","Japantown"
"Bon Délire","Downtown",37.7976602,-122.395642,"Pier 3, San Francisco, CA 94111, USA","ChIJc9XjEHuBhYARW--aqHhVmzc","Northern Waterfront"
"Seven Hills","Russian Hill",37.7981712,-122.4186984,"1896 Hyde St, San Francisco, CA 94109, USA","ChIJc1RqC-yAhYARWmmWMJ-xkDs","Russian Hill"
"Piccolo Forno",NA,37.801363,-122.412033,"725 Columbus Ave, San Francisco, CA 94133, USA","ChIJLeYyO_CAhYAR6j9XsEIm3GI","Russian Hill"
"Z & Y Peking Duck",NA,37.7963524,-122.4054916,"606 Jackson St, San Francisco, CA 94133","ChIJP9HbwPSAhYAR2jzkKhT18MY",""
"Lolinda","Mission",37.7566658,-122.419113,"2518 Mission St, San Francisco, CA 94110, USA","ChIJBS-Cxz5-j4AR4D8DhWkB1hE","Mission District"
"Palette Tea House","Fisherman's Wharf",37.8056265,-122.4228346,"900 North Point St, San Francisco, CA 94109, USA","ChIJ53HCdjCBhYARI-_VU7jZI-U","Fort Mason"
"The Post Room","Union Square",37.7889711,-122.4084124,"450 Powell St, San Francisco, CA 94102, USA","ChIJg_YNeEKBhYAR3TLmVUF6s-E","Union Square"
"Wayfare Tavern",NA,37.7921097,-122.3999688,"201 Pine St, San Francisco, CA 94111, USA","ChIJE5T3YoqAhYARtxUohSbFVDc","Financial District"
"Colibri",NA,37.7975754,-122.4588899,"50 Moraga Ave, San Francisco, CA 94129, USA","ChIJbSrAC6SHhYARqgbh-KHd6UE","Presidio of San Francisco"
"Crustacean San Francisco",NA,37.7921467,-122.3994225,"195 Pine St, San Francisco, CA 94111","ChIJPUlBZQCBhYARrR8zdyeWBMA",""
"Tiya",NA,37.7995085,-122.4412277,"3213 Scott St, San Francisco, CA 94123","ChIJS74YPACBhYARhZMzFta3MrE",""
"Sam's Grill & Seafood Restaurant",NA,37.7909449,-122.4036534,"374 Bush St, San Francisco, CA 94104","ChIJk0b6hYmAhYARWaxB5KIql44",""
"Rad Radish",NA,37.7769287,-122.4215742,"301 Hayes St, San Francisco, CA 94102","ChIJc-rRpmSBhYARllfwwCjG7r0",""
"Wildseed","Cow Hollow",37.7976259,-122.4324404,"2000 Union St, San Francisco, CA 94123, USA","ChIJ5_oRTeiBhYAR2sL3MO11lnM","Union Street"
"Fog Harbor Fish House","Fisherman's Wharf",37.8089961,-122.4102878,"39 Pier, San Francisco, CA 94133, USA","ChIJHSGzi_yAhYARptfivXk-Qlo","Fisherman's Wharf"
"Maison Danel","TenderNob",37.7865196,-122.4196931,"1030 Polk St, San Francisco, CA 94109, USA","ChIJeUE48jqBhYARrVWi_rFBrt4","Lower Nob Hill"
"Jitlada Thai Cuisine","Japantown",37.7869423,-122.4298429,"1826 Buchanan St, San Francisco, CA 94115, USA","ChIJHfxEtLiAhYARDECAdLP2408","Japantown"
"Ritu","Mission",37.7523798,-122.4145011,"3111 24th St, San Francisco, CA 94110, USA","ChIJIWGbtEd-j4ARqgjnNv2cUgE","Mission District"
"Sam Wo","Chinatown",37.7942635,-122.4051296,"713 Clay St, San Francisco, CA 94108, USA","ChIJKSZZU4uAhYARS57sg4li-8w","Chinatown"
"Yo También Cantina","Inner Sunset",37.7651365,-122.4603484,"205 Hugo St, San Francisco, CA 94122, USA","ChIJsRthmMCHhYARC4DrJyz7kWE","Inner Sunset"
"Bini's Kitchen","SoMa",37.779497,-122.4071692,"1001 Howard St, San Francisco, CA 94103, USA","ChIJEdyidwaBhYARuB8t_8IycuM","SoMa"
"Beit Rima","Duboce Triangle",37.7659778,-122.4496653,"86 Carl St, San Francisco, CA 94117, USA","ChIJpZVljQ6HhYAR9TLkl6ziY_g","Cole Valley"
"Tacos el Patron","Mission",37.7490182,-122.416117,"1500 S Van Ness Ave #100, San Francisco, CA 94110, USA","ChIJW-4ApCd_j4AR7woQDYORh5o","Mission District"
"Brenda's French Soul Food","Tenderloin",37.7829132,-122.4188995,"652 Polk St, San Francisco, CA 94102, USA","ChIJZ9s5SJeAhYARIX3Fxl6oj6c","Tenderloin"
"Swan Oyster Depot","Nob Hill",37.7908308,-122.420964,"1517 Polk St, San Francisco, CA 94109, USA","ChIJEdGJjp6AhYAR1LtP-ptLrOg","Polk Gulch"
"Garden Creamery","Mission",37.7586821,-122.4204424,"3566 20th St, San Francisco, CA 94110, USA","ChIJbZrTRzx-j4AR1AzhXfq8_4c","Mission District"
"Zero Zero","SoMa",37.7817012,-122.4019647,"826 Folsom St, San Francisco, CA 94107, USA","ChIJ-VtspYCAhYAR1NlEgy5ye6o","Yerba Buena"
"Routier","Pacific Heights",37.7879032,-122.4406117,"2801 California St, San Francisco, CA 94115, USA","ChIJv1wfmMiBhYARaDfRf4DApQ8","Lower Pacific Heights"
"Black Jet Baking Co.","Bernal Heights",37.7391011,-122.4141424,"833 Cortland Ave, San Francisco, CA 94110","ChIJyyWkI65_j4ARa7e3T3y4L_I",""
"Churn Urban Creamery","Portola",37.7282108,-122.4041176,"2646 San Bruno Ave, San Francisco, CA 94134, USA","ChIJgSG8Zkx_j4ARoYEGPnwZqqc","Portola"
"B. Patisserie","Pacific Heights",37.7878443,-122.4408389,"2821 California St, San Francisco, CA 94115, USA","ChIJ59WgYcmAhYARu5gLD0FVpw4","Lower Pacific Heights"
"Saru Sushi","Noe Valley",37.7516989,-122.4288277,"3856 24th St, San Francisco, CA 94114, USA","ChIJsSI8kRR-j4ARGA_QES97YLo","Noe Valley"
"20th Century Cafe","Hayes Valley",37.7749306,-122.4224081,"198 Gough St, San Francisco, CA 94102, USA","ChIJHdSzOJ-AhYARhKGKEoPTIuo","Civic Center"
"Um.Ma.","Inner Sunset",37.7655061,-122.466241,"1220 9th Ave, San Francisco, CA 94122","ChIJ85tbw0aHhYARIXIu4a1XW-A",""
"El Pipila","SoMa",37.7714964,-122.4049548,"879 Brannan St, San Francisco, CA 94103, USA","ChIJVzS5uep_j4AR9vEsumwEuww","Showplace Square"
"Chao Pescao","Civic Center",37.7806944,-122.4165417,"272 McAllister St, San Francisco, CA 94102, USA","ChIJB4sutiKBhYARCmsHTlQez8g","Civic Center"
"Billingsgate","Noe Valley",37.751541,-122.4287947,"3859 24th St, San Francisco, CA 94114, USA","ChIJCYfGUyF_j4ARYBrD_S9XlsU","Noe Valley"
"Quik Dog by Trick Dog","Mission",37.7760469,-122.3898264,"1023 3rd St Suite E, San Francisco, CA 94158, USA","ChIJlZ-ncZ9_j4ARdLTvP7m0uNY","Mission Bay"
"Chalos","Parkside",37.7425997,-122.490395,"2240 Taraval St, San Francisco, CA 94116","ChIJz0_dxOV9j4ARz5T-pfQCuU4","Parkside"
"Amitis Café","NoPa",37.7738482,-122.4458613,"800 Masonic Ave, San Francisco, CA 94117, USA","ChIJq6rOpbKAhYARX4iNljHrmjE","North of the Panhandle"
"Liholiho Yacht Club","TenderNob",37.7882263,-122.4146051,"871 Sutter St, San Francisco, CA 94109, USA","ChIJkVSnJpKAhYARCSaDnRo5brE","Lower Nob Hill"
"Altovino","Nob Hill",37.7962024,-122.4114906,"1358 Mason St, San Francisco, CA 94133, USA","ChIJCUs0YfKAhYARR2NFzL6xY-w","Nob Hill"
"Good Mong Kok Bakery","Nob Hill",37.795455,-122.408356,"1039 Stockton St, San Francisco, CA 94108","ChIJverWRvOAhYARVfNtAtDviIc",""
"Little Original Joe's","Forest Hill",37.7365752,-122.4703196,"393 W Portal Ave, San Francisco, CA 94127","ChIJP8t6DXx9j4AROzp2mE-0NVE","West of Twin Peaks"
"Palm City","Outer Sunset",37.7623709,-122.5016052,"4055 Irving St, San Francisco, CA 94122, USA","ChIJVWTrhAmHhYARHLxz-4IGS0k","Outer Sunset"
"SPQR","Pacific Heights",37.7873726,-122.4336754,"1911 Fillmore St, San Francisco, CA 94115, USA","ChIJCUQFkseAhYARpkr3emAuxp8","Lower Pacific Heights"
"Merchant Roots/The Roost","Tenderloin",37.7784838,-122.4121893,"1148 Mission St, San Francisco, CA 94103, USA","ChIJdzrG1LuAhYARwq4upU3rdw8","Mid-Market"
"La Ciccia","Noe Valley",37.7419286,-122.426644,"291 30th St, San Francisco, CA 94131, USA","ChIJc9N1Y2h-j4ARaE2RERU0Ovs","Fairmount"
"Ungrafted","Dogpatch",37.7589821,-122.3881116,"2419 3rd St, San Francisco, CA 94107, USA","ChIJ1xmxl7l_j4ARPgIY240Lf5Y","Dogpatch"
"Ube Area at Excelsior Coffee","Excelsior",37.7263543,-122.4333723,"4495 Mission St, San Francisco, CA 94112","ChIJdefTJb9_j4ARM99sfJXvgtg",""
"Nari","Japantown",37.7855773,-122.4289389,"1625 Post St, San Francisco, CA 94115, USA","ChIJr1x3276AhYARrjGvC3BSTfk","Japantown"
"Kitchen Istanbul","Inner Richmond",37.7828985,-122.4632343,"349 Clement St, San Francisco, CA 94118, USA","ChIJ-7fy-juHhYARKnsUGLldH3Q","Inner Richmond"
"Kokak Chocolates","Castro",37.7610458,-122.4307323,"3901 18th St, San Francisco, CA 94114, USA","ChIJx30CTop_j4ARpNhm4NTyVks","Dolores Heights"
"New Taraval Cafe","Parkside",37.7431009,-122.47775,"1054 Taraval St, San Francisco, CA 94116, USA","ChIJhSxOs5F9j4ARX32dC4vA1Ho","Parkside"
"La Palma Mexicatessen","Mission",37.7529526,-122.4099426,"2884 24th St, San Francisco, CA 94110, USA","ChIJfSXt4kh-j4ARjDEbklumgeg","Mission District"
"House of Tadu Ethiopian Kitchen","Mission Bay",37.7738765,-122.3916834,"1130 4th St, San Francisco, CA 94158, USA","ChIJJSIN89B_j4ARtEi-QMd9SKo","Mission Bay"
"Turner's Kitchen","Mission",37.7630666,-122.4243314,"3505 17th St B, San Francisco, CA 94110, USA","ChIJp0O8eBh-j4ARSq-eVI8Fe9E","Mission Dolores"
"Le Dix-Sept Patisserie","Mission",37.7620761,-122.4187868,"3376 18th St, San Francisco, CA 94110, USA","ChIJyfNi_Ox_j4ARRriVcW3iTsM","Mission District"
"Che Fico Alimentari","NoPa",37.7773909,-122.438146,"838 Divisadero St, San Francisco, CA 94117, USA","ChIJa19vTLCAhYARXDWaUW9pGwA","Alamo Square"
"Jū-Ni","NoPa",37.7765382,-122.4388301,"1335 Fulton St STE 101, San Francisco, CA 94117","ChIJC97OyLGAhYAR4Y3wyxVMk8c",""
"Flour + Water Pasta Shop","Mission",37.7592626,-122.4110641,"3000 20th St, San Francisco, CA 94110","ChIJb7a6Fh1_j4ARenP13MtTy10","Mission District"
"Emblem Hotel)","TenderNob",37.7893814,-122.4098407,"562 Sutter St, San Francisco, CA 94102, USA","ChIJ5Wbw6U6BhYARcwkK6oRT4Xk","Union Square"
"El Buen Comer","Bernal Heights",37.7417604,-122.4221326,"3435 Mission St, San Francisco, CA 94110, USA","ChIJuZpBOV1-j4ARMWuZJDSKynQ","Bernal Heights"
"Pizzetta 211","Outer Richmond",37.7837099,-122.4830173,"211 23rd Ave, San Francisco, CA 94121, USA","ChIJQXnZ_ASHhYARiIl0VPpsEQs","Central Richmond"
"Early to Rise","Nob Hill",37.7772226,-122.4419042,"1801 McAllister St, San Francisco, CA 94115","ChIJ8w-xYiSBhYARhNGm1rkxp8s","Western Addition"
"Shizen","Mission",37.7683125,-122.4216815,"370 14th St, San Francisco, CA 94103, USA","ChIJIVHOoCF-j4ARnw6y25XWmMA","Mission District"
"Z Zoul Cafe","Tenderloin",37.7838536,-122.4124543,"295 Eddy St, San Francisco, CA 94102, USA","ChIJ2bcjWIWAhYARL_EWt8RhyB4","Tenderloin"
"Lord Stanley","Russian Hill",37.7957939,-122.4219189,"2065 Polk St, San Francisco, CA 94109, USA","ChIJvdibmumAhYARCuKOoz1VuG8","Polk Gulch"
"Falafelland","SoMa",37.7815139,-122.4148627,"265 Golden Gate Ave, San Francisco, CA 94102, USA","ChIJ9U5OawCBhYARmyRocsiUIXQ","Civic Center"
"Sorrel","Presidio Heights",37.7884157,-122.4461724,"3228 Sacramento St, San Francisco, CA 94115, USA","ChIJSUqmKoyAhYARHqx0N3gnl8o","Presidio Heights"
"L' Ardoise Bistro","Duboce Triange",37.7665737,-122.4330147,"151 Noe St, San Francisco, CA 94114, USA","ChIJ59pRbR1-j4ARKfQUFqmo33o","Duboce Triangle"
"China Live","Chinatown",37.7978556,-122.4078833,"644 Broadway, San Francisco, CA 94133, USA","ChIJx1IXkvOAhYARMNdQA5IcmEc","North Beach"
"Hai Ky Noodles","Tenderloin",37.7841076,-122.4179677,"707 Ellis St, San Francisco, CA 94109, USA","ChIJy5VK0ZCAhYARlmv2pBEVhjw","Little Saigon"
"Spruce","Presidio Heights",37.7876049,-122.4527851,"3640 Sacramento St, San Francisco, CA 94118, USA","ChIJ_075ezGHhYARMb6UkSpmbbE","Presidio Heights"
"Cuisine of Nepal","Glen Park",37.7409861,-122.4230812,"3486 Mission St, San Francisco, CA 94110, USA","ChIJUWUFaV1-j4ARtlukTo5NrQA","Bernal Heights"
"Gentilly","Excelsior",37.7209776,-122.4379652,"4826 Mission St, San Francisco, CA 94112","ChIJ7UuRkmF_j4AR9Py1bDXwZ80","Cayuga Terrace"
"Family Cafe","North Beach",37.7985838,-122.4074742,"362 Columbus Ave, San Francisco, CA 94133, USA","ChIJWXgajx-BhYAR7LnSp9kfSzg","North Beach"
"Nightburger by Nightbird","Hayes Valley",37.7765173,-122.4227968,"330 Gough St, San Francisco, CA 94102","ChIJyzdPuJiAhYARaLoaRwaGRGE",""
"Cassava","Outer Richmond",37.7756061,-122.4965254,"3519 Balboa St, San Francisco, CA 94121, USA","ChIJB_4JhmaHhYARTawThc7wWCA","Outer Richmond"
"Sunset Squares Pizza","SoMa",37.7769452,-122.4151274,"59 9th St, San Francisco, CA 94103","ChIJ-Sx0sn-BhYAR2OcfvKzUO2w","Mid-Market"
"The Mill","NoP",37.7764861,-122.4378944,"736 Divisadero St, San Francisco, CA 94117, USA","ChIJVzS3LbCAhYAR6Dw2KqlhWhg","Alamo Square"
"Rich Table","Hayes Valley",37.7748657,-122.4228497,"199 Gough St, San Francisco, CA 94102, USA","ChIJh_24QJ-AhYAR_xbUNVN2Xns","Lower Haight"
"Sunday Gather","Bayview",37.7402685,-122.3890046,"4100 3rd St, San Francisco, CA 94124, USA","ChIJT2BbDwF_j4AR1kAMEj-KIF4","Bayview"
"Son's Addition","Mission",37.7528206,-122.4117298,"2990 24th St, San Francisco, CA 94110, USA","ChIJZ229fuZ_j4ARX7OHtdIEriI","Mission District"
"Rooh","SoMa",37.7811657,-122.3925262,"333 Brannan St #150, San Francisco, CA 94107, USA","ChIJf16Ze3iAhYAR3Yx8zTAr8Ug","South Beach"
"Halal Dastarkhan","Tenderloin",37.7881328,-122.4183453,"1098 Sutter St, San Francisco, CA 94109, USA","ChIJ3ZdpxdKBhYARlaGtr6Kg95Y","Lower Nob Hill"
"Mamahuhu","Inner Richmond",37.7826936,-122.4647805,"517 Clement St, San Francisco, CA 94118, USA","ChIJHawrlH2HhYAR7gpLJSXr2dE","Inner Richmond"
"Atelier Crenn","Cow Hollow",37.7983315,-122.4359605,"3127 Fillmore St, San Francisco, CA 94123, USA","ChIJx1ULhNCAhYARSRq9NDWTeqI","Union Street"
"the San Francisco Botanical Garden. // FREE to SF residents daily and to everyone the second Tuesday of the month","Golden Gate Park",37.7677096,-122.4693109,"1199 9th Ave, San Francisco, CA 94122","ChIJW5w2V2iHhYARQoOl_ZsQlOg",""
"Hi Dive. // $3 PBRs","Embarcadero",37.7876462,-122.3874602,"28 Pier, San Francisco, CA 94105","ChIJg4pqPXGAhYAR0UA0NWHHPPo",""
"Madrone’s Motown on Mondays. // FREE before 8pm","NoPa",37.7742011,-122.4373746,"500 Divisadero St, San Francisco, CA 94117","ChIJpVZ7r6-AhYARKukA_jhcpxs",""
"Reem's California","Mission",37.7505546,-122.4179873,"2901 Mission St, San Francisco, CA 94110, USA","ChIJo5ZK6U1_j4ARzzvu7N7rK5I","Mission District"
"Bird Provisions","Western Addition",37.7836806,-122.4330028,"1529 Fillmore St, San Francisco, CA 94115","ChIJQ7kGpLmAhYARKeCe2pDobWk",""
"Chez Panisse","Berkeley",37.8796069,-122.2689248,"1517 Shattuck Ave., Berkeley, CA 94709, USA","ChIJcYtcJaF-hYAR-VzrwZpQY0E","North Shattuck"
"Slanted Door","Embarcadero",37.7960913,-122.3939583,"One, Ferry Building, #5, San Francisco, CA 94111, USA","ChIJWTGPjmaAhYARUxKI6M_KDjA","Embarcadero"
"State Bird Provisions","Western Addition",37.7836806,-122.4330028,"1529 Fillmore St, San Francisco, CA 94115, USA","ChIJQ7kGpLmAhYARKeCe2pDobWk","Western Addition"
"Octavia","Pacific Heights",37.7879648,-122.4271064,"1701 Octavia St, San Francisco, CA 94109, USA","ChIJs32Mdr-AhYARZmI19fIPvOM",""
"Kin Khao","Tenderloin",37.7852408,-122.409331,"55 Cyril Magnin St, San Francisco, CA 94102, USA","ChIJn_ZxYo-AhYAR22wJt4at2K0","Union Square"
"Lazy Bear","Mission",37.7604119,-122.4197156,"3416 19th St, San Francisco, CA 94110, USA","ChIJk35bizx-j4AREil6UPp7Jn4","Mission District"
"Cafe Nopa","NOPA",37.7749009,-122.4375083,"560 Divisadero St, San Francisco, CA 94117, USA","ChIJ_dQjyK-AhYARBc9DFlxcclg","Alamo Square"
"Birdsong","SoMa",37.7793925,-122.4103825,"1085 Mission St, San Francisco, CA 94103, USA","ChIJTwtvfIOAhYARHMEe0c2Xi4s","SoMa"
"Daytrip","Oakland",37.8319089,-122.263417,"4316 Telegraph Ave, Oakland, CA 94609, USA","ChIJ-wD6IJ59hYARnE36nH7mtxU","Temescal"
"Quince","Jackson Square",37.7974302,-122.4033061,"470 Pacific Ave, San Francisco, CA 94133, USA","ChIJ8biHnb-AhYARSpU8MDPb5vs","North Beach"
"SingleThread","Healdsburg",38.6123026,-122.8697032,"131 North St, Healdsburg, CA 95448","ChIJ8TVwjTMXhIARQ5MLkvMyVvY",""
"Benu","SoMa",37.7855007,-122.3990397,"22 Hawthorne St, San Francisco, CA 94105, USA","ChIJSToWqn2AhYAR1CuH2iGMvuo","Yerba Buena"
"Acquerello","Polk Gulch",37.7915966,-122.421467,"NEAR VAN NESS &, 1722 Sacramento St, San Francisco, CA 94109, USA","ChIJwYdY3uqAhYARXUJUOIELoqU","Polk Gulch"
"Mister Jiu's","San Francisco",37.79371,-122.4066569,"28 Waverly Pl, San Francisco, CA 94108","ChIJyRDJYIuAhYARyAPkIc7A2Vo",""
"Caché","San Francisco",37.765254,-122.4667869,"1235 9th Ave, San Francisco, CA 94122","ChIJ8zaexbWHhYARSgeDibPKPaY","Inner Sunset"
"Minnie Bell’s Soul Movement","San Francisco",37.7821663,-122.4327686,"1375 Fillmore St, San Francisco, CA 94115","ChIJcYgzNSOBhYARPI-O97Gqi1g","Western Addition"
"State Bird Provisions","San Francisco",37.7836806,-122.4330028,"1529 Fillmore St, San Francisco, CA 94115","ChIJQ7kGpLmAhYARKeCe2pDobWk","Western Addition"
"Mijoté","San Francisco",37.7588898,-122.4128503,"2400 Harrison St, San Francisco, CA 94110, USA","ChIJ_-LIfy1_j4ARc_ONJ6vcAzQ","Mission District"
"Rich Table","San Francisco",37.7748657,-122.4228497,"199 Gough St, San Francisco, CA 94102","ChIJh_24QJ-AhYAR_xbUNVN2Xns",""
"Zuni Café","San Francisco",37.7736,-122.421608,"1658 Market St, San Francisco, CA 94102","ChIJO7u9q5-AhYARiSSXyWv9eJ8",""
"Raestaurant Nisei","San Francisco",37.7981765,-122.4220853,"2316 Polk St, San Francisco, CA 94109","ChIJYSfspPSBhYARcVCbbkjGXg0","Polk Gulch"
"Aziza","San Francisco",37.7804334,-122.481706,"5800 Geary Blvd, San Francisco, CA 94121, USA","ChIJb-KW6Q-HhYAR4NlucuMP_HE","Little Russia"
"Akikos","San Francisco",37.7878728,-122.3941941,"430 Folsom St, San Francisco, CA 94108","ChIJ-2fce4mAhYARiPQdMcT8Weg","SoMa"
"La Taqueria","San Francisco",37.7508961,-122.4180867,"2889 Mission St, San Francisco, CA 94110, USA","ChIJrTYB1UZ-j4ARdeRB5Wzp_CE","Mission District"
"Angler","San Francisco",37.7930864,-122.392181,"132 The Embarcadero, San Francisco, CA 94105","ChIJgURgKGuBhYARMIlKBN79aOQ",""
"Mamahuhu","San Francisco",37.7826936,-122.4647805,"517 Clement St, San Francisco, CA 94118","ChIJHawrlH2HhYAR7gpLJSXr2dE","Inner Richmond"
"Nari","San Francisco",37.7854185,-122.4287888,"1625 Post St, San Francisco, CA 94115","ChIJCf9p82aBhYARQolIoRsK6fE",""
"Sons & Daughters","Nob Hill",37.7616252,-122.4108486,"2875 18th St, San Francisco, CA 94110, USA","ChIJvXXIOoyAhYARe-ixq3WdmrY","Mission District"
"7 Adams","San Francisco",37.785977,-122.432601,NA,NA,""
"Z & Y","San Francisco",37.7960301,-122.4060612,"655 Jackson St, San Francisco, CA 94133, USA","ChIJmevPu_SAhYARMmQlHRt_Rj4","Chinatown"
"Crustacean San Francisco","San Francisco",37.7921467,-122.3994225,"195 Pine St, San Francisco, CA 94111, USA","ChIJPUlBZQCBhYARrR8zdyeWBMA","Financial District"
"Tiya","San Francisco",37.7995085,-122.4412277,"3213 Scott St, San Francisco, CA 94123, USA","ChIJS74YPACBhYARhZMzFta3MrE","Marina District"
"Sam's Grill","San Francisco",37.7909449,-122.4036534,"374 Bush St, San Francisco, CA 94104, USA","ChIJk0b6hYmAhYARWaxB5KIql44","Belden Place"
"Rad Radish","San Francisco",37.7769287,-122.4215742,"301 Hayes St, San Francisco, CA 94102, USA","ChIJc-rRpmSBhYARllfwwCjG7r0","Civic Center"
"Dalida","San Francisco",37.799934,-122.459691,NA,NA,""
"Mensho","San Francisco",37.7867348,-122.4143431,"672 Geary St, San Francisco, CA 94102, USA","ChIJ86TLv5GAhYARdhd8cNsVbe8","Lower Nob Hill"
"Noodle in a Haystack","San Francisco",37.780648,-122.468707,NA,NA,""
"Oma San Francisco Station","San Francisco",37.784985,-122.4310234,"1737 Post St #337, San Francisco, CA 94115, USA","ChIJwbERTIWBhYARsQKbK5ikRuk","Japantown"
"Compton’s Coffee House","San Francisco",37.7874197,-122.4333838,"1910 Fillmore St, San Francisco, CA 94115, USA","ChIJ844xLVCBhYARnhgW3uG5GqU",""
"Saint Frank","San Francisco",37.7984797,-122.4220775,"2340 Polk St, San Francisco, CA 94109, USA","ChIJmfgIQ-iAhYARq5osc-JybBo","Polk Gulch"
"Pinhole Coffee","San Francisco",37.739624,-122.419029,"231 Cortland Ave, San Francisco, CA 94110, USA","ChIJe2NYDlx-j4ARKQZMDlIwcPA","Bernal Heights"
"Excelsior Coffee","San Francisco",37.726246,-122.433282,NA,NA,""
"Hi Nrg","San Francisco",37.7827246,-122.464106,"443 Clement St, San Francisco, CA 94118, USA","ChIJkZv0EgCHhYARkqGL3E7OquM","Inner Richmond"
"Nirvana Soul Coffee","San Francisco",37.7781774,-122.3939273,"242 Townsend St, San Francisco, CA 94107, USA","ChIJoyIt12h_j4ARbL8Vvm8F0YQ","China Basin"
"Golden Goat Coffee","San Francisco",37.7804645,-122.3944754,"599 3rd St #100, San Francisco, CA 94107, USA","ChIJ20Ta-TmBhYAR0sHU-G-fzs8","South Beach"
"Kopiku Indonesian Coffee","San Francisco",37.8008837,-122.4253407,"1443 Lombard St, San Francisco, CA 94123, USA","ChIJj1EaYTiBhYARVClS372QSHM","Union Street"
"CoffeeShop","San Francisco",37.7470161,-122.418717,"3139 Mission St, San Francisco, CA 94110, USA","ChIJtSmBjEN-j4ARFdrmtjkXs5k","Bernal Heights"
"Snowbird Coffee","San Francisco",37.7630714,-122.4661192,"1352 9th Ave A, San Francisco, CA 94122, USA","ChIJIztOzV2HhYAR0wpB5VfTGb0","Inner Sunset"
"Delah Coffee","San Francisco",37.7810165,-122.4002244,"370 4th St, San Francisco, CA 94107, USA","ChIJL86gDJmBhYARjQPJ6NsYQZQ","Yerba Buena"
"Caffe Trieste","San Francisco",37.7986417,-122.4073139,"601 Vallejo St, San Francisco, CA 94133, USA","ChIJcyHa9fOAhYAR7reGSUvtLe4","North Beach"
"Home Coffee Roasters","San Francisco",37.7912579,-122.4058748,"455 Grant Ave, San Francisco, CA 94108, USA","ChIJkXXugh2BhYAR2nQNOhnYDmA","Chinatown"
"Simple Pleasures Cafe","San Francisco",37.7759728,-122.4958428,"3434 Balboa St, San Francisco, CA 94121, USA","ChIJgT8-R6aHhYARhSQG4Voq6L8","Outer Richmond"
"Grand Coffee","San Francisco",37.754472,-122.4185021,"2663 Mission St, San Francisco, CA 94110, USA","ChIJC0tDSj9-j4AROcvQfiqe1y8","Mission District"
"El Mil Amores","San Francisco",37.757712,-122.410431,"2780 21st St, San Francisco, CA 94110, USA","ChIJja4FTCd_j4ARm5A1qM5iEDo","Mission District"
"Newkirk's","San Francisco",37.7559706,-122.4069086,"1002 Potrero Ave, San Francisco, CA 94110, USA","ChIJe_t9Hkp-j4ARXVp7IFTgQvg","Mission District"
"Manitas Cafe","San Francisco",37.77356,-122.45069,"2078 Hayes St, San Francisco, CA 94117, USA","ChIJRw5BuU2HhYARMlQkVSiSOS8","Panhandle"
"Plow","San Francisco",37.762565,-122.395405,"1299 18th St, San Francisco, CA 94107, USA","ChIJRT-pgcl_j4ARC1TrxZcQ8xY","Potrero Hill"
"Breakfast Little","San Francisco",37.7551823,-122.4203797,"3275 22nd St, San Francisco, CA 94110, USA","ChIJp60UGGR_j4ARDQrwY2PapRs","Mission District"
"Eddie's Cafe","San Francisco",37.7769847,-122.4380589,"800 Divisadero St, San Francisco, CA 94117, USA","ChIJr4F0NbCAhYARSZVavq8xsPw","Alamo Square"
"Kantine","San Francisco",37.7707222,-122.4253218,"1906 Market St, San Francisco, CA 94102, USA","ChIJi9BhDKCAhYARRUYq_9pI45w","Mint Hill"
"Devil's Teeth Baking Company","San Francisco",37.7531472,-122.5050278,"3876 Noriega St, San Francisco, CA 94122, USA","ChIJSy9BoY-HhYAR-jHGxlGU5fc","Outer Sunset"
"Bones Bagels","San Francisco",37.751337,-122.4362175,"741 Diamond St, San Francisco, CA 94114, USA","ChIJ-XUKKQB_j4ARrDajQ_NArOg","Noe Valley"
"Good Mong Kok","San Francisco",37.7954456997727,-122.408346723032,NA,NA,""
"Kahnfections","San Francisco",37.7587553,-122.4152538,"3321 20th St, San Francisco, CA 94110, USA","ChIJmUH6gzl-j4ARY24jL7NcAeQ","Mission District"
"The Mill","San Francisco",37.776473,-122.437716,NA,NA,""
"Pork Store Cafe","San Francisco",37.77,-122.4462523,"1451 Haight St, San Francisco, CA 94117, USA","ChIJCbgQyayAhYARjVk8nB7sh5M","Haight-Ashbury"
"Taffi's Cafe","San Francisco",37.7430025,-122.4268808,"1748 Church St, San Francisco, CA 94131, USA","ChIJO8Cn7rB_j4AR3fXz-7MGdio","Noe Valley"
"New Taraval Cafe","San Francisco",37.7431063629771,-122.47770810318,NA,NA,""
"Chicken Fried Palace","San Francisco",37.7611238,-122.4195833,"2240 Mission St, San Francisco, CA 94110","ChIJVXd7lGZ_j4ARnAIU5798Ozo","Mission District"
"Hong Kong Lounge","San Francisco",37.7807087,-122.4766645,"5322 Geary Blvd, San Francisco, CA 94121, USA","ChIJy6k6HhGHhYAR5moxQxcAv-w","Little Russia"
"Reem's Mission","San Francisco",37.7505546,-122.4179873,"2901 Mission St, San Francisco, CA 94110, USA","ChIJo5ZK6U1_j4ARzzvu7N7rK5I","Mission District"
"Lokma","San Francisco",37.782193,-122.4785914,"1801 Clement St, San Francisco, CA 94121, USA","ChIJgUtXdxCHhYARD8rNGyLlmRQ","Little Russia"
"Smoke Soul Kitchen","San Francisco",37.736166,-122.3905437,"4618 3rd St, San Francisco, CA 94124, USA","ChIJRyhPZfp_j4ARtHYJR9rrvG4","Bayview"
"Tastebuds","San Francisco",37.777158,-122.462669,"600 5th Ave, San Francisco, CA 94118, USA","ChIJw3yWbSGHhYARdCL37oY9LWI","Inner Richmond"
"Early To Rise","San Francisco",37.7772226,-122.4419042,"1801 McAllister St, San Francisco, CA 94115","ChIJ8w-xYiSBhYARhNGm1rkxp8s","Western Addition"
"Goldenette","San Francisco",37.7916046,-122.4210539,"1601 Polk St, San Francisco, CA 94109, USA","ChIJI7-AbMmBhYARLijfccAJ7pc","Polk Gulch"
"Causwells","San Francisco",37.8003429,-122.4420181,"2346 Chestnut St, San Francisco, CA 94123, USA","ChIJ78j3OdSAhYAR_nZU8ILRNUU","Marina District"
"Zazie","San Francisco",37.7652402,-122.4500965,"941 Cole St, San Francisco, CA 94117, USA","ChIJgSeZU1SHhYARQU-BswtkEiY","Cole Valley"
"Mayaflor","San Francisco",37.7910582,-122.4189537,"1494 California St, San Francisco, CA 94109","ChIJF9tPeQCBhYARIG4-mdO2GLY","Nob Hill"
"The Front Porch","San Francisco",37.7438055,-122.4220136,"65 29th St, San Francisco, CA 94110, USA","ChIJn8Ixw0J-j4ARb073TlyhmZw","Bernal Heights"
"Saigon Sandwich","San Francisco",37.7831271,-122.4173619,"560 Larkin St, San Francisco, CA 94102, USA","ChIJY3rEu5CAhYAR3CjUhJ3qY3A","Tenderloin"
"Rusty Ladle","San Francisco",37.7567096,-122.502033,"3645 Lawton St, San Francisco, CA 94122, USA","ChIJB5QoVUuHhYARIp-fqLcznPY","Outer Sunset"
"Deli Board","San Francisco",37.7775834,-122.4070585,"1058 Folsom St, San Francisco, CA 94103, USA","ChIJg3sUuoOAhYARpkc2SgWT8gc","SoMa"
"Panchita's Pupuseria Restaurant #2","San Francisco",37.7647113,-122.4216374,"3091 16th St, San Francisco, CA 94103, USA","ChIJ9xX3USJ-j4ARbOaAJfykQgU","Mission District"
"Ilana Coffee","San Francisco",37.7822076,-122.4842055,"2314 Clement St, San Francisco, CA 94121, USA","ChIJz3lPowWHhYARstAS72iRJCE","Central Richmond"
"Hawaiian Drive Inn","San Francisco",37.7210544,-122.4373405,"4827 Mission St, San Francisco, CA 94112, USA","ChIJK4fjCIV-j4ARhWKGzPT-wrs","Excelsior"
"La Palma Mexicatessen Molino y Tortilleria","San Francisco",37.7529526,-122.4099426,"2884 24th St, San Francisco, CA 94110, USA","ChIJfSXt4kh-j4ARjDEbklumgeg","Mission District"
"Rice Roll Express","San Francisco",37.7962296,-122.4084831,"1131 Stockton St, San Francisco, CA 94133, USA","ChIJRQiaCQCBhYAR6ynYJWaw1bk","Chinatown"
"Angler SF","San Francisco",37.7930864,-122.392181,"132 The Embarcadero, San Francisco, CA 94105, USA","ChIJgURgKGuBhYARMIlKBN79aOQ","Embarcadero"
"Fikscue ","San Francisco",37.7688588,-122.386648,"7 Warriors Wy Suite 208, San Francisco, CA 94158, USA","ChIJkdSDFwB_j4AROwoEbbtkb_c","Mission Bay"
"Mama's Luncheonette","San Francisco",37.797763,-122.4321174,"3006 Buchanan St, San Francisco, CA 94123, USA","ChIJjec-X8qBhYARyLBGFferRwU","Union Street"
"Cielito Lindo","San Francisco",37.7759806,-122.4959281,"3440 Balboa St, San Francisco, CA 94121, USA","ChIJi7bWwGCHhYARssLGRw7p-9A","Outer Richmond"
"Yuanbao Jiaozi","San Francisco",37.7635395,-122.4807449,"2110 Irving St, San Francisco, CA 94122, USA","ChIJifiQHXCHhYARUE-zmI9jYN0","Outer Sunset"
"All Good Pizza","San Francisco",37.7386448,-122.3897803,"1605 Jerrold Ave, San Francisco, CA 94124, USA","ChIJwwA0rwh_j4ARbLQdX8x74rQ","Bayview"
"Parada 22","San Francisco",37.7691972,-122.4521307,"1805 Haight St, San Francisco, CA 94117, USA","ChIJ1c-fK1KHhYAR319Uwh4VKUA","Haight-Ashbury"
"Dumpling Specialist","San Francisco",37.7427963,-122.4783268,"1119-1123 Taraval St, San Francisco, CA 94116, USA","ChIJzcAsznR9j4ARcH3dxt5EamE","Parkside"
"Neighbor Bakehouse","San Francisco",37.7596427,-122.3881812,"2343 3rd St UNIT 100, San Francisco, CA 94107, USA","ChIJwxB7url_j4ARDQCaUUgJCwo","Dogpatch"
"Tano","San Francisco",37.7856212,-122.3963813,"303 2nd St N102, San Francisco, CA 94107, USA","ChIJ1YnNyTOBhYARrvYNcbPOBqI","Rincon Hill"
"Patisserie On California","San Francisco",37.783366,-122.490968,"6833 California St, San Francisco, CA 94121, USA","ChIJIXAS36OHhYARKfZjBMlGpiU","Central Richmond"
"No Crumbs","San Francisco",37.7889576,-122.3945544,"215 Fremont St #5b, San Francisco, CA 94105, USA","ChIJew1yif-BhYARgdbC5pSqSKo","SoMa"
"Christine's","San Francisco",37.7610908,-122.4105473,"2050 Bryant St, San Francisco, CA 94110, USA","ChIJD7rO2aJ_j4AR8hYALzaNItw","Mission District"
"Hungry Crumbs","San Francisco",37.7889576,-122.3945544,"215 Fremont St #5b, San Francisco, CA 94105, USA","ChIJew1yif-BhYARgdbC5pSqSKo","SoMa"
"Quince","San Francisco",37.797495,-122.40327,NA,NA,""
"Four Kings","San Francisco",37.7940708,-122.4051035,"710 Commercial St, San Francisco, CA 94108, USA","ChIJD_erQf2BhYARF5m3aYOjjDk","Chinatown"
"Naides","San Francisco",37.7902449,-122.409088,"708 Bush St, San Francisco, CA 94108","ChIJzyIspeuBhYARUNRInz8tBdk","Nob Hill"
"Dingles Public House","San Francisco",37.7787601,-122.4222545,"333 Fulton St, San Francisco, CA 94102, USA","ChIJL7rjjYaBhYARevDyQPcSzIU","Fillmore District"
"Miller & Lux","San Francisco",37.7681857,-122.3864459,"700 Terry A Francois Blvd, San Francisco, CA 94158, USA","ChIJ9RQf51F_j4ARREq0LzH66gY","Mission Bay"
"Capital One Cafe","California 94108",37.788722,-122.403917,"101 Post St, San Francisco, CA 94108, USA","ChIJQY5OU4iAhYAR0V7nsQ6k_Mw","Union Square"
"Scullery","San Francisco",37.7864234,-122.4146075,"687 Geary St, San Francisco, CA 94102, USA","ChIJh10OvJGAhYAR3PXa3UKPE5A","Tenderloin"
"Paper Son","California 94107",37.7856195,-122.3963797,"303 2nd St N102, San Francisco, CA 94107","ChIJXVRIc9aBhYARDuJoNx2IVAg","Rincon Hill"
"Delah Coffee House","CA 94107",37.7810165,-122.4002244,"370 4th St, San Francisco, CA 94107, USA","ChIJL86gDJmBhYARjQPJ6NsYQZQ","Yerba Buena"
"Saint Frank Coffee","California 94122",37.7643098,-122.4660344,"744 Irving St, San Francisco, CA 94122, USA","ChIJXQP8eQCHhYARy_XqX_U7Alo","Inner Sunset"
"Linea Coffee Roasting + Caffe","CA 94107",37.7638051,-122.3952279,"1125 Mariposa St, San Francisco, CA 94107, USA","ChIJ_e_mC2B_j4ARHJS5QQaIqnk","Potrero Hill"
"Hedge Coffee Roasters","California 94110",37.7612977,-122.4163533,"434 Shotwell St, San Francisco, CA 94110, USA","ChIJN6Ruz-2AhYARgtds57VLcVw","Mission District"
"The Coffee Movement at Side A","California 94110",37.7606162,-122.4105459,"2814 19th St, San Francisco, CA 94110, USA","ChIJ24eJZwB_j4AR1hVAchUxbKY","Mission District"
"Hey Neighbor Cafe","CA 94134",37.729072,-122.4037867,"2 Burrows St, San Francisco, CA 94134, USA","ChIJRTSapmZ_j4ARENjJCMfdDAM","Portola"
"Better Half Coffee","California 94109",37.7955504,-122.419092,"1448 Pacific Ave, San Francisco, CA 94109, USA","ChIJrcoKeYqBhYAReNsG0XWfYZs","Nob Hill"
"Humphry Slocombe","San Francisco",37.7959588,-122.3940961,"One Ferry Building #8, San Francisco, CA 94111, USA","ChIJWUj0iEh-j4ARPJYe1823nnU","Embarcadero"
"Uji Time Dessert","CA 94115",37.7852472,-122.4291779,"22 Peace Plaza #440, San Francisco, CA 94115, USA","ChIJ520J0L6AhYARAtr8onYiJ9U","Japantown"
"Miyako Old Fashion Ice Cream","CA 94115",37.7830658,-122.4325386,"1470 Fillmore St, San Francisco, CA 94115, USA","ChIJP7G7nbmAhYARdipJ6Q9z8yQ","Western Addition"
"Toy Boat by Jane","San Francisco",37.7828811,-122.4635269,"401 Clement St, San Francisco, CA 94118, USA","ChIJ6TT_-TuHhYARYnxWYzdyHik","Inner Richmond"
"Joe's Ice Cream","San Francisco",37.7806111,-122.477725,"5420 Geary Blvd, San Francisco, CA 94121, USA","ChIJkSu3HBGHhYARpX8Rnhet-O0","Little Russia"
"The Ice Cream Bar","San Francisco",37.766458,-122.450251,"815 Cole St, San Francisco, CA 94117, USA","ChIJu5QEZlSHhYARItnzG0WPrsI","Cole Valley"
"Nieves Cinco De Mayo","San Francisco",37.7651397,-122.4207977,"3052 16th St, San Francisco, CA 94103, USA","ChIJZUZcriN-j4ARCSCGm270LcU","Mission District"
"Milkbomb Ice Cream","San Francisco",37.7647351,-122.401159,"1717 17th St, San Francisco, CA 94103, USA","ChIJF3git8x_j4AR54Uw6ei8cZo","Potrero Hill"
"San Francisco's Hometown Creamery","San Francisco",37.7644063,-122.4661628,"1290 9th Ave, San Francisco, CA 94122, USA","ChIJRZh4UlyHhYARFzEAr0ujSJc","Inner Sunset"
"Double Rainbow Ice Cream","San Francisco",37.7622844,-122.434935,"415 Castro St, San Francisco, CA 94114, USA","ChIJFbqVGCF_j4AR-_qC9S_5rRQ","The Castro"
"Bi-Rite Creamery","San Francisco",37.76159,-122.425717,"3692 18th St, San Francisco, CA 94110, USA","ChIJh1wqPBh-j4ARliLVoyr5W_c","Mission Dolores"
"Garden Creamery","San Francisco",37.7586821,-122.4204424,"3566 20th St, San Francisco, CA 94110","ChIJbZrTRzx-j4AR1AzhXfq8_4c","Mission District"
"Hila","San Francisco",37.7576972,-122.4210101,"951 Valencia St, San Francisco, CA 94110, USA","ChIJ9xRXoM9_j4ARHJjH26TArjI","Mission District"
"Polly Ann Ice Cream","San Francisco",37.7534889,-122.4977301,"3138 Noriega St, San Francisco, CA 94122, USA","ChIJw-dqCISHhYAR2xLjZbLiE38","Outer Sunset"
"Koolfi Creamery","California 94105",37.7906947,-122.3974338,"In the alley across from Tender Greens Restaurant, 50 Fremont St #125, San Francisco, CA 94105, USA","ChIJL5ZaMgCBhYARUncaIFYlkOM","Financial District"
"Philmore Creamery","San Francisco",37.7865433,-122.4332707,"1840 Fillmore St, San Francisco, CA 94115, USA","ChIJxVF7jwSBhYARZ_tuy90KFhE","Japantown"
"Torima by Hina Yakatori","NoPa",37.7771297,-122.4380118,"808 Divisadero St, San Francisco, CA 94117","ChIJqRjbTQCBhYARj_DZB8ZAZzs","Alamo Square"
"Routier","San Francisco",37.7879899,-122.4405741,NA,NA,""
"Liholiho Yacht Club","San Francisco",37.7884286,-122.4146384,NA,NA,""
"SPQR","San Francisco",37.7873703,-122.4336712,NA,NA,""
"Queens","Inner Sunset",37.765254,-122.4667869,"1235 9th Ave, San Francisco, CA 94122","ChIJ8zaexbWHhYARSgeDibPKPaY","Inner Sunset"
"Sai's","FiDi",37.796227,-122.4039535,"42 Columbus Ave, San Francisco, CA 94111","ChIJpeG5o4qAhYARcx2XLD1LQfI","North Beach"
"jū-ni","San Francisco",37.77672,-122.43886,NA,NA,""
"El Buen Comer","San Francisco",37.74184,-122.42225,NA,NA,""
"Sorrel","San Francisco",37.788334,-122.44614,NA,NA,""
"Spruce","San Francisco",37.78772,-122.45264,NA,NA,""
"Nightbird","San Francisco",37.776485,-122.42288,NA,NA,""
"Akna","Hayes Valley",37.7777228,-122.4230145,"399 Grove St, San Francisco, CA 94102","ChIJPTATauaBhYARdS7ozl_-Pdk","Civic Center"
"Rooh","San Francisco",37.7813216,-122.3925983,NA,NA,""
"Atelier Crenn","San Francisco",37.79835,-122.43586,NA,NA,""
"Mister Jiu’s","San Francisco",37.79371,-122.4066569,"28 Waverly Pl, San Francisco, CA 94108","ChIJyRDJYIuAhYARyAPkIc7A2Vo","Chinatown"
"San Ho Wan","San Francisco",37.759599,-122.4102473,"2170 Bryant St, San Francisco, CA 94110","ChIJBQpgwVh_j4ARocWBZnqOXEg","Mission District"
"Mister Jiu's","Chinatown",37.79371,-122.4066569,"28 Waverly Pl, San Francisco, CA 94108","ChIJyRDJYIuAhYARyAPkIc7A2Vo","Chinatown"
"Liholiho Yacht Club","Polk Gulch",37.7882263,-122.4146051,"871 Sutter St, San Francisco, CA 94109, USA","ChIJkVSnJpKAhYARCSaDnRo5brE","Lower Nob Hill"
"Saison","SoMa",37.7795228,-122.3922691,"178 Townsend St, San Francisco, CA 94107, USA","ChIJPUo32Aj3MhURXL06eVIEoHc","South Beach"
"Coi","North Beach",37.7980647,-122.4034273,"373 Broadway, San Francisco, CA 94133, USA","ChIJtTiYCPWAhYARSG5vCAkeT0Y","North Beach"
"Aphotic","SoMa",37.7817488,-122.4018854,"816 Folsom St, San Francisco, CA 94107, USA","ChIJVVVlXCd-j4ARYemTTC8ydA0","Yerba Buena"
"Dumpling Home","San Francisco",37.7758205,-122.4226361,"298 Gough St, San Francisco, CA 94102, USA","ChIJlYL0Wa-BhYARJi6qr49Ncv0","Civic Center"
"Sungho","San Francisco",37.783296,-122.4157145,"250 Hyde St, San Francisco, CA 94102, USA","ChIJcfomRFyBhYAR4G1RIRFIu-w","Tenderloin"
"Merchant Roots","San Francisco",37.7784838,-122.4121893,"1148 Mission St, San Francisco, CA 94103, USA","ChIJdzrG1LuAhYARwq4upU3rdw8","Mid-Market"
"Azalina’s","San Francisco",37.7845857,-122.4143076,"499 Ellis St, San Francisco, CA 94102, USA","ChIJQWq7yBaBhYARAW1YO8VAzB4","Tenderloin"
"Sato Omakase","San Francisco",37.7870691,-122.4201849,"1122 Post St, San Francisco, CA 94109, USA","ChIJWc5440CBhYAR9_8caBMIoXs","Lower Nob Hill"
"Birdsong","San Francisco",37.7793925,-122.4103825,"1085 Mission St, San Francisco, CA 94103","ChIJTwtvfIOAhYARHMEe0c2Xi4s","SoMa"
"Yuji","San Francisco",37.7857723,-122.4301334,"1700 Post St k, San Francisco, CA 94115, USA","ChIJoXZ6aUuBhYAR2Zgh-8AH7xE","Japantown"
"HK Lounge Bistro","San Francisco",37.7761613,-122.4088266,"1136 Folsom St, San Francisco, CA 94103, USA","ChIJpS6YbYKAhYARVcQdOt3--U0","SoMa"
"Hed 11","San Francisco",37.7867304,-122.4302558,"1800 Sutter St, San Francisco, CA 94115, USA","ChIJDSPUybiAhYARHcLkUulXSkE","Japantown"
"Friends Only","San Francisco",37.7905919,-122.419252,"1501 California St, San Francisco, CA 94109, USA","ChIJtQaO6AGBhYARGimxlsABOKc","Polk Gulch"
"Bansang","San Francisco",37.7841058,-122.4327578,"1560 Fillmore St, San Francisco, CA 94115, USA","ChIJ354nKUKBhYARoBM0TlVYt5E","Fillmore District"
"Acquerello","San Francisco",37.7915966,-122.421467,"NEAR VAN NESS &, 1722 Sacramento St, San Francisco, CA 94109","ChIJwYdY3uqAhYARXUJUOIELoqU","Polk Gulch"
"O' by Claude Le Tohic","San Francisco",37.7862462,-122.407371,"165 O'Farrell St 5th Floor, San Francisco, CA 94102, USA","ChIJ4SzE19OBhYAR4joNN1MIW-8","Union Square"
"Shizen","San Francisco",37.7683125,-122.4216815,"370 14th St, San Francisco, CA 94103","ChIJIVHOoCF-j4ARnw6y25XWmMA","Mission District"
"Izakaya Rintaro","San Francisco",37.768875,-122.4151361,"82 14th St, San Francisco, CA 94103, USA","ChIJgcIdeSZ-j4AR1BE-49mhR-E","Mission District"
"Sorella","San Francisco",37.7931806,-122.4210694,"1760 Polk St, San Francisco, CA 94109, USA","ChIJedb3quuAhYAR2Wi98Ex7WLc","Polk Gulch"
"Ken","San Francisco",37.771477,-122.4369169,"252 Divisadero St, San Francisco, CA 94117, USA","ChIJl6amiD-BhYAR2M4TI-tGoUU","Lower Haight"
"Nopalito","San Francisco",37.7732851,-122.4389738,"306 Broderick St, San Francisco, CA 94117, USA","ChIJWdx6WK6AhYARchLwAKyG4-Y","Panhandle"
"Okane","San Francisco",37.770498,-122.4029764,"669 Townsend St, San Francisco, CA 94103, USA","ChIJjaWT5yx-j4AR0S6cwdgnD4Q","Showplace Square"
"Omakase","San Francisco",37.7706085,-122.4028558,"665 Townsend St, San Francisco, CA 94103, USA","ChIJFYz55yx-j4ARFUpWF0lt4gw","Showplace Square"
"Niku Steakhouse","San Francisco",37.7696906,-122.4035175,"61 Division St, San Francisco, CA 94103, USA","ChIJ9fZ1hrV_j4AR-j0CLhwaYc0","Showplace Square"
"Ssal","San Francisco",37.7973527,-122.421862,"2226 Polk St, San Francisco, CA 94109, USA","ChIJz9axs6SBhYARWHXy6JCAk_0","Polk Gulch"
"Benu","San Francisco",37.7855007,-122.3990397,"22 Hawthorne St, San Francisco, CA 94105","ChIJSToWqn2AhYAR1CuH2iGMvuo","Yerba Buena"
"Nisei","San Francisco",37.7981765,-122.4220853,"2316 Polk St, San Francisco, CA 94109, USA","ChIJYSfspPSBhYARcVCbbkjGXg0","Polk Gulch"
"Ernest","San Francisco",37.7631497,-122.410995,"1890 Bryant St Suite 100, San Francisco, CA 94110, USA","ChIJ0yni6w1_j4ARnYU0e19QVNY","Mission District"
"Good Good Culture Club","San Francisco",37.7618143,-122.4229679,"3560 18th St, San Francisco, CA 94110, USA","ChIJ5XSspPF_j4ARuI5plZ5X93Q","Mission Dolores"
"Anomaly SF","San Francisco",37.7849566,-122.4433842,"2600 Sutter St, San Francisco, CA 94109, USA","ChIJFSUC_4SBhYAR6ABUKBe42Gg","Lower Pacific Heights"
"The Shota","San Francisco",37.7914251,-122.4010378,"115 Sansome St, San Francisco, CA 94104, USA","ChIJAzG8hXmBhYARQ1Mw5xW5Lfo","Financial District"
"Frances","San Francisco",37.7627657,-122.4322519,"3870 17th St, San Francisco, CA 94114, USA","ChIJky2knBt-j4ARXAdR3-GAWM8","The Castro"
"Sons & Daughters","San Francisco",37.7616252,-122.4108486,"2875 18th St, San Francisco, CA 94110","ChIJvXXIOoyAhYARe-ixq3WdmrY","Mission District"
"Flores","San Francisco",37.7976128,-122.4326619,"2030 Union St, San Francisco, CA 94123, USA","ChIJA9Sm39qAhYAROoPf_BHbBlY","Union Street"
"Trestle","San Francisco",37.7961962,-122.4045409,"531 Jackson St, San Francisco, CA 94133, USA","ChIJXX7b1vSAhYARvD0AU-P83P8","Chinatown"
"Kusakabe","San Francisco",37.7957326,-122.4029438,"584 Washington St, San Francisco, CA 94111, USA","ChIJL9EdyIqAhYARMTuAjQDC7Bs","North Beach"
"Verjus","San Francisco",37.7957257,-122.4027231,"550 Washington St, San Francisco, CA 94111, USA","ChIJZR_LgCyBhYARXmmZ-rtBmLE","North Beach"
"Hilda and Jesse","San Francisco",37.8000413,-122.4110437,"701 Union St, San Francisco, CA 94133, USA","ChIJOTx-qBuBhYARiQ7wRTHOyj4","Russian Hill"
"Prelude","San Francisco",37.7947949,-122.4003989,"333 Battery St, San Francisco, CA 94111, USA","ChIJAQCwLWCAhYARA4NhRN-ExYs","Financial District"
"San Ho Won","San Francisco",37.759599,-122.4102473,"2170 Bryant St, San Francisco, CA 94110, USA","ChIJBQpgwVh_j4ARocWBZnqOXEg","Mission District"
"Saison","San Francisco",37.7795228,-122.3922691,"178 Townsend St, San Francisco, CA 94107","ChIJPUo32Aj3MhURXL06eVIEoHc","South Beach"
"Le Comptoir at Bar Crenn","San Francisco",37.7983812,-122.4361462,"3131 Fillmore St, San Francisco, CA 94123, USA","ChIJL66ohdCAhYARO3o0IhzIc8U","Union Street"
"Harborview","San Francisco",37.7947137,-122.3961848,"4 Embarcadero Center, Street Level Drumm Street &, Sacramento St, San Francisco, CA 94111, USA","ChIJZ1SMEQeBhYAR8Y0suKMr48o","Financial District"
"Prospect","San Francisco",37.7897936,-122.3909568,"300 Spear St, San Francisco, CA 94105, USA","ChIJsc_3vHqAhYARG50dM6228cE","Rincon Hill"
"Gary Danko","San Francisco",37.8058651,-122.4206043,"800 North Point St, San Francisco, CA 94109, USA","ChIJq342JeGAhYARwdtH9tlX7gg","Fort Mason"
"Palette Tea House","San Francisco",37.8056265,-122.4228346,"900 North Point St, San Francisco, CA 94109","ChIJ53HCdjCBhYARI-_VU7jZI-U","Fort Mason"
"Prik Hom","San Francisco",37.7818373,-122.4537697,"3226 Geary Blvd, San Francisco, CA 94118, USA","ChIJv2gmJyCHhYARHtwavIzzxKk","Laurel Heights"
"Hog Island Oyster Co.","San Francisco",37.7959647,-122.3934171,"Ferry Building, #11, San Francisco, CA 94111, USA","ChIJWTGPjmaAhYARgXpiJ-aACYM","Embarcadero"
"A16","San Francisco",37.7999114,-122.4421115,"2355 Chestnut St, San Francisco, CA 94123, USA","ChIJE4ZWOdSAhYARsE9BoggtBSU","Marina District"
"Donaji","San Francisco",37.7523338,-122.4154986,"3161 24th St, San Francisco, CA 94110, USA","ChIJq26n4oSBhYAR8f0AysJURgY","Mission District"
"Saru Sushi Bar","San Francisco",37.7516989,-122.4288277,"3856 24th St, San Francisco, CA 94114, USA","ChIJsSI8kRR-j4ARGA_QES97YLo","Noe Valley"
"Hamano Sushi","San Francisco",37.7507861,-122.4342472,"1332 Castro St, San Francisco, CA 94114, USA","ChIJz2hcihJ-j4AR85SN39kUG1Q","Noe Valley"
"Wolfsbane","San Francisco",37.7580646,-122.3881523,"2495 3rd St, San Francisco, CA 94107, USA","ChIJk-mYOAB_j4ARdDPkxEHNfTA","Dogpatch"
"La Cigale","San Francisco",37.73434,-122.43344,"679 Chenery St, San Francisco, CA 94131, USA","ChIJg_JACQB_j4ARtbVgbqdFMs8","Glen Park"
"Sushi Ran","Sausalito",37.8586378,-122.485828,"107 Caledonia St, Sausalito, CA 94965, USA","ChIJC_5gglGEhYARrdLFpYh7ruo",""
"Kan Kiin","Daly City",37.6971435,-122.4843524,"201 Southgate Ave, Daly City, CA 94015","ChIJDQYsWeJ9j4ARQERHM0Ylj5k","Westlake"
"Sun Moon Studio","Oakland",37.8146577,-122.2859236,"1940 Union St STE 21, Oakland, CA 94607, USA","ChIJ05gry4t_hYAR4tpX79itpGo","West Oakland"
"Soba Ichi","Oakland",37.8170756,-122.2851254,"2311A Magnolia St, Oakland, CA 94607, USA","ChIJwd37EJ1_hYARtZsEaaPvI8I","McClymonds"
"Delage","Oakland",37.8017048,-122.275086,"536 9th St, Oakland, CA 94607, USA","ChIJ7yAjSreAj4ARO3EqGPi6rZU","Downtown Oakland"
"Horn Barbecue","Oakland",37.800482,-122.2741678,"464 8th St, Oakland, CA 94607, USA","ChIJlXlYShB_hYARA5HqWi5h5fs","Downtown Oakland"
"Chuan Yu","Oakland",37.800644,-122.2714541,"388 9th St #268, Oakland, CA 94607, USA","ChIJ8TwBDwCBj4ARQ91KI466J3Q","Downtown Oakland"
"Parche","Oakland",37.8119697,-122.2666132,"2295 Broadway, Oakland, CA 94612, USA","ChIJG1pb93OBj4ARzhiDnWVUWEg","Northgate - Waverly"
"Vik's Chaat","Berkeley",37.8613889,-122.2980556,"2390 Fourth St, Berkeley, CA 94710, USA","ChIJfbzMc-h-hYARG3cEXmb1XRU","West Berkeley"
"Iyasare","Berkeley",37.8694241,-122.3007523,"1830 Fourth St, Berkeley, CA 94710, USA","ChIJCfIwvtx-hYAR3IXexvpoX7Q","West Berkeley"
"Tacubaya","Berkeley",37.8701607,-122.3012829,"1782 Fourth St, Berkeley, CA 94710, USA","ChIJG3uJodx-hYARU4A6YvczNpI","West Berkeley"
"MAMA Oakland","Oakland",37.8090835,-122.2545103,"388 Grand Ave, Oakland, CA 94610, USA","ChIJP3byt5iHj4ARj2K4nYYLMco","Adams Point"
"La Marcha","Berkeley",37.8686423,-122.2922024,"2026 San Pablo Ave, Berkeley, CA 94702, USA","ChIJZSVa58F-hYAR9fvuy-pr6Rg","West Berkeley"
"Bird & Buffalo","Oakland",37.8340265,-122.2633961,"4659 Telegraph Ave, Oakland, CA 94609, USA","ChIJtctXJuJ9hYAREWUOFSTDLEg","Temescal"
"Tacos Oscar","Oakland",37.8287207,-122.2604481,"420 40th St, Oakland, CA 94609, USA","ChIJWcB7kPx9hYARbxLgBuMvLYw","Temescal"
"Burdell","Oakland",37.8341322,-122.2628742,"4640 Telegraph Ave, Oakland, CA 94609, USA","ChIJhbOI3IV9hYARgm81YGBk9CQ","Temescal"
"Snail Bar","Oakland",37.8367496,-122.2641813,"4935 Shattuck Ave., Oakland, CA 94609, USA","ChIJ_4GPE_x_hYARouAt1lJ7i-c","Temescal"
"FOB Kitchen","Oakland",37.8377728,-122.262972,"5179 Telegraph Ave, Oakland, CA 94609, USA","ChIJuTaKcTx-j4AR_yGldaMRzok","Shafter"
"Teni East Kitchen","Oakland",37.8279179,-122.2567383,"4015 Broadway, Oakland, CA 94611, USA","ChIJ-dahSvp9hYAR_WXjEVlEKmE","Temescal"
"Commis","Oakland",37.8247083,-122.2548833,"3859 Piedmont Ave, Oakland, CA 94611, USA","ChIJFzl5Mfh9hYARQmOK6_pAIYw","Piedmont Avenue"
"Spinning Bones","Alameda",37.7612056,-122.2456182,"1205 Park St, Alameda, CA 94501, USA","ChIJQQ6hA2d_hYARApFdrGN4wuw",""
"Pomet","Oakland",37.8260683,-122.2532584,"4029 Piedmont Ave, Oakland, CA 94611, USA","ChIJAzAYWLJ9hYARr2fF6gon7Eo","Piedmont Avenue"
"Utzutzu","Alameda",37.7648386,-122.2420242,"1428 Park St, Alameda, CA 94501, USA","ChIJM48iqbmHj4ARkcSmQUSS07A",""
"Bardo","Oakland",37.811203,-122.2435493,"3343 Lakeshore Ave, Oakland, CA 94610, USA","ChIJmW1h9DGHj4AR7sMd7nNZKLU","Lakeshore"
"Barcote","Oakland",37.8508484,-122.2601669,"6430 Telegraph Ave, Oakland, CA 94609, USA","ChIJibp7Ntd9hYARILZrWj1YO1A",""
"Juanita & Maude","Albany",37.8909615,-122.298985,"825 San Pablo Ave, Albany, CA 94706, USA","ChIJD8hi5jF5hYARXG0soAdWxng",""
"Belotti Ristorante e Bottega","Oakland",37.8402499,-122.251498,"5403 College Ave, Oakland, CA 94618, USA","ChIJtTVZ_-h9hYARC2dBu4ziR3o","Shafter"
"Fish & Bird Sousaku Izakaya","Berkeley",37.8648104,-122.2671991,"2451 Shattuck Ave., Berkeley, CA 94704, USA","ChIJSVtssxl_hYAR2l6XqAe_ylA","Downtown Berkeley"
"Great China","Berkeley",37.8676762,-122.2661728,"2190 Bancroft Way, Berkeley, CA 94704, USA","ChIJG4GjC51-hYARDnhkaVgJsI4","Downtown Berkeley"
"Wood Tavern","Oakland",37.8506259,-122.2526224,"6317 College Ave, Oakland, CA 94618, USA","ChIJd-5k--h9hYARvAzf0IPfwW0",""
"China Village","Albany",37.8908755,-122.2912246,"1335 Solano Ave, Albany, CA 94706, USA","ChIJu5U8TDR5hYARw5dApylyPjI",""
"Ippuku","Berkeley",37.870291,-122.267111,"2130 Center St, Berkeley, CA 94704, USA","ChIJucLtwJ1-hYAR7qhrXpzINOo","Downtown Berkeley"
"Comal","Berkeley",37.8715807,-122.2686336,"2020 Shattuck Ave., Berkeley, CA 94704, USA","ChIJw3k8iZ5-hYARJSkLTdSXbls","Downtown Berkeley"
"New Dumpling","El Cerrito",37.9018069,-122.302757,"10064 San Pablo Ave, El Cerrito, CA 94530, USA","ChIJV3344RJ5hYARNfHTH6UmXS8",""
"Playa","Mill Valley",37.906482,-122.5470965,"41 Throckmorton Ave, Mill Valley, CA 94941, USA","ChIJNSyEX3KQhYARCssJGMbyexo",""
"Gintei","San Bruno",37.6185297,-122.4098138,"235 El Camino Real, San Bruno, CA 94066, USA","ChIJD0GIYXx3j4ARrVMnZ0Z7Bqo",""
"Bombera","Oakland",37.7994376,-122.2151659,"3459 Champion St, Oakland, CA 94602, USA","ChIJg2VOVxOHj4AR8tUZ3QcYn3A","Dimond District"
"Pig in a Pickle","Corte Madera",37.9275941,-122.5168635,"341 Corte Madera Town Center, Corte Madera, CA 94925, USA","ChIJaTaYgoyahYARgEOXzO2Xc0k",""
"Burmatown","Corte Madera",37.9263317,-122.5288878,"18 Tamalpais Dr, Corte Madera, CA 94925, USA","ChIJtRjqR4eahYAR6P-fNevxGfc",""
"Jo's Modern Thai","Oakland",37.7917318,-122.1990595,"3725 MacArthur Blvd, Oakland, CA 94619, USA","ChIJSbTUlIaHj4ARwSeaNM3YYVU","Laurel"
"Picco","Larkspur",37.9340215,-122.5355588,"320 Magnolia Ave, Larkspur, CA 94939, USA","ChIJ1W7z9XiahYAR_KaezyN86fs",""
"wonderful","Millbrae",37.6006906,-122.391378,"270 Broadway, Millbrae, CA 94030, USA","ChIJ24-lQKV3j4ARzs9SiAZKuFs",""
"New England Lobster Eatery","Burlingame",37.6026874,-122.3747318,"824 Cowan Rd, Burlingame, CA 94010, USA","ChIJsXRBVUt4j4ARVcqO4yjah7I","Ingold - Milldale"
"Guesthouse","Kentfield",37.9546526,-122.5481771,"850 College Ave, Kentfield, CA 94904, USA","ChIJ-x1wEYSRhYARCE0hKuL2Caw",""
"Insalata's","San Anselmo",37.9731676,-122.561545,"120 Sir Francis Drake Blvd, San Anselmo, CA 94960, USA","ChIJVc9lCj-XhYARIt2GNYcPZOg",""
"Top Hatters Kitchen","San Leandro",37.7372739,-122.1418943,"855 MacArthur Blvd, San Leandro, CA 94577, USA","ChIJN-H49qCPj4ARQZx5e0G8loo","Broadmoor"
"Madcap","San Anselmo",37.9747304,-122.5615168,"198 Sir Francis Drake Blvd, San Anselmo, CA 94960, USA","ChIJbX6zwz-XhYARl4iaPz63f7E",""
"Kajiken","San Mateo",37.5666911,-122.3239936,"112 S B St, San Mateo, CA 94401, USA","ChIJoRzWonufj4ARgwyltSJXaP4","Downtown"
"Sushi Yoshizumi","San Mateo",37.5651899,-122.3212369,"325 E 4th Ave, San Mateo, CA 94401, USA","ChIJIyz_kHqej4AR7iP5Z0yDksM","Downtown"
"Pausa","San Mateo",37.5647072,-122.321999,"223 E 4th Ave, San Mateo, CA 94401, USA","ChIJjcw0nnqej4ARvrndVxyQY60","Downtown"
"All Spice","San Mateo",37.5528778,-122.3156444,"1602 S El Camino Real, San Mateo, CA 94402, USA","ChIJc3R6j16ej4ARSX5Uq0eROqI","Central San Mateo"
"Village Sake","Fairfax",37.9866368,-122.5889313,"19 Bolinas Rd, Fairfax, CA 94930, USA","ChIJ9XDyEFaWhYARaYdvEaneeLM",""
"Rêve Bistro","Lafayette",37.8905556,-122.1180556,"960 Moraga Rd F, Lafayette, CA 94549, USA","ChIJ7YhaKltihYARdsaW5P6rH-c","Moraga Blvd"
"Wakuriya","San Mateo",37.5213139,-122.3367444,"115 De Anza Blvd, San Mateo, CA 94402, USA","ChIJw5XHiMifj4ARPKqzyYwc8kw","Western Hills"
"Sightglass Coffee","San Francisco",37.7770356,-122.4084543,"270 7th St, San Francisco, CA 94103, USA","ChIJf-V9OIKAhYARu8bBG2S6RME","SoMa"
"Coffee Manufactory","San Francisco",37.7618278,-122.4118972,"595 Alabama St, San Francisco, CA 94110, USA","ChIJu9EujzB-j4ARoyuqElfT14g","Mission District"
"Round House Cafe By Equator Coffees","San Francisco",37.8077954,-122.4756865,"Golden Gate Bridge Plaza, San Francisco, CA 94129, USA","ChIJiWZ1V9SHhYARNsQiUPbbh-o","Presidio of San Francisco"
"Equator Coffees","San Francisco",37.8053187,-122.4318777,"2 Marina Blvd, San Francisco, CA 94123, USA","ChIJA_rvjdiAhYARb0vVE-Pyauk","Fort Mason"
"Coffee Bar","San Francisco",37.8065338,-122.4207185,"2765 Hyde St, San Francisco, CA 94109, USA","ChIJ-ZbR8Dd-j4ARw7-UmpB7Ks8","Fort Mason"
"Muttville’s cage-free","Mission-Potrero",37.7597119,-122.4111489,"750 Florida St, San Francisco, CA 94110","ChIJPwOgiy9-j4ARsjKB73GDGLM",""
"House Of Prime Rib","Nob Hill",37.7934329,-122.422732,"1906 Van Ness Ave, San Francisco, CA 94109, USA","ChIJg67caeqAhYAR2UQjKb1a8j4","Polk Gulch"
"Arsicault Bakery","Inner Richmond",37.7834259,-122.4593062,"397 Arguello Blvd, San Francisco, CA 94118, USA","ChIJJ09d9DmHhYARkrToDt9JCy8","Inner Richmond"
"Prubechu","Mission",37.7613362,-122.4196269,"2224 Mission St #A, San Francisco, CA 94110, USA","ChIJxesKArN_j4AR4rL6f1X6iec","Mission District"
"Nopa","NoPa",37.7749009,-122.4375083,"560 Divisadero St, San Francisco, CA 94117, USA","ChIJ_dQjyK-AhYARBc9DFlxcclg","Alamo Square"
"Foreign Cinema","Mission",37.7564917,-122.4191194,"2534 Mission St, San Francisco, CA 94110, USA","ChIJPwvLyD5-j4AR2fM8C0bbVC8","Mission District"
"Breadbelly","Outer Richmond",37.7827006,-122.474388,"1408 Clement St, San Francisco, CA 94118, USA","ChIJ06Hh75aHhYARre2ZXOUDzXY","Central Richmond"
"Lily","Inner Richmond",37.7829715,-122.461732,"225 Clement St, San Francisco, CA 94118, USA","ChIJzTvRcRuHhYARMPxqfMH8_Qw","Inner Richmond"
"Cotogna","Jackson Square",37.7974453,-122.4035759,"490 Pacific Ave, San Francisco, CA 94133, USA","ChIJA0YvGPWAhYAReXmaDTTdWzU","North Beach"
"Del Popolo","TenderNob",37.7896829,-122.41137,"855 Bush St, San Francisco, CA 94108, USA","ChIJAyOgwo2AhYARCCxZE4yahWU","Lower Nob Hill"
"Damnfine","Outer Sunset",37.7609342,-122.4987308,"3410 Judah St, San Francisco, CA 94122, USA","ChIJHxooqPeHhYARPEcGJ0tTqnU","Outer Sunset"
"Noodle in a Haystack","Inner Richmond",37.780661,-122.4687255,"4601 Geary Blvd, San Francisco, CA 94118, USA","ChIJo6iy1GCHhYARYymaXv1hw44","Inner Richmond"
"Daeho Kalbijjim & Beef Soup","Japantown",37.7858827,-122.4285535,"1620 Post St, San Francisco, CA 94115, USA","ChIJVf29bvOBhYARVIE6JZtMYsk","Japantown"
"Chong Qing Xiao Mian","Chinatown",37.7964178,-122.4053695,"915 Kearny St, San Francisco, CA 94133, USA","ChIJ51REwfSAhYARvoU7sm7LGps","Chinatown"
"Maison Nico","Jackson Square",37.7957889,-122.4032333,"710 Montgomery St, San Francisco, CA 94111, USA","ChIJJ5BEyYqAhYAR2Xim_Tv4XhE","North Beach"
"Excelsior Coffee","Excelsior",37.7263543,-122.4333723,"4495 Mission St, San Francisco, CA 94112, USA","ChIJdefTJb9_j4ARM99sfJXvgtg","Excelsior"
"Good Mong Kok","Nob Hill",37.795455,-122.408356,"1039 Stockton St, San Francisco, CA 94108, USA","ChIJverWRvOAhYARVfNtAtDviIc","Chinatown"
"Zuni Café","Hayes Valley",37.7736,-122.421608,"1658 Market St, San Francisco, CA 94102, USA","ChIJO7u9q5-AhYARiSSXyWv9eJ8","Civic Center"
"The Morris","Mission",37.7629795,-122.4084796,"2501 Mariposa St, San Francisco, CA 94110, USA","ChIJqZE4DTF-j4ARUYdqdEEgh8k","Mission District"
"True Laurel","Mission",37.7595236,-122.4114663,"753 Alabama St, San Francisco, CA 94110, USA","ChIJz2enRzd-j4ARkM49V6yDT2U","Mission District"
"STK Steakhouse","Embarcadero",37.7932999,-122.3936867,"1 Market St Suite M3, San Francisco, CA 94105, USA","ChIJzcayqEyBhYARyvjdWRk5_0E","Embarcadero"
"Black Jet Baking Co","Bernal Heights",37.7391011,-122.4141424,"833 Cortland Ave, San Francisco, CA 94110, USA","ChIJyyWkI65_j4ARa7e3T3y4L_I","Bernal Heights"
"Um.Ma","Inner Sunset",37.7655061,-122.466241,"1220 9th Ave, San Francisco, CA 94122, USA","ChIJ85tbw0aHhYARIXIu4a1XW-A","Inner Sunset"
"jū-ni","NoPa",37.7765382,-122.4388301,"1335 Fulton St STE 101, San Francisco, CA 94117, USA","ChIJC97OyLGAhYAR4Y3wyxVMk8c","North of the Panhandle"
"Nightbird","Hayes Valley",37.7765173,-122.4227968,"330 Gough St, San Francisco, CA 94102, USA","ChIJyzdPuJiAhYARaLoaRwaGRGE","Civic Center"
"the San Francisco Botanical Garden","Golden Gate Park",37.7677096,-122.4693109,"1199 9th Ave, San Francisco, CA 94122, USA","ChIJW5w2V2iHhYARQoOl_ZsQlOg","Golden Gate Park"
"Grandfathers","Sydney CBD",-33.8670535,151.2081878,"Angel Pl, Sydney NSW 2000","ChIJX3qKHQCvEmsR_oA2jhDMEG0",""
"King Clarence","Sydney CBD",-33.8684747,151.2051274,"171 Clarence St, Sydney NSW 2000","ChIJ0Wmc_aqvEmsRhINGhp7ONSs",""
"Neptune’s Grotto","Sydney CBD",-33.8632044,151.2109731,"Loftus Lane & Young Street, 44 Bridge St, Sydney NSW 2000","ChIJbex_RACvEmsRICXpLi04P2Q",""
"Clam Bar","Sydney CBD",-33.8632044,151.2109731,"44 Bridge St, Sydney NSW 2000","ChIJ9YUtCBmvEmsRvKzKYsOwxkI",""
"The Grill at The International","East Sydney",-33.8678843,151.2096374,"25 Martin Pl, Sydney NSW 2000","ChIJPRqc9mGvEmsRsZiqg2jsFzw",""
"The Gidley","Sydney CBD",-33.8692214,151.2101555,"Basement/161 King St, Sydney NSW 2000","ChIJNeCwWzavEmsROq7GBXq1CHA",""
"Infinity by Mark Best","Sydney CBD",-33.8704147,151.2089691,"Westfield Sydney, Level 4/108 Market St, Sydney NSW 2000","ChIJK4Tktz-uEmsR4wAu4Lf6dCg",""
"Brewery","St Peters",-33.9094685,151.1749563,"Unit 3E-3F/1-7 Unwins Bridge Rd, St Peters NSW 2044","ChIJXU2M-caxEmsRxa9qh25dHQ4",""
"Canton Noodle House","Riverwood",-33.9525465,151.0521516,"Unit 1/204 Belmore Rd, Riverwood NSW 2210","ChIJ_SXo5zW5EmsRw1REqGK1SXU",""
"Besa","Bondi Beach",-33.8897313,151.2718668,"75-79 Hall St, Bondi Beach NSW 2026","ChIJ4Xe_JgCtEmsRgicnXeyHxw8",""
"Grappa","The Rocks",-33.8597153,151.2085849,"107-109 George St, The Rocks NSW 2000","ChIJF5zhEcavEmsRE8NHRnOzopo",""
"Sugo","Bexley North",-33.9386614,151.1150859,"shop 3 8/20 Sarsfield Cct, Bexley North NSW 2207","ChIJlTQ35p67EmsRWSs_WbBZ5ag",""
"Garaku","Sydney CBD",-33.8720856,151.2041883,"Level 1/230 Sussex St, Sydney NSW 2000","ChIJ3bkfVomvEmsRf1o5uusld8Y",""
"Gimlet at Cavendish House","Melbourne CBD",-37.8158812,144.9693376,"33 Russell St, Melbourne VIC 3000","ChIJJRqhf2RD1moRJE_NJVnW784",""
"Supernormal","Melbourne CBD",-37.8159071,144.9683863,"180 Flinders Ln, Melbourne VIC 3000","ChIJNVF8Q7ZC1moRarO5qwt4NOA",""
"Serai","Melbourne CBD",-37.8138937,144.9616895,"Racing Club Ln, Melbourne VIC 3000","ChIJ5dqB9LND1moR5rcHdIXMdgc",""
"Ishizuka","Melbourne CBD",-37.812735,144.969126,"basement level b01/139 Bourke St, Melbourne VIC 3000","ChIJ17QsrMlC1moRFEfRwhIPejk",""
"Warabi","Melbourne CBD",-37.8182825,144.9600762,"408 Flinders Ln, Melbourne VIC 3000","ChIJCd8m5bJd1moR8Dzy5pgAIII",""
"Florentino","Melbourne CBD",-37.8117411,144.9708059,"80 Bourke St, Melbourne VIC 3000","ChIJZTDR6shC1moRq3z8gjwyzcg",""
"Il Bacaro","Melbourne CBD",-37.8138632,144.967994,"168-170 Little Collins St, Melbourne VIC 3000","ChIJf2svx8lC1moRuzJmOMcPHHQ",""
"Sachi","Melbourne CBD",-37.8143727,144.9602655,"179 Queen St, Melbourne VIC 3000","ChIJ__9jqklC1moR5g63qV8IwEo",""
"Mama Blu’s","Elwood",-37.8820327,144.9821053,"61 Glen Huntly Rd, Elwood VIC 3184","ChIJVVVC34xo1moRBLubeyifMjQ",""
"Meso Bites","Melbourne",-37.8174843,144.965928,"14 Degraves St, Melbourne VIC 3000","ChIJSfwT1lJD1moRn6dCk3sryB4",""
"Baz Kreole","Richmond",-37.8187796,144.9999284,"270 Bridge Rd, Richmond VIC 3121","ChIJq4hnAfND1moRL_8fKxV5hFM",""
"Bar Kaeru","Melbourne",-37.8093935,144.961892,"Level G/62-64 Little La Trobe St, Melbourne VIC 3000","ChIJXxGd4yZD1moRQcZV3n9jH0E",""
"Third Wheel Coffee","San Francisco",37.7732306,-122.4355937,"991 Oak St, San Francisco, CA 94117, USA","ChIJXVOcv9SBhYAR84QtGtCafxk","Lower Haight"
"Bessie's","Surry Hills",-33.8834095,151.2125193,"111-115 Albion St, Surry Hills NSW 2010","ChIJf-dG2yyvEmsRb-MN009iwys",""
"Icebergs Dining Room and Bar","Bondi Beach",-33.895022,151.274328,"1 Notts Ave, Bondi Beach NSW 2026","ChIJn5qtqpytEmsR8Qf0DpkRtcg",""
"Spice Temple","Sydney CBD",-33.8660068,151.2101938,"10 Bligh St, Sydney NSW 2000","ChIJc6EceWquEmsRmBVAjzjXM-g",""
"Cibaria Manly","Manly",-33.7955483,151.2872723,"55 N Steyne, Manly NSW 2095","ChIJMRSVc1arEmsRCSulOpHA7hQ",""
"Rockpool Bar and Grill","Sydney CBD",-33.866098,151.2102038,"66 Hunter St, Sydney NSW 2000","ChIJV8rt1UGuEmsRf1fObMkd93M",""
"Catalina","Rose Bay",-33.8704584,151.2628539,"Lyne Park, New South Head Rd, Rose Bay NSW 2029","ChIJNQy2NLetEmsRFDh-uUIyFS4",""
"Darband","Auburn",-33.847389,151.0346063,"Shop 3/28B Northumberland Rd, Auburn NSW 2144","ChIJrVaOAbK8EmsRDKgtAQXuOz0",""
"Chuck and Son’s Brewing Co.","St Peters",-33.9094685,151.1749563,"Unit 3E-3F/1-7 Unwins Bridge Rd, St Peters NSW 2044","ChIJXU2M-caxEmsRxa9qh25dHQ4",""
"Afandi Cafe","Punchbowl",-33.9249354,151.0547094,"19 Breust Pl, Punchbowl NSW 2196","ChIJGRZ76fu9EmsRODHK-x-eg6o",""
"Vue de Monde","Melbourne",-37.8187,144.9576,"55 Rialto Towers, 525 Collins St, Melbourne VIC 3000","ChIJ4_Vc6dZC1moRlwIXnmb2SgA",""
"Maison Bâtard","Melbourne",-37.81179,144.972378,"23 Bourke St, Melbourne VIC 3000","ChIJo5cIVQBD1moRT-ez10QU27Q",""
"Marmelo","Melbourne CBD",-37.8132791,144.9685141,"Ground Floor/130 Russell St, Melbourne VIC 3000","ChIJZUVNz7BD1moRf5t6UnRg-Ms",""
"Chabela","Thornbury",-37.7529999,145.0018444,"832A High St, Thornbury VIC 3071","ChIJb2Zs0xhF1moRjEVkFkN2cZY",""
"Harriot","Melbourne",-37.8186663,144.9564371,"555 Collins St, Melbourne VIC 3000","ChIJE2g0YABd1moRo7Nfk-VD9TM",""
"Embla","Melbourne",-37.813394,144.9686092,"122 Russell St, Melbourne VIC 3000","ChIJZ9bEx8lC1moR7ahmGWF-7Pk",""
"Enter via Laundry","Carlton North",-37.7875822,144.976443,"507 Nicholson St, Carlton North VIC 3054","ChIJSzBSfeJD1moR0st6EB74tmk",""
"Saadi","Melbourne",-37.8104499,144.9710999,"18 Punch Ln, Melbourne VIC 3000","ChIJo1iBlqlD1moRzSjurdmFZZs",""
"Frankie’s Tortas and Tacos","Fitzroy",-37.7982334,144.9758612,"30 Johnston St, Fitzroy VIC 3065","ChIJ2SzwmHdD1moR38s2rDAzkBk",""
"Lee Ho Fook","Kensington",-37.8155972,144.9713087,"11-15 Duckboard Pl, Melbourne VIC 3000","ChIJA8SzVedC1moRLzSL5TQsovg",""
"Flower Drum","Melbourne",-37.8118772,144.9692458,"17 Market Ln, Melbourne VIC 3000","ChIJr1N1BMlC1moR6aJLe1nHgPQ",""
"Tipo 00","Melbourne",-37.8135522,144.9619835,"361 Little Bourke St, Melbourne VIC 3000","ChIJbza9ObVC1moRwyyqYG9efx4",""
"Cumulus Inc","Melbourne",-37.8149132,144.9731229,"45 Flinders Ln, Melbourne VIC 3000","ChIJW-wQG9tD1moRrdb47hcLeGM",""
"Lucia","South Melbourne",-37.8322675,144.9653029,"11 Eastern Rd, South Melbourne VIC 3205","ChIJcTVjFABp1moRQU19b_gtUx8",""
"Farmer's Daughters","Melbourne",-37.8135541,144.9710252,"95 Exhibition Street, 80 Collins Precinct, Melbourne VIC 3000","ChIJbVfLiJdD1moRk7I8Ws1zp7w",""
"Reine and La Rue","Melbourne",-37.8166579,144.9619566,"380 Collins St, Melbourne VIC 3000","ChIJG8tycKZD1moRI-cgqIq9ld8",""
"MoVida","Melbourne",-37.8167167,144.9691417,"1 Hosier Ln, Melbourne VIC 3000","ChIJjUllVLZC1moRFJto433jNAY",""
"Atria","Melbourne",-37.8146551,144.9526747,"650 Lonsdale St, Melbourne VIC 3000","ChIJe6E7mY1d1moRzO5sp3iYy3A",""
"Freyja","Melbourne",-37.8180765,144.9583657,"477 Collins St, Melbourne VIC 3000","ChIJVXF2EkBd1moRT-ey3QzSwEg",""
"The Atlantic","Southbank",-37.822549,144.958882,"8 Whiteman St, Southbank VIC 3006","ChIJs-Q2IlNd1moRCKATMhnSiEc",""
"Malin","Carlton North",-37.7888773,144.9716937,"687 Rathdowne St, Carlton North VIC 3054","ChIJPQiaVlFD1moRjIIiJS6zbms",""
"Winery","Moorabbin",-37.9388263,145.0702812,"47 Alex Ave, Moorabbin VIC 3189","ChIJUwZw5Rhr1moRf29lhwAPuOg",""
"Nonna’s House","Fitzroy North",-37.7807546,144.9782818,"796 Nicholson St, Fitzroy North VIC 3068","ChIJbdVGbdhD1moRnlY6BxCGc2Y",""
"Ecuadorian Corner","Melbourne",-37.8182947,144.9561087,"546 Collins St, Melbourne VIC 3000","ChIJ90FiUwBd1moR7Dicn8eE7js",""
"Good for a first date","Brunswick",-37.7706341,144.9613368,"295 Sydney Rd, Brunswick VIC 3056","ChIJ48iZ3FZD1moR4NokAmqQ41s",""
"Ronin","Melbourne",-37.8164214,144.9598979,"445 Little Collins St, Melbourne VIC 3008","ChIJe3pJGAtp1moRXV7Fw31P7c0",""
"Matsu","Footscray",-37.7994431,144.8949971,"275 Barkly St, Footscray VIC 3011","ChIJfyMnzqxd1moR6bxgp-iSxpg",""
"The Recreation","Fitzroy North",-37.7906086,144.9852456,"162-170 Queens Parade, Fitzroy North VIC 3068","ChIJ79VXuxdD1moRk2c3B2GgRx8",""
"AOI TSUKI","South Yarra",-37.8397674,144.9864625,"384 Punt Rd, South Yarra VIC 3141","ChIJy7EaJXpp1moRXOJvk2qDgEc",""
"Steer Dining Room Restaurant","South Yarra",-37.8375986,144.9936642,"Ground/15 Claremont St, South Yarra VIC 3141","ChIJESEEXoNC1moR8HpsSvFwd_k",""
"Cecconi's","Melbourne",-37.8150555,144.9725293,"61 Flinders Ln, Melbourne VIC 3000","ChIJ0xwW4cdC1moRe81ERqyUZpk",""
"Kisumé","Melbourne",-37.8162147,144.9687994,"175 Flinders Ln, Melbourne VIC 3000","ChIJ-3pBRbZC1moRYYE99vZuNy8",""
"Akaiito Restaurant","Melbourne",-37.8178461,144.9628663,"349-351 Flinders Ln, Melbourne VIC 3000","ChIJsTAshPlD1moRiTozpCxXZao",""
"Longsong","Melbourne",-37.8106475,144.9712096,"Upstairs, 44 Little Bourke St, Melbourne VIC 3000","ChIJe-SxTM9C1moRGczYs6906F4",""
"Chancery Lane","Melbourne",-37.8159471,144.9601498,"430 Little Collins St, Melbourne VIC 3000","ChIJS4PsEb9d1moRaHhgBa5jPjQ",""
"Smith St Bistrot","Collingwood",-37.8002354,144.9842903,"300 Smith St, Collingwood VIC 3066","ChIJW6J9EydD1moRAtU78MVef2Q",""
"Shu","Collingwood",-37.7996635,144.9898986,"147 Johnston St, Collingwood VIC 3066","ChIJN6bNPhxD1moRZ4VQzuqdsEE",""
"Unabara Lobster & Oyster Bar","Melbourne",-37.81238,144.963338,"Level 3/287 Lonsdale St, Melbourne VIC 3000","ChIJf5kCaSFD1moRuPY2A4o76y0",""
"Kafeneion","Melbourne CBD",-37.8108709,144.9725904,"First Floor/161 Spring St, Melbourne VIC 3000","ChIJ8-q2fQZD1moRUcRCfSPs4Gw",""
"Cumulus Inc","Melbourne CBD",-37.8149132,144.9731229,"45 Flinders Ln, Melbourne VIC 3000","ChIJW-wQG9tD1moRrdb47hcLeGM",""
"The Globe Hotel","Rylstone",-32.796809,149.9714636,"46/50 Louee St, Rylstone NSW 2849","ChIJxUdH3q7TDWsRaW3coYNHCpM",""
"Helena’s Hawaiian Food","Honolulu",21.3309209,-157.8650888,"1240 N School St, Honolulu, HI 96817","ChIJ-aNpcIduAHwRlVpxYVxnvxs","Liliha - Kapalama"
"Sushi Izakaya Gaku","Honolulu",21.298725,-157.8413607,"1329 S King St, Honolulu, HI 96814","ChIJF76BMultAHwRjzWEmhrHBn4","Ala Moana"
"The Pig And The Lady","Honolulu",21.2824789,-157.7979348,"3650 Waialae Ave, Honolulu, HI 96816","ChIJf_g4jXNuAHwRxwKtprB4Ojw","Kaimuki"
"Tonkatsu Tamafuji","Honolulu",21.2750448,-157.8154871,"449 Kapahulu Ave, Honolulu, HI 96815","ChIJb757K3lyAHwRvD4oI9HHNhI","Diamond Head / Kapahulu / St. Louis Heights"
"Giovedì","Honolulu",21.3112512,-157.8620683,"10 N Hotel St, Honolulu, HI 96817","ChIJL7zfWPlvAHwRurbpNoe_cUw","Arts District"
"Fete","Honolulu",21.3112196,-157.8620124,"2 N Hotel St, Honolulu, HI 96817","ChIJ6-4fbXRuAHwRG9PCm-ycjo8","Arts District"
"Mitch’s Fish Market","Honolulu",21.3339681,-157.9080429,"524 Ohohia St, Honolulu, HI 96819","ChIJO-YwWqpvAHwRKubvaF9GWFg",""
"Kevin’s Kitchen","Honolulu",21.3012632,-157.8410521,"1296 S Beretania St. #106, Honolulu, HI 96814","ChIJg-E9eQBtAHwRRRCcR0UOg4Y","Makiki/Lower/ Punchbowl/Tantalus"
"Inaba Restaurant","Honolulu",21.2971806,-157.8356639,"1610 S King St # A, Honolulu, HI 96826","ChIJIW0oiextAHwReN6rlrIoB4c","McCully - Moiliili"
"Maguro Brothers","Honolulu",21.3129781,-157.8626839,"Maunakea Market Foodcourt, 1120 Maunakea St, Honolulu, HI 96817","ChIJc1b8_HNuAHwRw209_wClwO4","Downtown"
"Mud Hen Water","Honolulu",21.2845819,-157.8021034,"3452 Waialae Ave, Honolulu, HI 96816","ChIJ6Zewy3ttAHwR8EZMHgOSpPM","Palolo"
"Olay’s Thai Lao Cuisine","Honolulu",21.3121513,-157.8626943,"66 N Hotel St, Honolulu, HI 96817","ChIJoRJOhHhvAHwRWWS9se8su74","Downtown"
"Pate Vietnamese","Honolulu",21.294427,-157.8414566,"655 Ke’eaumoku St #104, Honolulu, HI 96814","ChIJ6zUwusVtAHwRRhLQ4hCHVQ0","Ala Moana"
"Yakiniku Korea House","Honolulu",21.2934073,-157.8233553,"2494 S Beretania St., Honolulu, HI 96826","ChIJsSa895BtAHwRmyA7Bz_S3-I","McCully - Moiliili"
"Aburiya Ibushi","Honolulu",21.2807028,-157.8142687,"740 Kapahulu Ave, Honolulu, HI 96816","ChIJK6rBCPdtAHwRJwmal49af_w","Diamond Head / Kapahulu / St. Louis Heights"
"Nico’s Fish Market","Honolulu",21.3174708,-157.8775142,"1129 N Nimitz Hwy, Honolulu, HI 96817","ChIJV6TLr0VuAHwR4VCm9dS2f90","Kalihi - Palama"
"Yama’s Fish Market","Honolulu",21.2944934,-157.8255174,"2332 Young St, Honolulu, HI 96826","ChIJMZSMEpFtAHwR0L90RUNW-ug","McCully - Moiliili"
"Fort Ruger Market","Honolulu",21.2717929,-157.8050383,"3585 Alohea Ave, Honolulu, HI 96816","ChIJ1yZGOIFyAHwRHU-OnVpGl9I","Diamond Head / Kapahulu / St. Louis Heights"
"Aiea Bowl","‘Aiea",21.3790659,-157.9295175,"99-115 Aiea Heights Dr Suite 310, 3rd Level, Aiea, HI 96701","ChIJY8QuH0pvAHwRFRzzWSyglMM",""
"Bar Leather Apron","Honolulu",21.3081997,-157.8637099,"745 Fort St #127a, Honolulu, HI 96813","ChIJTd6rUXNuAHwRD0iI21iD3AM","Downtown"
"Skull & Crown Trading Co.","Oahu",21.3120371,-157.8625773,"62 N Hotel St, Honolulu, HI 96817","ChIJB1dipOtvAHwRh5gXEqe4KfA","Downtown"
"EP Bar","Oahu",21.3117415,-157.8613563,"1150 Nuuanu Ave Unit A, Honolulu, HI 96817","ChIJSdCMKWlvAHwRwlo64GiUiHg","Arts District"
"Pint And Jigger","Honolulu",21.2901175,-157.8394807,"410 Atkinson Dr, Honolulu, HI 96814","ChIJpYp-DpNtAHwR2XRnd3qzbVA","Ala Moana"
"8 Fat Fat 8","Oahu",21.300483,-157.84057,"1327 S Beretania St., Honolulu, HI 96814","ChIJ-9sxbeltAHwRtUMHFEYm_nM","Makiki/Lower/ Punchbowl/Tantalus"
"La Mariana Sailing Club","Oahu",21.3218483,-157.8931526,"50 Sand Island Access Rd, Honolulu, HI 96819","ChIJ06Xa8E9uAHwR287O0INHQ48","Kalihi - Palama"
"Wild Orange","Oahu",21.2915613,-157.8382561,"1680 Kapiolani Blvd, Honolulu, HI 96814","ChIJc_uEbUJtAHwR0PuL5JRwlLU","Ala Moana"
"Heyday","Oahu",21.2800736,-157.8255417,"431 Nohonani St, Honolulu, HI 96815","ChIJAQAQ3YltAHwRgtqlWCfx5kE","Waikiki"
"House Without A Key","Honolulu",21.2774973,-157.8319393,"2199 Kālia Rd #1936, Honolulu, HI 96815","ChIJJVGzGXVyAHwRNEf8WeLIEw8","Waikiki"
"Eleven","Oahu",21.2921993,-157.847077,"1450 Ala Moana Blvd, Honolulu, HI 96814","ChIJYRwykfptAHwRD2RynoGFtEw","Ala Moana"
"Hana Koa Brewing Co.","Oahu",21.2972545,-157.8529052,"962 Kawaiaha‘o St, Honolulu, HI 96814","ChIJFQBQCuNtAHwRmTOe3QhikfM","Kaka'ako"
"Pre Storage","Oahu",21.2942815,-157.8295469,"2065 S King St #107, Honolulu, HI 96826","ChIJmecDBKBtAHwRmzIZadgyPCk","McCully - Moiliili"
"Hau Tree","Honolulu",21.2633611,-157.821257,"Lobby floor of the Kaimana Beach Hotel, 2863 Kalākaua Ave, Honolulu, HI 96815","ChIJY0Z_YG9yAHwRBqwdAqTNOxw","Diamond Head / Kapahulu / St. Louis Heights"
"Podmore","Oahu",21.3074065,-157.8612516,"202 Merchant St, Honolulu, HI 96813","ChIJswVV_CRvAHwRWNOG5XrpVoU","Downtown"
"Off The Wall Craft Beer & Wine","Oahu",21.2932046,-157.8505033,"1170 Auahi St Suite 140, Honolulu, HI 96814","ChIJFWbqawVtAHwRRdNZjdpv_Yw","Kaka'ako"
"Helena's Hawaiian Food","Kalihi",21.3309209,-157.8650888,"1240 N School St, Honolulu, HI 96817","ChIJ-aNpcIduAHwRlVpxYVxnvxs","Liliha - Kapalama"
"Fete","Chinatown",21.3112196,-157.8620124,"2 N Hotel St, Honolulu, HI 96817","ChIJ6-4fbXRuAHwRG9PCm-ycjo8","Arts District"
"Senia","Chinatown",21.3113523,-157.8636231,"75 N King St, Honolulu, HI 96817","ChIJRZadjXNuAHwRQ0l2_ic2glc","Downtown"
"The Pig and The Lady","Chinatown",21.2824789,-157.7979348,"3650 Waialae Ave, Honolulu, HI 96816","ChIJf_g4jXNuAHwRxwKtprB4Ojw","Kaimuki"
"MW Restaurant","Ala Moana",21.2996301,-157.8526938,"888 Kapiolani Blvd, Commercial Unit, Suite 201, Honolulu, HI 96813","ChIJTbi2IO5tAHwRz84LsCc3ec4","Downtown"
"Koko Head Cafe","Kaimukī",21.2816303,-157.7996241,"1120 12th Ave #100, Honolulu, HI 96816","ChIJ52CJZ3ttAHwRCSak7stiAxE","Kaimuki"
"Mud Hen Water","Kaimukī",21.2845819,-157.8021034,"3452 Waialae Ave, Honolulu, HI 96816","ChIJ6Zewy3ttAHwR8EZMHgOSpPM","Palolo"
"La Mer","Waikīkī",21.2777577,-157.8323122,"2199 Kālia Rd, Honolulu, HI 96815","ChIJJVGzGXVyAHwRZtmDQsrEixE","Waikiki"
"Chef Mavro","Ala Moana",21.2966813,-157.8514363,"1009 Kapiolani Blvd, Honolulu, HI 96814","ChIJ5Ty-e-NtAHwRvOf_46OHSZs","Kaka'ako"
"Kapa Hale",NA,21.2750002,-157.7856821,"4614 Kilauea Ave Suite 102, Honolulu, HI 96816","ChIJlbhtqLNtAHwR5vB9aTl7SLE","Waialae - Kahala"
"Mama Kim's",NA,21.2975605,-157.8382661,"1481 S King St Ste 108, Honolulu, HI 96814","ChIJN0vNJm9tAHwRTutphou-EZk","Ala Moana"
"Bar Podmore",NA,21.3074065,-157.8612516,"202 Merchant St, Honolulu, HI 96813","ChIJswVV_CRvAHwRWNOG5XrpVoU","Downtown"
"Bar Māze",NA,21.2991408,-157.8617086,"604 Ala Moana Blvd, Honolulu, HI 96813","ChIJR3FYi_RvAHwR5J7x-rl7pQk","Downtown"
"Castro’s",NA,21.2815961,-157.830939,"2113 Kalākaua Ave, Honolulu, HI 96815","ChIJI0hGjWFtAHwROCO-Essxxas","Waikiki"
"Kalo Hawaiian Food by Chai",NA,21.2811106,-157.8278069,"400 Royal Hawaiian Ave, Honolulu, HI 96815","ChIJc6GW_pltAHwRcMILOjHx3fA","Waikiki"
"Pua Cake Studio",NA,21.4947549,-158.0297906,"71 S Kamehameha Hwy Suite C, Wahiawa, HI 96786","ChIJSd_43TxdAHwRdhK05CXUgkA",""
"Heiho House",NA,21.282368,-157.8003616,"1127 11th Ave, Honolulu, HI 96816","ChIJ__8LeHttAHwRlSnWKjHYMIE","Kaimuki"
"Cafe Kopi",NA,21.394845,-157.7457906,"45 Kihapai St, Kailua, HI 96734","ChIJLd_4qlcVAHwRJAxbPkN2U1c",""
"Han No Daidokoro",NA,21.2943589,-157.8519008,"1108 Auahi St #150, Honolulu, HI 96814","ChIJbRyqTsdtAHwRtfrBPQb-O-Q","Kaka'ako"
"‘ili‘ili Cash & Carry",NA,21.2959929,-157.8283237,"2065 S Beretania St., Honolulu, HI 96826","ChIJk4m5xTdtAHwRdDWYS4f4pCs","McCully - Moiliili"
"Double Fat",NA,21.2743811,-157.8234127,"2490 Kalākaua Ave, Honolulu, HI 96815","ChIJOT8fC9lzAHwRSnh8dSZYYe0","Waikiki"
"sistah truck",NA,21.2980388,-157.8216869,"Wist Hall, 1776 University Ave, Honolulu, HI 96822","ChIJz6GiAsxtAHwRQCPowZpHYmA","Manoa"
"Da Seafood Cartel",NA,21.3788151,-157.9359591,"98-380 Kamehameha Hwy, Aiea, HI 96701","ChIJ9eF1dlRvAHwRfu7TJGGVJMM",""
"El Cielo",NA,21.2812593,-157.8288716,"346 Lewers St #1f, Honolulu, HI 96815","ChIJXx2IBpBtAHwRisKMomr8dyc","Waikiki"
"Fukuya Deli",NA,21.2910781,-157.8200175,"2710 S King St, Honolulu, HI 96826","ChIJt9BmuZptAHwRr207eoBZez8","McCully - Moiliili"
"HK Café",NA,21.3123415,-157.8626653,"1113 Maunakea St #101, Honolulu, HI 96817","ChIJJcY3CAJvAHwRNhq8MgTKDOA","Downtown"
"Hawai‘i Dim Sum & Seafood",NA,21.3120295,-157.8639302,"111 N King St, Honolulu, HI 96817","ChIJlQNHfTpvAHwR9h9ZCtzs9hU","Downtown"
"Istanbul",NA,21.2942917,-157.851992,"1108 Auahi St Ste 152, Honolulu, HI 96814","ChIJRYqpvZ1tAHwRAX0Kex_G0tE","Kaka'ako"
"Kaimukī Shokudo",NA,21.2822993,-157.8003227,"1127 11th Ave, Honolulu, HI 96816","ChIJRWhgTK1tAHwRJAcgTfGFRWs","Kaimuki"
"La Casita",NA,21.4043346,-157.750072,"650 Oneawa St, Kailua, HI 96734","ChIJQwg_dPgVAHwR2lmFGUqIlP0",""
"Lam’s Kitchen",NA,21.3128686,-157.8621153,"1152 Maunakea St # A, Honolulu, HI 96817","ChIJwcW7p3ZuAHwROxjxlW1u7wo","Downtown"
"Le’s Banh Mi",NA,21.2967649,-157.8423428,"808 Sheridan St Suite 306 Third floor, Honolulu, HI 96814","ChIJ476u9IFtAHwRfvRL9sfTpCE","Ala Moana"
"Miro Kaimukī",NA,21.2813108,-157.7998089,"1108 12th Ave C, Honolulu, HI 96816","ChIJiQlpzTBtAHwR69D6i0MkVHA","Kaimuki"
"Morning Glass Coffee & Café",NA,21.31027,-157.808841,"2955 E Manoa Rd, Honolulu, HI 96822","ChIJf1bKBAhtAHwRcreM7bUnMy8","Manoa"
"Nami Kaze",NA,21.3177325,-157.8781931,"1135 N Nimitz Hwy, Honolulu, HI 96817","ChIJr1BCo3tvAHwRhyI5ak3Sgrg","Kalihi - Palama"
"Pho Que Huong",NA,21.3129519,-157.8619886,"1160 Maunakea St, Honolulu, HI 96817","ChIJL1bwpnZuAHwRnRStnjoMfc8","Downtown"
"Pioneer Saloon",NA,21.2691922,-157.8137185,"3046 Monsarrat Ave, Honolulu, HI 96815","ChIJ1WZFi3xyAHwRciAEv1X58Xc","Diamond Head / Kapahulu / St. Louis Heights"
"Pizza Mamo",NA,21.3112547,-157.8620498,"16 N Hotel St, Honolulu, HI 96817","ChIJh-icMKxvAHwR2nOGjv4Lofg","Arts District"
"Shige’s Saimin Stand",NA,21.4970619,-158.0306995,"70 Kukui St, Wahiawa, HI 96786","ChIJ4VFOhPFdAHwRAPK2NoF9OKU",""
"Southern Love",NA,21.2997784,-157.8564895,"753 Queen St Unit A, Honolulu, HI 96813","ChIJQwEepO1tAHwRvVsoc3dzbsA","Downtown"
"Sunset Texas BBQ",NA,21.2976781,-157.8593061,"443 Cooke St, Honolulu, HI 96813","ChIJKykkDKpQAHwRUuYH74ozpyU","Downtown"
"Sushi Gyoshin",NA,21.2935428,-157.8469246,"436 Piikoi St A, Honolulu, HI 96814","ChIJ99_THgBtAHwR1r2gP89m5Sk","Ala Moana"
"Threadfin Bistro",NA,21.2866101,-157.8133164,"1016 Kapahulu Ave, Honolulu, HI 96816","ChIJH0no_TdtAHwRSwFmTzjaAeo","Diamond Head / Kapahulu / St. Louis Heights"
"Tonkatsu Sangi",NA,21.309278,-157.8627386,"900 Fort Street Mall, Honolulu, HI 96813","ChIJZZe0lXxvAHwRpevT6CajnnE","Downtown"
"Wu Wei Chong Qing Cuisine",NA,21.2963076,-157.8336334,"1738 S King St #101, Honolulu, HI 96826","ChIJFUW8u_9tAHwRVvIjZgbSYnY","McCully - Moiliili"
"Yi Xin Café",NA,21.2881919,-157.8151981,"2919 Kapiolani Blvd, Honolulu, HI 96816","ChIJvbMjcsltAHwRXmF3LV__m_U","Diamond Head / Kapahulu / St. Louis Heights"
"Chao Hawai‘i",NA,21.3165963,-157.8551141,"1613 Nuuanu Ave, Honolulu, HI 96817","ChIJrfy-iY5tAHwRM2fUPAOFmR0","Nuuanu - Punchbowl"
"Mad Pie",NA,21.3005979,-157.8601765,"516 Keawe St D, Honolulu, HI 96813","ChIJS6SV96ZvAHwRl4Odm3IoS0k","Downtown"
"Mama Guava",NA,21.3114431,-157.8636485,"83 N King St, Honolulu, HI 96817","ChIJCaJnjXNuAHwRK2T3zrUWMKs","Downtown"
"Arden Waikīkī",NA,21.2627474,-157.8207123,"2885 Kalākaua Ave, Honolulu, HI 96815","ChIJPwPv8GVyAHwRilXYmJToogY","Diamond Head / Kapahulu / St. Louis Heights"
"Café Kaila",NA,21.2881538,-157.815062,"2919 Kapiolani Blvd, Honolulu, HI 96816","ChIJkSpbpoRtAHwR1gzsucXKEb8","Diamond Head / Kapahulu / St. Louis Heights"
"Orchids at Halekūlani",NA,21.277546,-157.832282,"2199 Kālia Rd, Honolulu, HI 96815","ChIJJVGzGXVyAHwRQEkrJEPtCGE","Waikiki"
"Plumeria Beach House at The Kāhala",NA,21.271847,-157.773651,"Kahala Resort, 5000 Kahala Ave #5000, Honolulu, HI 96816","ChIJBVRO-6dyAHwRv2ndQ4EYGTM","Waialae - Kahala"
"Pai Honolulu",NA,21.3092254,-157.8638076,"55 Merchant St #110, Honolulu, HI 96813","ChIJy43mZXNuAHwRvxUZW2U1Z4o","Downtown"
"Aloha Beer Co.",NA,21.300903,-157.856803,"700 Queen St, Honolulu, HI 96813","ChIJG90z421uAHwRtetFD6gBrqM","Downtown"
"Splash Bar",NA,21.2773632,-157.8259769,"120 Kaʻiulani Ave, Honolulu, HI 96815","ChIJE2HQNkRzAHwR4h2YhJjJA4g","Waikiki"
"53 By The Sea",NA,21.2913889,-157.8605556,"53 Ahui St, Honolulu, HI 96813","ChIJ5UdG3QZuAHwRuXq2Dnpvfp4","Downtown"
"Chef Chai",NA,21.2971091,-157.8514378,"1009 Kapiolani Blvd, Honolulu, HI 96814","ChIJNYWN3wxuAHwRD50o8p_C5xg","Kaka'ako"
"Tane Vegan Izakaya",NA,21.2959924,-157.8282117,"2065 S Beretania St., Honolulu, HI 96826","ChIJQVFXkQ9tAHwRgeK62rvD3FE","McCully - Moiliili"
"Hy’s Steak House",NA,21.2766397,-157.8231815,"2440 Kūhiō Ave., Honolulu, HI 96815","ChIJ7TIrpHdyAHwRMrvuW2g2go4","Waikiki"
"Herringbone Waikīkī",NA,21.2788833,-157.8267778,"2330 Kalākaua Ave #3, Honolulu, HI 96815","ChIJBzfsc3ZyAHwRcBOjm3eRBQ0","Waikiki"
"Shabuya",NA,21.2922855,-157.8452824,"1450 Ala Moana Blvd, Honolulu, HI 96814","ChIJU3SH4KxtAHwRLk75ndS0LMQ","Ala Moana"
"Tim Ho Wan",NA,21.2794591,-157.8300273,"2201 Kalākaua Ave A-307, Honolulu, HI 96815","ChIJ05LTlnVyAHwR4PaCLi-LNDs","Waikiki"
"Jade Dynasty Seafood Restaurant",NA,21.290919,-157.8428668,"1450 Ala Moana Blvd #4220, Honolulu, HI 96814","ChIJcWKjRfBtAHwRQq5ubG4BXGA","Ala Moana"
"Arancino",NA,21.2732847,-157.8231358,"2552 Kalākaua Ave, Honolulu, HI 96815","ChIJeRjBxXByAHwRs32Yco8x6h4","Waikiki"
"Izakaya Naru",NA,21.2912437,-157.8203779,"2700 S King St Shop #D104, Honolulu, HI 96826","ChIJY767vJptAHwR7L3UZbzCMI4","McCully - Moiliili"
"Yanagi Sushi",NA,21.3010085,-157.8539363,"762 Kapiolani Blvd, Honolulu, HI 96813","ChIJeeE8guFtAHwRYFJZ0B4YQGs","Downtown"
"Onoya Ramen",NA,21.2787946,-157.8135492,"611 Kapahulu Ave, Honolulu, HI 96815","ChIJBQyK4ohzAHwRRXu1lTtDhRs","Diamond Head / Kapahulu / St. Louis Heights"
"Zigu",NA,21.2804849,-157.826658,"413 Seaside Ave #1f, Honolulu, HI 96815","ChIJJTBm8IltAHwRC1Sq6-nkLHc","Waikiki"
"Café Maharani",NA,21.2923117,-157.8237013,"2509 S King St, Honolulu, HI 96826","ChIJKagGT5BtAHwRtAv72spTVTw","McCully - Moiliili"
"Gen Korean BBQ House",NA,21.290832,-157.8421927,"1450 Ala Moana Blvd #4250, Honolulu, HI 96814","ChIJNYNLUfBtAHwRE7PbvfeY0GQ","Ala Moana"
"Hangang Korean Grill House",NA,21.2934594,-157.847186,"1236 Waimanu St #1F, Honolulu, HI 96814","ChIJPR62w21tAHwR3GH6RzhEUKM","Ala Moana"
"La Birria",NA,21.3106698,-157.860286,"1148 Fort Street Mall, Honolulu, HI 96813","ChIJUxMdaQBvAHwRhHWbiRk7k88","Downtown"
"Elena’s",NA,21.3852562,-158.0025917,"Tropicana Square Shopping Center, 94-866 Moloalo St D4A, Waipahu, HI 96797","ChIJcYz6BC1kAHwRM9WVuyBCWJM",""
"Zippy’s",NA,21.2958413,-157.8338316,"1725 S King St, Honolulu, HI 96826","ChIJ13xKyOxtAHwR6BuUyqYmSbQ","McCully - Moiliili"
"Tangö Contemporary Café",NA,21.2928382,-157.8502128,"1288 Ala Moana Blvd #120, Honolulu, HI 96814","ChIJD7NNafttAHwRVnVbD-mkCLA","Ala Moana"
"Monkeypod Kitchen by Merriman",NA,21.341578,-158.1233699,"92-1048 Olani St, Kapolei, HI 96707","ChIJtezTO75iAHwRxYYVYN-ngXM",""
"Side Street Inn",NA,21.2946456,-157.8474215,"1225 Hopaka St, Honolulu, HI 96814","ChIJQ1EsJeVtAHwRxk_ni6BJd8Y","Ala Moana"
"Egghead Café",NA,21.3233339,-157.8742748,"1210 Dillingham Blvd #8, Honolulu, HI 96817","ChIJobHwXOJtAHwRt9d3-jEh1U0","Kalihi - Palama"
"Nature Waikīkī",NA,21.2804998,-157.8266468,"413 Seaside Ave #2F, Honolulu, HI 96815","ChIJjTY7Tn1tAHwR5y3N4NuH4AU","Waikiki"
"Ruth’s Chris Steak House",NA,21.2790777,-157.8314617,"226 Lewers St, Waikiki, HI 96815","ChIJx9yme3VyAHwRCSuD84uX3WM","Waikiki"
"Nico’s Pier 38",NA,21.3174708,-157.8775142,"1129 N Nimitz Hwy, Honolulu, HI 96817","ChIJV6TLr0VuAHwR4VCm9dS2f90","Kalihi - Palama"
"‘Olili",NA,21.278247,-157.8245122,"2380 Kūhiō Ave. 2nd Floor, Honolulu, HI 96815","ChIJxWEQNHZyAHwRw4PRwQ92_ic","Waikiki"
"Ichiriki",NA,21.2941811,-157.8467711,"510 Piikoi St, Honolulu, HI 96814","ChIJEX9ENuVtAHwR8wuc4sHrRo0","Ala Moana"
"Happy Days",NA,21.2830108,-157.7999819,"3553 Waialae Ave, Honolulu, HI 96816","ChIJD4BfC3ttAHwRGFsMbTABWIg","Kaimuki"
"Izakaya Tenkichi",NA,21.2934861,-157.8258738,"2334 S King St STE C, 2nd floor, Honolulu, HI 96826","ChIJ67uE8kBtAHwRvVrF_9gAHVY","McCully - Moiliili"
"Yohei Sushi",NA,21.3213131,-157.8734315,"1111 Dillingham Blvd #101, Honolulu, HI 96817","ChIJt1HpumVuAHwRj79yRZ3-OPo","Kalihi - Palama"
"Goma Tei",NA,21.2904718,-157.8430391,"1450 Ala Moana Blvd, Honolulu, HI 96814","ChIJdwO0lfxtAHwRBOIgSenRSMk","Ala Moana"
"Tadka Indian Cuisine",NA,21.2901367,-157.8327139,"1960 Kapiolani Blvd STE 109, Honolulu, HI 96826","ChIJI_CtWXhtAHwROz5hgL4CQd4","McCully - Moiliili"
"O’Kim’s Korean Kitchen",NA,21.3109266,-157.8624917,"1028 Nuuanu Ave, Honolulu, HI 96817","ChIJ1XeUIHRuAHwRAQUHv7yBN_w","Arts District"
"Mama Phở",NA,21.2907231,-157.8433706,"1450 Ala Moana Blvd 4th floor, Honolulu, HI 96814","ChIJ0_uBivBtAHwRKjC72DHZG3Y","Ala Moana"
"Max’s Restaurant",NA,21.3180147,-157.8694137,"801 Dillingham Blvd Suite 108, Honolulu, HI 96817","ChIJo_ia529uAHwReNLtRVYJoSs","Kalihi - Palama"
"L&L Hawaiian Barbecue",NA,21.2885789,-157.845441,"1501 Ala Moana Blvd, Honolulu, HI 96814","ChIJj03DBfptAHwRayHqaXf3Hro","Ala Moana"
"Hoku’s at The Kāhala",NA,21.2715271,-157.7739621,"Kahala Resort, 5000 Kahala Ave #5000, Honolulu, HI 96816","ChIJBVRO-6dyAHwRncV42hYDIK8","Waialae - Kahala"
"Merriman’s Honolulu",NA,21.2936873,-157.8527345,"1108 Auahi St #170, Honolulu, HI 96814","ChIJa4_hVnptAHwRLfH0AYGlELQ","Kaka'ako"
"100 Sails Restaurant & Bar",NA,21.2861916,-157.8402999,"100 Holomoana St 3rd Floor, Honolulu, HI 96815","ChIJ6zOzsPZtAHwRUtumMpM0-zY","Waikiki"
"Appetito Craft Pizza & Wine Bar",NA,21.2775944,-157.8249082,"150 Kaʻiulani Ave, Honolulu, HI 96815","ChIJJVC2R3ZyAHwRqa76aS--pYI","Waikiki"
"Maui Brewing Co.",NA,21.2778605,-157.8272253,"2300 Kalākaua Ave, Honolulu, HI 96815","ChIJewbK33VyAHwR-Q9SxtLubow","Waikiki"
"Talk Kaimukī",NA,21.2824544,-157.7988425,"3601 Waialae Ave, Honolulu, HI 96816","ChIJ68TcQnttAHwRVJE-JOIg1ts","Kaimuki"
"Tanioka’s Seafoods & Catering",NA,21.3841965,-158.0011342,"94-903 Farrington Hwy, Waipahu, HI 96797","ChIJdTjGOC1kAHwRXdmbwNotQus",""
"Peace Café",NA,21.2936463,-157.8271105,"2239 S King St, Honolulu, HI 96826","ChIJNRZDgJFtAHwR043C_ZdwCfY","McCully - Moiliili"
"Aunty’s Hotpot House",NA,21.3332411,-158.051114,"Ka Makana Ali’i, 91-5431 Kapolei Pkwy #425, Kapolei, HI 96707","ChIJNcQCpxdjAHwRGVJM2PJrnvM",""
"Fook Lam Restaurant",NA,21.3144358,-157.8614069,"100 N Beretania St, Honolulu, HI 96817","ChIJ_bg1wHZuAHwRcyBYtYTlgx8","Downtown"
"Taormina Sicilian Cuisine",NA,21.2794304,-157.8305434,"227 Lewers St, Honolulu, HI 96815","ChIJ5W-jcHVyAHwRaGm6iJsz26Y","Waikiki"
"Tanaka Ramen",NA,21.2918401,-157.8441375,"1450 Ala Moana Blvd #2054, Honolulu, HI 96814","ChIJv0SX94JtAHwRVVwXuWBa0h4","Ala Moana"
"Siam Garden Café",NA,21.3188889,-157.8758333,"1130 N Nimitz Hwy, Honolulu, HI 96817","ChIJ_zEdyWhuAHwRZHocmadmPfc","Kalihi - Palama"
"Olive Tree Café",NA,21.2750695,-157.7854088,"4614 Kilauea Ave, Honolulu, HI 96816","ChIJMcMe4V9tAHwRwEH0C0kq7xo","Waialae - Kahala"
"Spice Up House of Indian Cuisine",NA,21.2989385,-157.8421318,"1289 S King St Unit 101, Honolulu, HI 96814","ChIJkSXEiAxtAHwR6z9wDK8B9v0","Ala Moana"
"Million Restaurant",NA,21.2949853,-157.8450009,"626 Sheridan St, Honolulu, HI 96814","ChIJlziYiu9tAHwRs_hY8CjKVZA","Ala Moana"
"Hale Vietnam",NA,21.282039,-157.7993208,"1140 12th Ave, Honolulu, HI 96816","ChIJIfCGZnttAHwRLxvyrzxlJM0","Kaimuki"
"Los Chaparros Mexican Restaurant",NA,21.2959259,-157.8269543,"2140 S Beretania St., Honolulu, HI 96826","ChIJZzvEWZFtAHwRA_LEELpYpWY","McCully - Moiliili"
"Thelma’s Filipino Restaurant",NA,21.3817617,-158.0165719,"94-366 Pupupani St #116, Waipahu, HI 96797","ChIJD8r3mztkAHwR8D-ihIiG2tU",""
"Little Plum",NA,21.308215,-157.8109887,"2752 Woodlawn Dr #5-101, Honolulu, HI 96822","ChIJ2aVt781tAHwRgseWVzPI_IM","Manoa"
"Et Al",NA,21.2790972,-157.7868309,"4210 Waialae Ave Suite 401, Honolulu, HI 96816","ChIJqfy5egxtAHwR0VxbI-9SFcU","Waialae - Kahala"
"The Buffet at Hyatt",NA,21.2763612,-157.8250235,"2424 Kalākaua Ave, Honolulu, HI 96815","ChIJ-6vUVhVzAHwR9wOO2ZAwtVA","Waikiki"
"Beer Lab Hawai‘i",NA,21.3850683,-157.9410832,"98-1005 Moanalua Rd, Aiea, HI 96701","ChIJF_CLT6lvAHwR8LFXy69XG_E",""
"TR Fire Grill",NA,21.275577,-157.821425,"234 ʻŌhua Ave, Honolulu, HI 96815","ChIJ4fh6eXdyAHwRMfJzfYR6Spc","Waikiki"
"XO Restaurant",NA,21.2848873,-157.8026367,"3434 Waialae Ave, Honolulu, HI 96816","ChIJ6Vl5P8ltAHwRRwI4T04bxws","Palolo"
"Michel’s at the Colony Surf",NA,21.2622537,-157.8213981,"2895 Kalākaua Ave, Honolulu, HI 96815","ChIJsbVV_2VyAHwRlVQ6JIXsdu0","Diamond Head / Kapahulu / St. Louis Heights"
"Café O’Lei",NA,21.2758481,-157.8241994,"138 Uluniu Ave, Honolulu, HI 96815","ChIJgQmOntJzAHwRQnhGygHnZv8","Waikiki"
"Wolfgang’s Steakhouse",NA,21.2783336,-157.8285342,"2301 Kalākaua Ave, Honolulu, HI 96815","ChIJpUw6wnVyAHwRzET_WIb4lVo","Waikiki"
"‘Ono Seafood",NA,21.2810622,-157.8138535,"747 Kapahulu Ave, Honolulu, HI 96816","ChIJhwWzIYFtAHwRr8-YL4Qqbag","Diamond Head / Kapahulu / St. Louis Heights"
"Tiny Pyramid",NA,21.3148355,-157.8692917,"560 N Nimitz Hwy, Honolulu, HI 96817","ChIJO6xl76ZvAHwRaHIT1dqxKa8","Kalihi - Palama"
"Chong Qing Hot Pot",NA,21.2924677,-157.8521918,"1200 Ala Moana Blvd bldg 4 fl 2, Honolulu, HI 96814","ChIJxy98a-BtAHwRVXi5JwvoJC0","Kaka'ako"
"Mei Sum Dim Sum",NA,21.3119336,-157.8608188,"1170 Nuuanu Ave #102, Honolulu, HI 96817","ChIJ5QqnJXRuAHwRGihLLvor5Kc","Arts District"
"Kin Wah Chop Suey",NA,21.4004441,-157.7998898,"45-588 Kamehameha Hwy, Kaneohe, HI 96744","ChIJS_IXZQVrAHwRDyfOR7pTya0",""
"Rigo Spanish Italian",NA,21.2838172,-157.8135831,"885 Kapahulu Ave, Honolulu, HI 96816","ChIJ0-sQdLhtAHwRjzKv8Wdt6Q8","Diamond Head / Kapahulu / St. Louis Heights"
"Izakaya Nonbei",NA,21.2840878,-157.8133287,"3108 Olu St, Honolulu, HI 96816","ChIJ_QpD24NtAHwRfrVqdYXUixE","Diamond Head / Kapahulu / St. Louis Heights"
"Restaurant I",NA,21.2719238,-157.8226832,"2586 Kalākaua Ave, Honolulu, HI 96815","ChIJ0zgno3ByAHwRTctl9GVdzCE",""
"Wagaya",NA,21.2946671,-157.828403,"2080 S King St, Honolulu, HI 96826","ChIJ0dHOyJNtAHwRrVF2KzRpZNw","McCully - Moiliili"
"Rinka",NA,21.2952304,-157.8533438,"1001 Queen St #105, Honolulu, HI 96814","ChIJq6qqqu9tAHwRqJWRY0MB6S8","Kaka'ako"
"Thai Issan Cuisine",NA,21.287982,-157.8143368,"2929 Kapiolani Blvd, Honolulu, HI 96826","ChIJ7fNPpoRtAHwRIfIpmJwookI","Diamond Head / Kapahulu / St. Louis Heights"
"Lady Elaine",NA,21.3084241,-157.8107316,"2756 Woodlawn Dr 6 102, Honolulu, HI 96822","ChIJe-vSI5NtAHwRp2_oP9QkMYM","Manoa"
"New Kamana Kitchen",NA,21.2818086,-157.8143957,"760 Palani Ave, Honolulu, HI 96816","ChIJdaZHViptAHwRdeHCrCqMFcQ","Diamond Head / Kapahulu / St. Louis Heights"
"Kim Chee II",NA,21.2828782,-157.7997571,"3569 Waialae Ave Conference Room, Honolulu, HI 96816","ChIJdZtKDXttAHwRXYqEjn01ulg","Kaimuki"
"Saigon Noodle House",NA,21.3779467,-157.729516,"1020 Keolu Dr, Kailua, HI 96734","ChIJ02201ZIUAHwRglv5_Ss7T4A",""
"Liliha Bakery",NA,21.278252,-157.8265621,"2330 Kalākaua Ave Suite 326, Honolulu, HI 96815","ChIJQVkuXrhzAHwRkMpbyly1pVw","Waikiki"
"Asian Flavors",NA,21.3335459,-157.8852578,"2312 Kamehameha Hwy bldg c 4, Honolulu, HI 96819","ChIJZbq-EultAHwRXsOffjXeUvE","Kalihi - Palama"
"Helena’s Hawaiian Food","Kalihi",21.3309209,-157.8650888,"1240 N School St, Honolulu, HI 96817","ChIJ-aNpcIduAHwRlVpxYVxnvxs","Liliha - Kapalama"
"The Pig And The Lady","Chinatown",21.2824789,-157.7979348,"3650 Waialae Ave, Honolulu, HI 96816","ChIJf_g4jXNuAHwRxwKtprB4Ojw","Kaimuki"
"Flour + Water","Mission",37.7589398,-122.4122858,"2401 Harrison St, San Francisco, CA 94110, USA","ChIJDVaCXjd-j4AR4AOGUS0kLGc","Mission District"
"Rose Pizzeria","San Francisco",37.7830556,-122.4592324,"1 Clement St, San Francisco, CA 94118, USA","ChIJR5omYACHhYARdjIeYhgCe7c","Inner Richmond"
"Origin Lab","San Francisco",37.7938806,-122.3948266,"1 Market Plaza SP6, San Francisco, CA 94105, USA","ChIJ4wOYHWSAhYARPoSusvPOufI","Financial District"
"Ah Ma’s Kitchen","San Francisco",37.7824776,-122.4712482,"1115 Clement St, San Francisco, CA 94118, USA","ChIJd6EsSQCHhYARbU0uLX0BeZg","Inner Richmond"
"Tur","San Francisco",37.7407306,-122.4657322,"1 W Portal Ave, San Francisco, CA 94127, USA","ChIJfej0eAB9j4AR2J2YqbvArXk","West of Twin Peaks"
"Early To Rise","Nob Hill",37.7772226,-122.4419042,"1801 McAllister St, San Francisco, CA 94115, USA","ChIJ8w-xYiSBhYARhNGm1rkxp8s","Western Addition"
"Mymy","San Francisco",37.7909126,-122.4192199,"1500 California St, San Francisco, CA 94109, USA","ChIJJ3tIspSAhYAR-Uzxpdu0DQk","Polk Gulch"
"Qua O La","California 94133",37.7991428,-122.4071655,"1318 Grant Ave, San Francisco, CA 94133, USA","ChIJ0Z6_ZgCBhYARKuTgLWZhrGI","North Beach"
"Maillards","CA 94122",37.7527457,-122.5048759,"3821 Noriega St, San Francisco, CA 94122, USA","ChIJkXZFaiOHhYARPEOwaSQd0r8","Outer Sunset"
"Mister Jiu’s","Chinatown",37.79371,-122.4066569,"28 Waverly Pl, San Francisco, CA 94108, USA","ChIJyRDJYIuAhYARyAPkIc7A2Vo","Chinatown"
"Deadwax","Enmore",-33.899319,151.1723418,"182 Enmore Rd, Enmore NSW 2042","ChIJjYBWNWWxEmsRSPfwRgEUk0M",""
"Grill Americano","Restaurants",-33.8659763,151.2106971,"1 Chifley Square, Sydney NSW 2000","ChIJ1bVvQsGvEmsRc96YqtjLD_s",""
"Ormeggio at The Spi","Restaurants",-33.8042783,151.2458154,"D’Albora Marinas, Spit Rd, Mosman NSW 2088","ChIJSYTyeO-rEmsRwowpfCo8TA8",""
"arthur","Surry Hills",-33.8889762,151.2154446,"544 Bourke St, Surry Hills NSW 2010","ChIJ6fJJ3u2vEmsRi-H4S6idSD4",""
"Good for a first date","The Rocks",-33.8569483,151.2091906,"Ground Level, Bays 4 and 5, Campbells Cove, 7-27 Circular Quay W, The Rocks NSW 2000","ChIJr9lSEmuvEmsRRD_l58GVOKk",""
"Kim’s Bop","Glebe",-33.877431,151.1855148,"Unit 1/325 Glebe Point Rd, Glebe NSW 2037","ChIJi2PiUQCvEmsRkabdkEafArI",""
"Aperitivo","Leichhardt",-33.8812594,151.1569301,"163 Norton St, Leichhardt NSW 2040","ChIJobnb9huwEmsRWCdKYj2VxLY",""
"Late-night dining","Sydney",-33.871688,151.22268,"123 Victoria St, Potts Point NSW 2011","ChIJk5rNr3KuEmsRQSgDz3qgIm0",""
"Sonora Mexican","Potts Point",-33.8953134,151.1780325,"182-184 Australia St, Newtown NSW 2042","ChIJHVpoXJCvEmsReiufF6DOyHM",""
"Roma","Melbourne",-37.8144291,144.9696066,"120 Collins St, Melbourne VIC 3000","ChIJkwikizRD1moRoGO1Vb-lOx8",""
"Little Rose","Fitzroy",-37.799217,144.9785561,"Ground Floor Rear/274 Brunswick St, Fitzroy VIC 3065","ChIJFWGGPqND1moRf26C0T7xg_0",""
"The Forager’s Fork","Brunswick",-37.7765447,144.9603944,"51 Sydney Rd, Brunswick VIC 3056","ChIJWT6ftDld1moRzobMeCFguK0",""
"Bombay Meri Jaan","Richmond",-37.8101768,144.9947685,"94 Victoria St, Richmond VIC 3121","ChIJ3YTMFYxD1moR5_XRqmywNPg",""
"Steakhouse","Southbank",-37.8208499,144.9629618,"1 Southbank Blvd, Southbank VIC 3006","ChIJ6eEhZa1C1moR4Ls34LGLXvE",""
"Burgers","Fitzroy",-37.8006785,144.977856,"223 Brunswick St, Fitzroy VIC 3065","ChIJRzUSBeRD1moRzhbJD5FW-FI",""
"Ari.BKK","Brunswick East",-37.7684942,144.9720205,"323 Lygon St, Brunswick East VIC 3057","ChIJ5XiDSWND1moR9UUwOWsqtKo",""
"Bar Ferdinand","Melbourne",-37.8140525,144.9699434,"Level 1/7 Alfred Pl, Melbourne VIC 3000","ChIJRelTtcND1moRUlaijCC0O84",""
"Heebi","Carlton",-37.8027074,144.9640541,"127 Pelham St, Carlton VIC 3053","ChIJQWi7YgBD1moRYUmWAw1OxfU",""
"South American","St Kilda",-37.8681041,144.9781307,"7 Shakespeare Grove, St Kilda VIC 3182","ChIJk1tLsZBp1moR0ZselgV8AUQ",""
"The Story Wines","Moorabbin",-37.9388263,145.0702812,"47 Alex Ave, Moorabbin VIC 3189","ChIJUwZw5Rhr1moRf29lhwAPuOg",""
"Hector’s Deli","Richmond",-37.8142635,145.0046377,"1/94 Buckingham St, Richmond VIC 3121","ChIJtVdgmvhC1moROxwhKPwolNQ",""
"Time Out Market New York, Dumbo","DUMBO",40.7034205,-73.9921457,"55 Water St, Brooklyn, NY 11201, USA","ChIJ9aMCWaxbwokRZHJGmTBxFtQ","Dumbo"
"Time Out Market New York, Union Square",NA,40.7338225,-73.9888421,"124 E 14th St, New York, NY 10003, USA","ChIJe527EedZwokRjJwRW57Xp_0","Manhattan"
"Adda","East Village",40.7268627,-73.9862514,"107 1st Ave, New York, NY 10003, USA","ChIJKcCXHydZwokRNCwATmPZsgM","Manhattan"
"Theodora","Brooklyn",40.6860572,-73.9731084,"7 Greene Ave, Brooklyn, NY 11238, USA","ChIJJye7jZBbwokRtioAck7uEIg","Fort Greene"
"Tatiana by Kwame Onwuachi","Upper West Side",40.7726505,-73.9833521,"10 Lincoln Center Plaza, New York, NY 10023, USA","ChIJxy0SM0xZwokR5vC0f4wVlP0","Manhattan"
"Kabawa","East Village",40.7248683,-73.9914685,"8 Extra Pl, New York, NY 10003, USA","ChIJ685zLlZZwokRiEoiYj-Iyvg","Manhattan"
"Borgo","Flatiron",40.742119,-73.9836069,"124 E 27th St, New York, NY 10016, USA","ChIJ_-Z-CM5ZwokRg9_1Gc4DrwA","Manhattan"
"Roscioli NYC","Soho",40.7277451,-74.0025839,"43 MacDougal St, New York, NY 10012, USA","ChIJ4_kdpBBZwokR7rsYae4xCxI","Manhattan"
"Cote","Flatiron",40.7413041,-73.9912527,"16 W 22nd St, New York, NY 10010, USA","ChIJQ1R3hKNZwokRQM4wbIrc00o","Manhattan"
"Ramen By Ra","East Village",40.7235662,-73.9888061,"70 E 1st St, New York, NY 10003, USA","ChIJAQDkKoVZwokRF2BsvDJcYys","Manhattan"
"Carnitas Ramirez","East Village",40.7224688,-73.9827999,"210 E 3rd St, New York, NY 10009, USA","ChIJ41HSUABZwokRhbUqk4qDotA","Manhattan"
"Sushi Nakazawa New York","West Village",40.7318046,-74.0045493,"23 Commerce St, New York, NY 10014, USA","ChIJsw80F5NZwokRcDtxajLLOeA","Manhattan"
"The Dynamo Room","Midtown West",40.7503482,-73.9916986,"2 Pennsylvania Plaza, New York, NY 10121, USA","ChIJiX4zIMBZwokROuHfpVLiB8k","Manhattan"
"Muku","Tribeca",40.7218848,-74.0099346,"412 Greenwich St Penthouse B, New York, NY 10013, USA","ChIJYTKtj2dZwokR3IYU3st5VuA","Manhattan"
"Semma","West Village",40.7360304,-74.0005639,"60 Greenwich Ave, New York, NY 10011, USA","ChIJxZmzO7hZwokRx2fls4uU4YU","Manhattan"
"Kochi","Hell's Kitchen",40.7619926,-73.9934692,"652 10th Ave, New York, NY 10036, USA","ChIJN8SzjFRZwokR-b5lqNXcg44","Manhattan"
"L’Industrie Pizzeria","West Village",40.7332224,-74.0049081,"104 Christopher St, New York, NY 10014, USA","ChIJ92OsaJVZwokRsC54kf-J-3g","Manhattan"
"Mama's Too","Upper West Side",40.8008324,-73.9675901,"2750 Broadway, New York, NY 10025, USA","ChIJ5-8q3ST2wokRUmUlDRQUb7g","Manhattan"
"Thai Diner","Nolita",40.7207143,-73.99565,"186 Mott St, New York, NY 10012, USA","ChIJQyFr6-FZwokRr23JK7BC7_g","Manhattan"
"Hyderabadi Zaiqa","Hell's Kitchen",40.7650888,-73.9881719,"785 9th Ave, New York, NY 10019, USA","ChIJ5xVUhjlZwokRpdMrPHkLsHs","Manhattan"
"Crane Club","Chelsea",40.7434185,-74.0075256,"85 10th Ave, New York, NY 10011, USA","ChIJQZCdItFZwokR81gO5l3lMKc","Manhattan"
"Strange Delight","Fort Greene",40.6873624,-73.9760048,"63 Lafayette Ave, Brooklyn, NY 11217, USA","ChIJSZ__agBbwokRFqNZkOBfbsk","Fort Greene"
"Shota Omakase","Williamsburg",40.71352,-73.9661573,"50 S 3rd St, Brooklyn, NY 11249, USA","ChIJ34eY6E5ZwokRvof_huM7t3U","Williamsburg"
"Gage & Tollner","Brooklyn",40.6913485,-73.9878195,"372 Fulton St, Brooklyn, NY 11201, USA","ChIJwZz-LWlbwokR_hshOuzdrkw","Downtown Brooklyn"
"Hawksmoor","Gramercy",40.7395356,-73.9863884,"109 E 22nd St, New York, NY 10010, USA","ChIJZdEAC9VZwokRsUEVh2RGIoE","Manhattan"
"San Sabino","West Village",40.7380199,-74.0021622,"113 Greenwich Ave, New York, NY 10014, USA","ChIJ21VGCABZwokRyKrRkBeIAo4","Manhattan"
"Laser Wolf","Brooklyn",40.7208328,-73.9587936,"97 Wythe Ave, Brooklyn, NY 11249, USA","ChIJLyS5dYRZwokRlkA0g9eijjs","Williamsburg"
"Ops","East Village",40.7304324,-73.985991,"176 2nd Ave, New York, NY 10003, USA","ChIJEXTJbgBZwokRIwAXUA0bhB4","Manhattan"
"Place des Fêtes","Brooklyn",40.6868258,-73.9628829,"212 Greene Ave, Brooklyn, NY 11238, USA","ChIJtx7ymGVbwokRzDZBJ8NVJz0","Clinton Hill"
"Leland Eating and Drinking House",NA,40.679822,-73.9651189,"755 Dean St, Brooklyn, NY 11238, USA","ChIJjW_xjcJbwokRhrgB0I0l3Xg","Prospect Heights"
"Via Carota","West Village",40.7331959,-74.0036494,"51 Grove St, New York, NY 10014, USA","ChIJr7FOf5NZwokRu3CDYtzVmuQ","Manhattan"
"Kisa","Lower East Side",40.7228376,-73.9889871,"205 Allen St, New York, NY 10002, USA","ChIJ3YtkUgBZwokRMd5buqhS9ps","Manhattan"
"Atoboy","Flatiron",40.7436565,-73.9844859,"43 E 28th St, New York, NY 10016, USA","ChIJZ-xpvadZwokRGVsoX2gW38s","Manhattan"
"Sailor","Brooklyn",40.6893831,-73.9703111,"228 Dekalb Ave, Brooklyn, NY 11205, USA","ChIJ2xcAfQFbwokRSBBCp0svARQ","Fort Greene"
"Sushi 35 West","Midtown West",40.751858,-73.9912983,"232W W 35th St, New York, NY 10001, USA","ChIJuxVeogZZwokR8J75zgiqFX8","Manhattan"
"Bunna Cafe","East Williamsburg",40.7049167,-73.9279056,"1084 Flushing Ave, Brooklyn, NY 11237, USA","ChIJD6qBsQNcwokR8ggthXPGiZg","Bushwick"
"Delmonico’s","Financial District",40.7050268,-74.0102557,"56 Beaver St, New York, NY 10004, USA","ChIJwy8lmxZawokRtWUTg5wuv6I","Manhattan"
"Gramercy Tavern","Flatiron",40.7384555,-73.9885064,"42 E 20th St, New York, NY 10003, USA","ChIJvSQIgqFZwokRFYQbJdzceSs","Manhattan"
"Oxomoco","Brooklyn",40.7298214,-73.955476,"128 Greenpoint Ave, Brooklyn, NY 11222, USA","ChIJ__-z7kBZwokRezHqB39zBLI","Greenpoint"
"Dept of Culture",NA,40.6871918,-73.9507828,"327 Nostrand Ave, Brooklyn, NY 11216, USA","ChIJ86cwNj5bwokRrn8VpEBI5jw","Bedford-Stuyvesant"
"Scarr's Pizza",NA,40.7157238,-73.9916115,"35 Orchard St, New York, NY 10002, USA","ChIJOUqatilawokRguvFSj0wX7Y","Manhattan"
"Maya Congee Cafe",NA,40.6824839,-73.9614113,"1013 Fulton St, Brooklyn, NY 11238, USA","ChIJSUWZktRbwokRsBUNu6YAh84","Clinton Hill"
"Tanoreen","DUMBO",40.6307916,-74.0277865,"7523 3rd Ave, Brooklyn, NY 11209, USA","ChIJoWqUUFhFwokRgLdrJbh0bBg","Bay Ridge"
"A&A Bake and Doubles","Bedford-Stuyvesant",40.680491,-73.9479489,"1337 Fulton St, Brooklyn, NY 11216, USA","ChIJhZ5AnJpbwokR8xu2jnQDqP0","Bedford-Stuyvesant"
"Sylvia's Restaurant","Harlem",40.8086445,-73.944479,"328 Malcolm X Blvd, New York, NY 10027, USA","ChIJb8Xw0wz2wokRXhp1-HSLvkI","Manhattan"
"The Arepa Lady",NA,40.7494972,-73.8882711,"77-17 37th Ave, Jackson Heights, NY 11372, USA","ChIJnyOF-alfwokR7sHwDUkuKoY","Jackson Heights"
"La Piraña Lechonera","The Bronx",40.8155813,-73.9064658,"766 E 152nd St, Bronx, NY 10455, USA","ChIJEe_u1LD1wokROGwc-ZKWQhE","Woodstock"
"Le Veau d'Or","New York",40.763248,-73.968072,"129 E 60th St, New York, NY 10022, USA","ChIJ8ccTf-9YwokRMrljca_idL0","Manhattan"
"Mắm","New York 10002",40.7170509,-73.9932757,"70 Forsyth St, New York, NY 10002, USA","ChIJnbRm-4pZwokR7Mj1KC0tlxA","Manhattan"
"Le Bernardin","New York City",40.7614218,-73.9817558,"155 W 51st St, New York, NY 10019, USA","ChIJV7QQ6kdZwokRax4615zpSGU","Manhattan"
"Penny","New York",40.7308579,-73.9896832,"90 E 10th St 1st Floor, New York, NY 10003, USA","ChIJIwaq1P5ZwokRmGG4WafDScw","Manhattan"
"Cho Dang Gol","New York",40.7501625,-73.9863713,"55 W 35th St, New York, NY 10001, USA","ChIJU0c2Y6lZwokRKlyc_R8HN88","Manhattan"
"Cocina Consuelo","New York 10031",40.824042,-73.9492303,"130 Hamilton Pl, New York, NY 10031, USA","ChIJEyoj-4f3wokRYFZu3Lywqd8","Manhattan"
"The Four Horsemen","Brooklyn",40.7130584,-73.9573216,"295 Grand St, Brooklyn, NY 11211, USA","ChIJbTCMl19ZwokRUohF137p9cQ","Williamsburg"
"Smithereens","New York",40.7277338,-73.9842655,"414 E 9th St, New York, NY 10009, USA","ChIJUb901VlZwokRmb0kduVLllM","Manhattan"
"Bong","Brooklyn",40.6726773,-73.9548334,"724 Sterling Pl, Brooklyn, NY 11216, USA","ChIJq7VcWwBbwokRQf8bGqnAkrM","Crown Heights"
"Trinciti Roti Shop","South Ozone Park",40.680374,-73.821103,"111-03 Lefferts Blvd, South Ozone Park, NY 11420, USA","ChIJldBYqUdnwokRZjmk27CkPKQ","South Ozone Park"
"Ha's Snack Bar","New York",40.7185522,-73.9921884,"297 Broome St, New York, NY 10002, USA","ChIJ--ORRABZwokRjpPKbOlCC1k","Manhattan"
"Ambassadors Clubhouse","New York",40.7472169,-73.988551,"1245 Broadway, New York, NY 10001, USA","ChIJBcsEbQBZwokRwqq4SEahYcE","Manhattan"
"Shaw-naé’s House","New York",40.6287204,-74.0796945,"379 Van Duzer St, Staten Island, NY 10304, USA","ChIJZ5_CZk5PwokR0BV6d5x9DLU","Stapleton Heights"
"Tatiana","Lincoln Square",40.7726505,-73.9833521,"10 Lincoln Center Plaza, New York, NY 10023, USA","ChIJxy0SM0xZwokR5vC0f4wVlP0","Manhattan"
"L'Industrie Pizzeria","Brooklyn",40.7116053,-73.9578691,"254 S 2nd St, Brooklyn, NY 11211, USA","ChIJQ-hJIuBbwokRRUdquw_5w5U","Williamsburg"
"Bánh Anh Em","New York",40.7322635,-73.9876172,"99 3rd Ave, New York, NY 10003, USA","ChIJDyMGAgBZwokRggrgBWarG0o","Manhattan"
"Sanwits","New York",40.7284521,-73.9849953,"149 1st Ave, New York, NY 10003, USA","ChIJf8FDVQBZwokRGscKkSQ9bGo","Manhattan"
"Bar Susanne","Brooklyn",40.7131048,-73.9681737,"8 River St, Brooklyn, NY 11249, USA","ChIJPZf1eABbwokRgCe4dW6s2eI","Williamsburg"
"Sal & Cookie’s Ultra Fine Diner","New York",40.6899094,-73.9365969,"198 Lewis Ave, Brooklyn, NY 11221, USA","ChIJI99B_1tbwokREyC6G0YjCVc","Bedford-Stuyvesant"
"Kon’ya","Brooklyn",40.716571,-73.9654008,"235 Kent Ave, Brooklyn, NY 11249, USA","ChIJ46mGJjtZwokRTn4GKcnwMTs","Williamsburg"
"Pizza Studio Tamaki","New York",40.7269085,-73.9833473,"123 St Marks Pl, New York, NY 10009, USA","ChIJ6wRqGwBZwokRvMOkIKk6DIc","Manhattan"
"Zoli","Brooklyn",40.7119963,-73.9365352,"312 Maujer St, Brooklyn, NY 11206, USA","ChIJwcadGgBZwokRxg0CFfSQjvo","East Williamsburg"
"Marcel","New York",40.773442,-73.9638271,"945 Madison Ave, New York, NY 10021, USA","ChIJ9bb04b9ZwokRJV5MdRSSNps","Manhattan"
"Cote 550","New York",40.7616006,-73.9731034,"550 Madison Ave, New York, NY 10022, USA","ChIJU__rGyVZwokRWGCOCB4u-8M","Manhattan"
"Cleo Downtown","New York",40.7380446,-74.0058124,"621 Hudson St, New York, NY 10014, USA","ChIJo5vwS-hZwokRgT0GZaTg9wM","Manhattan"
"Bar Ferdinando","New York",40.6842674,-74.001826,"151 Union St, Brooklyn, NY 11231, USA","ChIJH5K_GVxawokRSbTRZ6HvvWs","Columbia Street Waterfront District"
"Arthur","Brooklyn",40.7294295,-73.9573171,"132 Franklin St, Brooklyn, NY 11222, USA","ChIJgz5aFX9ZwokRcfO7pOPFaBU","Greenpoint"
"Bar Bruno","Brooklyn",40.6834186,-73.9999171,"520 Henry St, Brooklyn, NY 11231, USA","ChIJD_vG4ltawokRE4BzRSy5BBk","Carroll Gardens"
"Dean's","SoHo",40.727487,-74.0034768,"213 6th Ave, New York, NY 10014, USA","ChIJVZIoXgBZwokRA7OLupOn0ds","Manhattan"
"Tashca ","New York",40.7204225,-73.9952894,"151 Elizabeth St, New York, NY 10012, USA","ChIJJXl8vUBZwokRcDvYtWbQ-0c","Manhattan"
"Kjun","New York",40.7490006,-73.9763719,"154 E 39th St, New York, NY 10016, USA","ChIJ7xJ4Rw9ZwokRhQQ-WKtoJFg","Manhattan"
"Cocotazo ","New York",40.7918174,-73.9389443,"349 E 109th St, New York, NY 10029, USA","ChIJl-zKHgT3wokRVGa8z4mhwno","Manhattan"
"Border Town","New York",40.7255933,-73.9455971,"189 Nassau Ave, Brooklyn, NY 11222, USA","ChIJUfCoMwBZwokRgaqNMkVgfs4","Greenpoint"
"Bread & Spread","Brooklyn",40.7114916,-73.9492046,"485 Lorimer St, Brooklyn, NY 11211, USA","ChIJ-Uvw-3xZwokRBohsWs4WDN4","Williamsburg"
"Malvan","Brooklyn",40.6750723,-73.9996534,"550 Court St, Brooklyn, NY 11231, USA","ChIJC9PSN-1bwokR6FwMww-9CzE","Carroll Gardens"
"Bodega Nights","New York",40.7072933,-73.9223306,"425 Troutman St, Brooklyn, NY 11237, USA","ChIJM98PcwBfwokReBC2qaW93PY","Bushwick"
"Confidant ","Brooklyn",40.690897,-73.9958083,"127 Atlantic Ave, Brooklyn, NY 11201, USA","ChIJGWoBKrNbwokRYqGihCSHp0U","Brooklyn Heights"
"Mariscos El Submarino Park Slope","Brooklyn",40.6702903,-73.9790508,"226 7th Ave, Brooklyn, NY 11215, USA","ChIJNSt2OwBbwokRv1X2-D2YtyY","Park Slope"
"Vato","Brooklyn",40.6702347,-73.9789938,"226 7th Ave Floor 1, Brooklyn, NY 11215, USA","ChIJkUbei5ZbwokR_vaJUwBknnY","Park Slope"
"I Cavallini","Brooklyn",40.7129527,-73.9578667,"284 Grand St, Brooklyn, NY 11211, USA","ChIJsew68U5ZwokRrKT8K3848Zg","Williamsburg"
"Torrisi","New York",40.7242743,-73.9954023,"275 Mulberry St, New York, NY 10012, USA","ChIJWd7fRdZZwokRhru5tn4KsVM","Manhattan"
"Lilia","Brooklyn",40.7175365,-73.9524225,"567 Union Ave, Brooklyn, NY 11211, USA","ChIJJXCD6ltZwokRJ_cwjKQH63c","Williamsburg"
"Misi","Williamsburg",40.713401,-73.9671874,"329 Kent Ave, Brooklyn, NY 11249, USA","ChIJw7SsU_pZwokREyGSSulF53U","Williamsburg"
"Santi","New York",40.760055,-73.9745597,"11 E 53rd St, New York, NY 10022, USA","ChIJOdF5EgBZwokRP9RWtr5XA-g","Manhattan"
"Emilio’s Ballato","New York 10012",40.7245528,-73.9945038,"55 E Houston St, New York, NY 10012, USA","ChIJRQqJgYVZwokRfJB16sxh1Pg","Manhattan"
"L'Artusi","New York",40.7337833,-74.0051396,"228 W 10th St, New York, NY 10014, USA","ChIJxwoiopRZwokRttz8Wb0-BLU","Manhattan"
"I Sodi","New York",40.7327893,-74.0040532,"314 Bleecker St, New York, NY 10014, USA","ChIJK2mBYJNZwokRIT4oANQ6OFY","Manhattan"
"Ci Siamo","New York",40.7526152,-73.9989141,"440 W 33rd St Suite #100, New York, NY 10001, USA","ChIJ_ci7bvdZwokRsL4rlCOqsMk","Manhattan"
"Il Buco","New York",40.7258309,-73.9929975,"47 Bond St, New York, NY 10012, USA","ChIJrbkQPIVZwokRLZABuyqHmoc","Manhattan"
"Frankies (457) Spuntino","Brooklyn",40.6773861,-73.99815,"457 Court St, Brooklyn, NY 11231, USA","ChIJm7uvMfZawokRNR0XRCotzWY","Carroll Gardens"
"Ortobello's","Brooklyn",40.6142861,-73.9807222,"6401 Bay Pkwy, Brooklyn, NY 11204, USA","ChIJGVsYUuBEwokRHsFR2Poibfk","Mapleton"
"LaRina Pastificio & Vino","Brooklyn",40.6933422,-73.970422,"387 Myrtle Ave, Brooklyn, NY 11205, USA","ChIJweAtELhbwokRO1AexCvuRo0","Clinton Hill"
"Adrienne's","Queens",40.5973398,-73.819623,"25 Van Brunt Rd, Queens, NY 11693, USA","ChIJe4j4G9ZpwokR8CBPcLU44Sk","Broad Channel"
"Fausto","Brooklyn",40.6759544,-73.9718911,"348 Flatbush Ave, Brooklyn, NY 11238, USA","ChIJh0UvcqhbwokRSLfJGK9kNDg","Park Slope"
"Tra Di Noi","Bronx",40.855011,-73.886821,"622 E 187th St, Bronx, NY 10458, USA","ChIJYYDOMof0wokRvCMy2r_-3S0","Little Italy"
"Don Angie","New York",40.7378037,-74.0020939,"103 Greenwich Ave, New York, NY 10014, USA","ChIJfxC19JVZwokRX2uKgQAL17c","Manhattan"
"Croft Alley","New York",40.7271418,-74.0031592,"210 6th Ave, New York, NY 10014, USA","ChIJe7T5FwBZwokRNWd7U6Ro2XU","Manhattan"
"Barney Greengrass","New York",40.7879654,-73.9745734,"541 Amsterdam Ave, New York, NY 10024, USA","ChIJZ996e4RYwokR2kEubU7CVhA","Manhattan"
"Superiority Burger","New York",40.726484,-73.983509,"119 Avenue A, New York, NY 10009, USA","ChIJ26fKep1ZwokRrPzNIqBj4xU","Manhattan"
"Chateau Royale","New York 10012",40.7287442,-73.9995539,"205 Thompson St, New York, NY 10012, USA","ChIJS00WIgBZwokRD50iWafkCJk","Manhattan"
"Naks","New York",40.7303138,-73.98363,"201 1st Ave, New York, NY 10003, USA","ChIJQfYrEfNZwokRFPKHZM6aH4w","Manhattan"
"Golden Diner","New York",40.7124359,-73.9940267,"123 Madison St, New York, NY 10002, USA","ChIJ1-mW-LhbwokR7Ryv5ha-gzc","Manhattan"
"Yellow Rose","New York",40.7325214,-73.9879752,"102 3rd Ave, New York, NY 10003, USA","ChIJ86Q39ndZwokRJTOUVW7RD-I","Manhattan"
"Bubby's","New York",40.719819,-74.0083829,"120 Hudson St, New York, NY 10013, USA","ChIJETquaPVZwokRVYYGSKrg4E0","Manhattan"
"S&P Lunch","New York",40.7411388,-73.9901468,"174 5th Ave, New York, NY 10010, USA","ChIJw85ZeK9ZwokRLfXj_uCbn9Q","Manhattan"
"YongChuan","New York",40.7182555,-73.9852297,"90 Clinton St, New York, NY 10002, USA","ChIJvbUxn0lZwokRJVNddw78BtY","Manhattan"
"Breakfast by Salt's Cure","New York",40.731173,-74.0044704,"27 1/2 Morton St, New York, NY 10014, USA","ChIJD5S2xrdZwokR-Co72baJxZ4","Manhattan"
"Buvette","New York",40.7326259,-74.0043284,"42 Grove St, New York, NY 10014, USA","ChIJEwHZcZNZwokR810IgyQhoZM","Manhattan"
"Café Chelsea","New York",40.7443036,-73.9967323,"218 W 23rd St, New York, NY 10011, USA","ChIJq0lehvhZwokRZvP6X-Exl88","Manhattan"
"Maison Pickle","New York",40.7869104,-73.9780313,"2315 Broadway, New York, NY 10024, USA","ChIJrapahYZYwokRdCivYmoCbJ8","Manhattan"
"Archer & Goat","New York",40.8043153,-73.948354,"187 Malcolm X Blvd, New York, NY 10026, USA","ChIJgTJM-BH2wokRQ_fz8X-eFpY","Manhattan"
"EJ's Luncheonette","New York",40.770444,-73.9597299,"1271 3rd Ave, New York, NY 10021, USA","ChIJm8GloepYwokRKQQXHlt9X9w","Manhattan"
"Golden Unicorn","New York",40.7137006,-73.997193,"18 E Broadway, New York, NY 10002, USA","ChIJXczCZSZawokRerIzds-K5e0","Manhattan"
"Red Hook Tavern","Brooklyn",40.6778606,-74.0120649,"329 Van Brunt St, Brooklyn, NY 11231, USA","ChIJv0LelZRbwokRrUvqWn_7o98","Red Hook"
"Minetta Tavern","New York",40.7299881,-74.0007016,"113 MacDougal St, New York, NY 10012, USA","ChIJeQcZlpFZwokRjoemq-_w9QA","Manhattan"
"Raoul's","New York",40.7261816,-74.0021307,"180 Prince St, New York, NY 10012, USA","ChIJBUwsto1ZwokRsW3Dy0Y1cO0","Manhattan"
"4 Charles Prime Rib","New York",40.7351398,-74.0006547,"4 Charles St, New York, NY 10014, USA","ChIJ-7AOKpRZwokRMq0XnG_eehU","Manhattan"
"Keens Steakhouse","New York",40.7507861,-73.9864611,"72 W 36th St., New York, NY 10018, USA","ChIJ5804KalZwokRzGll2Rm7nag","Manhattan"
"Lord's","New York",40.7277403,-73.9995539,"506 LaGuardia Pl, New York, NY 10012, USA","ChIJ-XcRtjdZwokRMcgZdhVjqYg","Manhattan"
"Cervo’s","New York",40.7148624,-73.9913446,"43 Canal St, New York, NY 10002, USA","ChIJp_UkrilawokRtDAS5sls7jo","Manhattan"
"Cozy Royale","Brooklyn",40.7169543,-73.9428656,"434 Humboldt St, Brooklyn, NY 11211, USA","ChIJcUYuBjVZwokR0hbpWj6d6X4","Williamsburg"
"Brindle Room","New York",40.7266629,-73.9772354,"647 E 11th St, New York, NY 10009, USA","ChIJw-k7KXZZwokRowO9lfAwuHs","Manhattan"
"Smashed","New York",40.7336244,-74.0060899,"516 Hudson St, New York, NY 10014, USA","ChIJGQ0CisJZwokROAiWyfcTDHQ","Manhattan"
"Nowon","New York",40.7253574,-73.9833014,"507 E 6th St, New York, NY 10009, USA","ChIJjReAQKxZwokRnnraeb2WJ18","Manhattan"
"Lovely’s Old Fashioned","New York",40.7603697,-73.9909505,"642 9th Ave, New York, NY 10036, USA","ChIJd4_SnFJZwokRBeuZ-YwGaUw","Manhattan"
"Gotham Burger Social Club","New York",40.7200618,-73.9876172,"131 Essex St, New York, NY 10002, USA","ChIJa9mUEgFZwokRp_ITmhqS8f4","Manhattan"
"BK Jani","Brooklyn",40.7117039,-73.9453217,"679 Grand St, Brooklyn, NY 11211, USA","ChIJhfh9rARcwokRcKDWXMwPZ4A","Williamsburg"
"Harlem Shake","New York",40.80711,-73.9463378,"100 W 124th St, New York, NY 10027, USA","ChIJ_Wfccg32wokR_0Yoxz3R9a0","Manhattan"
"Diner","Brooklyn",40.7107326,-73.9656117,"85 Broadway, Brooklyn, NY 11249, USA","ChIJvzYmKtlbwokRHye6SmfknDM","Southside"
"Saigon Social","New York",40.7215023,-73.9883776,"172 Orchard St, New York, NY 10002, USA","ChIJq3bkr95ZwokRoSMtHwaDYg0","Manhattan"
"Burger By Day","New York",40.7184644,-73.9942808,"242 Grand St, New York, NY 10002, USA","ChIJQxwXzXRZwokRZKrweM9N6ZE","Manhattan"
"Manhatta","New York",40.7079974,-74.0088826,"28 Liberty St 60th floor, New York, NY 10005, USA","ChIJoTXWl8dbwokRpKA2BJFVsGA","Manhattan"
"Kingston Tropical Bakery","New York",40.8885385,-73.8598498,"4000 White Plains Rd, Bronx, NY 10466, USA","ChIJw6NziCPzwokRD7sxSS9kjbk","East Bronx"
"Beto's Carnitas & Guisados","New York",40.7193634,-73.985112,"69 Clinton St Store front A, New York, NY 10002, USA","ChIJ__HrhXpZwokRncS-QOxBZTQ","Manhattan"
"Handmade Dumpling","Flushing",40.7642581,-73.8282469,"35-46 Union St, Flushing, NY 11354, USA","ChIJc3fA7hpgwokRtwcnCKd5-TU","Flushing"
"Gena's Grill","New York",40.7303993,-73.9830392,"210 1st Ave, New York, NY 10009, USA","ChIJG8ro_51ZwokRgVH4KG-IN4g","Manhattan"
"Great NY Noodletown","New York",40.7150213,-73.997071,"28 Bowery, New York, NY 10013, USA","ChIJxxUYUyZawokRl_nFS_dkwio","Manhattan"
"Bolivian Llama Party","New York",40.7393493,-73.9207462,"44-14 48th Ave, Woodside, NY 11377, USA","ChIJ4T48ovNfwokRzcUcEojz55M","Woodside"
"Tlayuda Oaxaqueña Sr San Pablo","New York",40.7498979,-73.8628237,"102-25 Roosevelt Ave, Corona, NY 11368, USA","ChIJDeBxpu5fwokRYOX16MtAN_s","Corona"
"Huli Huli","New York",40.7199574,-73.9849,"43 Clinton St, New York, NY 10002, USA","ChIJjadZdyhZwokRVDLSeJj69ms","Manhattan"
"Caravan Chicken","New York",40.7605556,-73.9219444,"35-01 Broadway, Astoria, NY 11106, USA","ChIJWxsEMDpfwokRFmKpXBvEaWI","Astoria"
"Yi Ji Shi Mo","New York",40.7181923,-73.9957473,"88 Elizabeth St, New York, NY 10013, USA","ChIJb7sfoNNZwokR1Zu1zyYbu5I","Manhattan"
"Nepali Bhanchha Ghar","Jackson Heights",40.7471014,-73.8909012,"74-15 Roosevelt Ave, Jackson Heights, NY 11372, USA","ChIJd06GLQdfwokRQunm5arxBcM","Jackson Heights"
"A-Pou's Taste","Brooklyn",40.7132347,-73.9361514,"963 Grand St, Brooklyn, NY 11211, USA","ChIJjUd-rVRZwokRPgRQp93WlGc","East Williamsburg"
"Ly Ly Vietnam Cookhouse","New York",40.77429,-73.9537196,"306 E 81st St, New York, NY 10028, USA","ChIJ2VQUARFZwokRjSMEcK4rT1s","Manhattan"
"Don Udon","New York",40.6741079,-73.9571529,"634 Park Pl, Brooklyn, NY 11238, USA","ChIJJx0KbQBbwokRgFw60jHQQIM","Crown Heights"
"Kolachi","New York",40.7273481,-73.9851925,"130 1st Ave, New York, NY 10009, USA","ChIJE9-34BVZwokRK1GcliJHEt4","Manhattan"
"Trinidad Golden Place Restaurant","Brooklyn",40.6718295,-73.9505731,"788 Nostrand Ave, Brooklyn, NY 11216, USA","ChIJGVEMeZ1bwokRfrp4C8fjtgI","Crown Heights"
"Lechonera La Isla","New York",40.8027877,-73.9341159,"254 E 125th St, New York, NY 10035, USA","ChIJGd3ajuH1wokR_cYkhuxNa6I","Manhattan"
"Kong Sihk Tong","Flushing",40.7549092,-73.8278786,"42-35 Main St #1A, Flushing, NY 11355, USA","ChIJgU-BFjNhwokRBF8gbHIUSoU","Flushing"
"Claudy's Kitchen","The Bronx",40.889765,-73.898532,"5981 Broadway, Bronx, NY 10471, USA","ChIJCZnKPDr0wokRCxuIYHQLFRU","Fieldston"
"The Weekender","New York",40.7444146,-73.9107327,"41-46 54th St, Woodside, NY 11377, USA","ChIJBQZ1LhdfwokRu1c3RL3WYAc","Woodside"
"Lei","New York",40.714595,-73.998267,"15-17 Doyers St, New York, NY 10013, USA","ChIJX97UMwBbwokRIFRlD1YzSRc","Manhattan"
"Bridges","New York",40.7140307,-73.9980719,"9 Chatham Square, New York, NY 10038, USA","ChIJ5Q8Bl1NbwokRjuIXKz8OfRQ","Manhattan"
"Kafana","New York",40.7243198,-73.9784447,"116 Loisaida Ave, New York, NY 10009, USA","ChIJoRWJ3XlZwokRG88-orPcMUc","Manhattan"
"Raf's","New York",40.7246816,-73.9931371,"290 Elizabeth St, New York, NY 10012, USA","ChIJJU-UWk1ZwokRklDKrZ_9EZE","Manhattan"
"El Quijote","New York",40.744545,-73.9969322,"226 W 23rd St, New York, NY 10011, USA","ChIJkZePoHtZwokR0FsTkwOF_lU","Manhattan"
"Maison Premiere","Brooklyn",40.7142687,-73.9616646,"298 Bedford Ave, Brooklyn, NY 11249, USA","ChIJW_WGT2BZwokRNpvZ4k3lVcs","Williamsburg"
"Inga's Bar","Brooklyn",40.7000387,-73.9937693,"66 Hicks St, Brooklyn, NY 11201, USA","ChIJP6l_znFbwokRpT1_G9i2i_Y","Brooklyn Heights"
"Saint Urban","New York",40.738836,-73.9884478,"43 E 20th St, New York, NY 10003, USA","ChIJh7rW8llZwokR6yEA3sRVYlQ","Manhattan"
"Huda","Brooklyn",40.7150557,-73.9477302,"312 Leonard St, Brooklyn, NY 11211, USA","ChIJXfTHzwpZwokRxTuXkKcvoGo","Williamsburg"
"Montero","New York",40.6913741,-73.9978995,"73 Atlantic Ave, Brooklyn, NY 11201, USA","ChIJe6d6TERawokRw5jEzIqswwg","Brooklyn Heights"
"The Palace","New York",40.725445,-73.9446475,"206 Nassau Ave, Brooklyn, NY 11222, USA","ChIJjbkLpBhZwokRBROS15xVRlM","Greenpoint"
"Lucinda's","New York",40.7283407,-73.9821982,"169 Avenue A, New York, NY 10009, USA","ChIJjUkOxEVZwokR4rb65xB6ziE","Manhattan"
"Damballa","New York",40.6981183,-73.9368944,"895 Broadway, Brooklyn, NY 11206, USA","ChIJNZBXVQBbwokRjsmXuvq8gPw","Bushwick"
"Schmuck","New York",40.726376,-73.9864745,"97 1st Ave, New York, NY 10003, USA","ChIJq2X9dwBZwokRdlXSC222znQ","Manhattan"
"Xanadu Roller Arts","New York",40.7064593,-73.9214235,"262 Starr St, Brooklyn, NY 11237, USA","ChIJuSehlLJdwokRpCw1h7U-OFA","Bushwick"
"Desert 5 Spot","New York",40.7216857,-73.9584215,"94 Wythe Ave, Brooklyn, NY 11249, USA","ChIJ03k3fwBZwokRpVctTSPAObg","Williamsburg"
"Barcelona Bar","New York",40.7653306,-73.9841508,"923 8th Ave, New York, NY 10019, USA","ChIJte5SHFhYwokRV50VmHOsjYM","Manhattan"
"Carousel","New York",40.7058463,-73.9221354,"36 Wyckoff Ave, Brooklyn, NY 11237, USA","ChIJS3GApRNdwokRQ5wdnB5qpDA","Bushwick"
"Jeremy's Ale House","New York",40.707772,-74.00215,"228 Front St, New York, NY 10038, USA","ChIJ8fd4uDxawokRcLenrYjJdbg","Manhattan"
"Please Tell Me","New York",40.7146512,-73.9440704,"749 Metropolitan Ave, Brooklyn, NY 11211, USA","ChIJSy4_U79ZwokRa4eBOYNzvl8","Williamsburg"
"Upstairs at Public Records","New York",40.6822675,-73.9863983,"233 Butler St, Brooklyn, NY 11217, USA","ChIJKb2SuKFbwokRyORCT_Xtf_s","Gowanus"
"Chim Chim","New York",40.7350772,-73.9803308,"352 E 20th St, New York, NY 10003, USA","ChIJt-w9bQBZwokRhJaVYXFxEg4","Manhattan"
"Kora","New York",40.7418841,-73.9194207,"45-12 Greenpoint Ave, Sunnyside, NY 11104, USA","ChIJ0eOYid9ZwokRYzEYEHh70nM","Sunnyside"
"Kuih Cafe","New York",40.7159217,-73.9929386,"46 Eldridge St, New York, NY 10002, USA","ChIJQ3RUaiFbwokRfg3fJ4rdgf8","Manhattan"
"Xin Fa Bakery","Brooklyn",40.6372443,-74.0073881,"5617 8th Ave, Brooklyn, NY 11220, USA","ChIJYT0DY0pFwokRBzS237DmqoI","Sunset Park"
"YuanYang Dessert","New York",40.7598214,-73.8326264,"38-14 Prince St, Flushing, NY 11354, USA","ChIJcUu8lb5hwokRu5SLLVKN3wU","Flushing"
"Kape't Torta","Queens",40.7375757,-73.8795683,"83-13 Queens Blvd, Elmhurst, NY 11373, USA","ChIJ8x4AjfxfwokRkTyOvP3m98U","Elmhurst"
"Patisserie Tomoko","Brooklyn",40.7177778,-73.9519444,"568 Union Ave, Brooklyn, NY 11211, USA","ChIJBy4UlltZwokR3Lo6DCC9r_A","Williamsburg"
"Lady Wong","New York",40.7285086,-73.9861516,"332 E 9th St, New York, NY 10003, USA","ChIJB7MDsmJZwokRke4QTDDokko","Manhattan"
"Duo Cafe","New York",40.7274267,-73.9899242,"223 E 5th St, New York, NY 10003, USA","ChIJ7WHiw8NZwokRcBER8ZksOJk","Manhattan"
"Justin's Salt Bread","New York",40.7256492,-73.9893805,"58 2nd Ave, New York, NY 10003, USA","ChIJTRjLT6VZwokRsag3W1ufORU","Manhattan"
"Me-Do Desserts","Brooklyn",40.6038314,-73.9975717,"3 Bay 25th St, Brooklyn, NY 11214, USA","ChIJMw2rfudFwokRSsI9rG2Q6fI","Bath Beach"
"Lysée","Gramercy Park",40.7391283,-73.9881953,"44 E 21st St, New York, NY 10010, USA","ChIJw9h8wGpZwokRitJrDNaSqrg","Manhattan"
"Fong On","New York",40.7141916,-73.9937476,"81 Division St, New York, NY 10002, USA","ChIJQaJeJexbwokR3tRvK_apU4A","Manhattan"
"Khao Nom","Elmhurst",40.7432529,-73.8880529,"42-06 77th St, Elmhurst, NY 11373, USA","ChIJ0Yv6kKpfwokRClgh7lUYbeQ","Elmhurst"
"Spongies Cafe","New York",40.7179819,-73.9988194,"121 Baxter St, New York, NY 10013, USA","ChIJVSOf0WxZwokR2FLJTrs2AsI","Manhattan"
"Grace Street Cafe","New York",40.747819,-73.9865153,"17 W 32nd St, New York, NY 10001, USA","ChIJ9Sto4ahZwokRXpWiQYiOOOo","Manhattan"
"Keki Modern Cakes","New York",40.7164933,-73.998082,"79 Mott St, New York, NY 10013, USA","ChIJc7WndCdawokRbiQANHIchnI","Manhattan"
"Croffle House","Flushing",40.7630067,-73.8148305,"40-17 149th Pl, Flushing, NY 11354, USA","ChIJhQt4tVphwokRroYQGepZfn0","Flushing"
"Sarisa Cafe","New York",40.7571349,-73.9677464,"243 E 53rd St 2nd floor, New York, NY 10022, USA","ChIJOUvM4khZwokRq_jlqZmdi84","Manhattan"
"Yeh's Bakery","Flushing",40.7457503,-73.825803,"57-25 Main St, Flushing, NY 11355, USA","ChIJfZzv625gwokRQO0ifikb_Uc","Flushing"
"Kidilum","Flatiron District",40.7411738,-73.9921494,"31 W 21st St, New York, NY 10010, USA","ChIJN6uv0m9ZwokRy9oCyqsaWpU","Manhattan"
"Cosme","Flatiron",40.7395952,-73.9883564,"35 E 21st St, New York, NY 10010, USA","ChIJT-gYZKFZwokR7O8LLYuYMjU","Manhattan"
"Hawksmoor NYC","New York",40.7395356,-73.9863884,"109 E 22nd St, New York, NY 10010, USA","ChIJZdEAC9VZwokRsUEVh2RGIoE","Manhattan"
"Jua","New York",40.7396779,-73.9878514,"36 E 22nd St, New York, NY 10010, USA","ChIJfTgbIE9ZwokRdRjFE2OMZN8","Manhattan"
"Oiji Mi","New York",40.7396687,-73.9924795,"17 W 19th St, New York, NY 10011, USA","ChIJee0VTWZZwokRDYFpAoConlw","Manhattan"
"Coqodaq","New York",40.7400559,-73.9887467,"12 E 22nd St, New York, NY 10010, USA","ChIJp-hnIhNZwokRq1FijMduZrM","Manhattan"
"Rezdôra","New York",40.739083,-73.989044,"27 E 20th St, New York, NY 10003, USA","ChIJDdKSyCVZwokR-9svvc9YDFo","Manhattan"
"Mari","New York",40.761534,-73.9906541,"679 9th Ave, New York, NY 10036, USA","ChIJk_HUw2dZwokR_zqBwmFDHgo","Manhattan"
"abcV","New York",40.7379803,-73.9892841,"38 E 19th St, New York, NY 10003, USA","ChIJxXrbJaJZwokRAAEnPk3AJh4","Manhattan"
"Upland","New York",40.7418515,-73.9849554,"345 Park Ave S, New York, NY 10010, USA","ChIJWVD7FadZwokRs_pS6XY7VOU","Manhattan"
"Passerine","New York",40.7385115,-73.988664,"36 E 20th St, New York, NY 10003, USA","ChIJNz2NYnNZwokRmpUsT-iz-ZE","Manhattan"
"Stretch Pizza","New York",40.7410247,-73.9854036,"331 Park Ave S, New York, NY 10010, USA","ChIJETw36R9ZwokRmPYazyfvpZ4","Manhattan"
"C. Di Palo Wine Bar","New York",40.7193751,-73.9964804,"151 Mott St, New York, NY 10013, USA","ChIJ7-up5Q5ZwokRggzXc71DxmU","Manhattan"
"Parisi Bakery","New York",40.7210872,-73.9954941,"198 Mott St, New York, NY 10012, USA","ChIJUekTvYhZwokRkaWEMslVxkw","Manhattan"
"Ceres Pizza","New York",40.7197165,-73.9960592,"164 Mott St, New York, NY 10013, USA","ChIJb6qAbrNZwokRg4_SLLcih-A","Manhattan"
"Rubirosa","New York",40.7227383,-73.9961347,"235 Mulberry St, New York, NY 10012, USA","ChIJs8MdNo9ZwokRTPUHiArLC-o","Manhattan"
"Pasquale Jones","New York",40.7211057,-73.9968889,"187 Mulberry St, New York, NY 10012, USA","ChIJk-Ggw4hZwokRFn8ZTN9E2RI","Manhattan"
"Il Cortile","New York",40.7179835,-73.9982316,"125 Mulberry St, New York, NY 10013, USA","ChIJOQ8A1IlZwokRd4ZMRvOMQ3o","Manhattan"
"Figo Il Gelato Italiano","New York",40.7206817,-73.9966157,"178 Mulberry St, New York, NY 10012, USA","ChIJT0kl7ohZwokRCCCEkTgCPMs","Manhattan"
"Gelso & Grand","New York",40.7195839,-73.9973403,"186 Grand St, New York, NY 10013, USA","ChIJS3EpUohZwokReLFKxxE_zKE","Manhattan"
"Ferrara Bakery & Cafe","New York",40.7190779,-73.9970913,"195 Grand St, New York, NY 10013, USA","ChIJTy8URohZwokRB9YYYDHYBKM","Manhattan"
"Da Nico","New York",40.7196823,-73.9970643,"164 Mulberry St, New York, NY 10013, USA","ChIJkwvCUIhZwokRBOF1SVW2DH8","Manhattan"
"Caffé Roma","New York",40.720231,-73.9967999,"385 Broome St, New York, NY 10013, USA","ChIJd0rS8IhZwokRenSFGigBbU0","Manhattan"
"Charles Pan-Fried Chicken","New York",40.8125734,-73.9552005,"439 W 125th St, New York, NY 10027, USA","ChIJgZ9BHmX3wokRbTO_1t6253k","Manhattan"
"Noz Market","New York",40.773822,-73.9579557,"1374 3rd Ave, New York, NY 10075, USA","ChIJdbHkHtJZwokRDWARlBEgBMA","Manhattan"
"Cafe Commerce","New York",40.7694419,-73.9632635,"964 Lexington Ave, New York, NY 10021, USA","ChIJpRJxMZFZwokRuAIdqebbohg","Manhattan"
"Abuqir","Astoria",40.7684787,-73.9110867,"24-19 Steinway St, Astoria, NY 11103, USA","ChIJLfbhP2pfwokRvwGbpdfqH8Q","Astoria"
"Gallaghers","New York",40.7628486,-73.9838549,"228 W 52nd St, New York, NY 10019, USA","ChIJFQ55zVdYwokRUyAEIvUGfHw","Manhattan"
"Le Bernardin","New York 10019",40.7614218,-73.9817558,"155 W 51st St, New York, NY 10019, USA","ChIJV7QQ6kdZwokRax4615zpSGU","Manhattan"
"Sky Pavilion","New York 10036",40.7580097,-73.9908378,"325 W 42nd St, New York, NY 10036, USA","ChIJAXoJdQBZwokRmc14ZZhY1l8","Manhattan"
"Grand Central Oyster Bar","Manhattan",40.7524823,-73.9774311,"89 E 42nd St, New York, NY 10017, USA","ChIJR9legAFZwokRa1s5gcFXPZw","Manhattan"
"Nepali Bhanchha Ghar","New York 11372",40.7471014,-73.8909012,"74-15 Roosevelt Ave, Jackson Heights, NY 11372, USA","ChIJd06GLQdfwokRQunm5arxBcM","Jackson Heights"
"Hyderabadi Zaiqa","New York 10016",40.7448906,-73.9811604,"184 Lexington Ave, New York, NY 10016, USA","ChIJjV-YTgBZwokRVeWJgF_z7eE","Manhattan"
"Zaab Zaab","Elmhurst",40.7432642,-73.8886608,"76-04 Woodside Ave, Elmhurst, NY 11373, USA","ChIJSR84V9NfwokRqv7h7RV5z9k","Elmhurst"
"Chama Mama","Manhattan",40.7384413,-73.9988997,"149 W 14th St, New York, NY 10011, USA","ChIJp4h8O45ZwokRiZ6Zhg0hV8M","Manhattan"
"Hamburger America","NY 10012",40.7280142,-74.0025767,"155 W Houston St, New York, NY 10012, USA","ChIJF8menphZwokR09y2oKUn8HQ","Manhattan"
"Adda","New York 10003",40.7268627,-73.9862514,"107 1st Ave, New York, NY 10003, USA","ChIJKcCXHydZwokRNCwATmPZsgM","Manhattan"
"Balthazar","New York",40.722668,-73.9982298,"80 Spring St, New York, NY 10012","ChIJt7fMLIlZwokRCRtM9bNDg78","Manhattan"
"Una Pizza Napoletana","New York",40.7217573,-73.9886214,"175 Orchard St, New York, NY 10002, USA","ChIJAbYL-YNZwokRIfs6jgmbXqg","Manhattan"
"Filé Gumbo Bar","New York",40.718491,-74.0048398,"275 Church St, New York, NY 10013, USA","ChIJTeT7fTxbwokRdPDRDrqWjyM","Manhattan"
"Sunn’s","New York",40.714377,-73.9909737,"139 Division St, New York, NY 10002, USA","ChIJJbrdCQBbwokR0msB9eFOzEE","Manhattan"
"Ernesto's","New York",40.7142731,-73.9854371,"259 E Broadway, New York, NY 10002, USA","ChIJyaTH_pRbwokRp4SVDyxdALw","Manhattan"
"Rolo's","Queens",40.7019431,-73.903537,"8-53 Onderdonk Ave, Ridgewood, NY 11385, USA","ChIJWUhoPQhdwokRYsDwo5qMnMU","Ridgewood"
"Al Badawi","Brooklyn",40.6906407,-73.9950026,"151 Atlantic Ave, Brooklyn, NY 11201, USA","ChIJL_1fstBbwokRVaeht7CPayA","Brooklyn Heights"
"Café Carmellini","New York 10001",40.744913,-73.9875253,"250 5th Ave, New York, NY 10001, USA","ChIJb7CqrvpZwokRFeC0MqXi7ys","Manhattan"
"Park Side","NY 11368",40.7438348,-73.8560934,"107-01 Corona Ave., Corona, NY 11368, USA","ChIJi92ZUM5fwokRekBGVkRa6jw","Corona"
"Monte’s Trattoria","New York",40.7295395,-74.0010016,"97 MacDougal St, New York, NY 10012, USA","ChIJORz6I5JZwokRJG6OtuIZLiU","Manhattan"
"Bamonte’s","Brooklyn",40.7166048,-73.9512389,"32 Withers St, Brooklyn, NY 11211, USA","ChIJxRbhJZbmXIgRXq5i2VErjJ4","Williamsburg"
"Cafe Spaghetti","Brooklyn",40.6840866,-74.0024577,"126 Union St, Brooklyn, NY 11231, USA","ChIJYbpEwr5bwokR46uCQtL8Kmg","Columbia Street Waterfront District"
"Daphne's","Brooklyn",40.6830325,-73.9411454,"299 Halsey St, Brooklyn, NY 11216, USA","ChIJhdx5XYZbwokRiPjDzj6xOQA","Bedford-Stuyvesant"
"Al Di La","New York 11215",40.6753101,-73.9814311,"248 5th Ave, Brooklyn, NY 11215, USA","ChIJpcjScgBbwokR8tFzxMCfFqM","Park Slope"
"Lenny’s Clam Bar","Howard Beach",40.6557025,-73.8386927,"161-03 Cross Bay Blvd, Howard Beach, NY 11414, USA","ChIJJZUbfH9nwokRB4PiUl_hUls","Howard Beach"
"Sushi of Gari Upper West Side","New York",40.7811711,-73.9763398,"370 Columbus Ave, New York, NY 10024, USA","ChIJRf0k0Y5YwokR7hh2IBTl3LY","Manhattan"
"Sushi Ishikawa","New York",40.7688801,-73.9540789,"419 E 74th St, New York, NY 10021, USA","ChIJ9brg0cBYwokRxWwvwC-cG30","Manhattan"
"Double Knot","New York",40.7599437,-73.9821247,"1251 6th Ave, New York, NY 10020, USA","ChIJrcP9l6hZwokRzqFjNPPWXzw","Manhattan"
"Jōji and Jōji Box","NY 10016",40.7530825,-73.9786543,"1 Vanderbilt Ave, New York, NY 10017, USA","ChIJBchQ93pZwokR5AtYEzo6p1o","Manhattan"
"Sushi Yasuda","New York",40.7511139,-73.9735083,"204 E 43rd St, New York, NY 10017, USA","ChIJ0Zb6HANZwokRnGIntPyqjLQ","Manhattan"
"Sushi Sho","New York",40.7526643,-73.9807136,"3 E 41st St, New York, NY 10017, USA","ChIJT_JHTgFZwokRXleXHadsVaE","Manhattan"
"Noz 17","New York",40.7438296,-74.0065518,"458 W 17th St, New York, NY 10011, USA","ChIJT4q4QIFZwokRs1nRu7_ckVI","Manhattan"
"Saishin at Gansevoort Meatpacking","New York 10014",40.7397494,-74.0058121,"18 9th Ave, New York, NY 10014, USA","ChIJe4mGMCdZwokRFII2GCJ_HPA","Manhattan"
"Kanoyama","New York",40.7306669,-73.9864792,"175 2nd Ave, New York, NY 10003, USA","ChIJQzryKJxZwokRYH9Qt5wh3ZY","Manhattan"
"Blue Ribbon Sushi and Sake","New York 10014",40.7291273,-74.0039599,"34 Downing St, New York, NY 10014, USA","ChIJkSzaOlZZwokRyqFI9Uj1brc","Manhattan"
"Yoshino","New York",40.7262286,-73.9921624,"342 Bowery, New York, NY 10012, USA","ChIJ6WTjLENZwokRsU3IurxvnCI","Manhattan"
"Bar Miller","New York",40.7239629,-73.980822,"620-622 E 6th St, New York, NY 10009, USA","ChIJoXWHAlJZwokRVBsijjIYQoQ","Manhattan"
"SourAji","New York 10009",40.7221675,-73.9831145,"23 Avenue B, New York, NY 10009, USA","ChIJOw7xqgZZwokRO2ReYlnHxJw","Manhattan"
"Nakaji","New York",40.7157817,-73.9966686,"48 Bowery, New York, NY 10013, USA","ChIJX20rB1VbwokRM2mtS1kd9u0","Manhattan"
"Ito","New York",40.7130854,-74.01014,"75 Barclay St, New York, NY 10007, USA","ChIJiW_7kM9bwokR9qMrG4XITL8","Manhattan"
"Cafe Sabarsky","New York",40.7812357,-73.9602568,"1048 5th Ave, New York, NY 10028, USA","ChIJ01_9-ZdYwokR7iv7XpkKAic","Manhattan"
"Animo!","New York 10022",40.7567764,-73.9668003,"1004 2nd Ave, New York, NY 10022, USA","ChIJZf0rfQBZwokRvRHby7vh1js","Manhattan"
"The Noortwyck","New York",40.7321673,-74.0032725,"289 Bleecker St, New York, NY 10014, USA","ChIJ6wJ-in5ZwokRRuY3ZKS6BOA","Manhattan"
"Bar Mercer","New York 10012",40.7256816,-73.9979265,"25 W Houston St, New York, NY 10012, USA","ChIJYzSbTY5ZwokReIFvBOGExus","Manhattan"
"Three Decker Diner","NY 11222",40.7252414,-73.9518345,"695 Manhattan Ave, Brooklyn, NY 11222, USA","ChIJ3y9iO0RZwokRaLrvVqWhveo","Greenpoint"
"Little Fino","New York 11249",40.7220606,-73.9568097,"111 N 12th St, Brooklyn, NY 11249, USA","ChIJbXxKVwBZwokR6KKerL3z96k","Greenpoint"
"The Otter","New York 10012",40.7240253,-74.0031179,"58 Thompson St, New York, NY 10012, USA","ChIJl5_OCABZwokRkvjEfEkyuZo","Manhattan"
"House of Joy","New York",40.7150183,-73.9984912,"28 Pell St, New York, NY 10013, USA","ChIJ-eS_PhdbwokRjlCFlhmIGdU","Manhattan"
"Kellogg’s Diner","Brooklyn",40.7138767,-73.9518254,"518 Metropolitan Ave, Brooklyn, NY 11211, USA","ChIJIccpGllZwokRx0BsEyyeQg4","Williamsburg"
"Baby Blues Luncheonette","Brooklyn",40.7072829,-73.9457867,"97 Montrose Ave, Brooklyn, NY 11206, USA","ChIJmz3KmbZbwokRRlxIMTmD00Q","Southside"
"Smør","New York 11221",40.6826191,-73.9609604,"26 Putnam Ave, Brooklyn, NY 11238, USA","ChIJid6BdwBbwokRe3HVRa9K1VE","Clinton Hill"
"Gertrude’s","New York 11238",40.6790422,-73.9715398,"605 Carlton Ave, Brooklyn, NY 11238, USA","ChIJnRyRtUBbwokR4veV9Er_PAU","Prospect Heights"
"Mike’s Bagels","New York",40.8413269,-73.9398956,"4003 Broadway, New York, NY 10032, USA","ChIJywU5Rpz2wokRrCT1IXstAz4","Manhattan"
"BO’s Bagels","New York",40.804197,-73.954091,"235 W 116th St, New York, NY 10026, USA","ChIJZURcthb2wokRkboWBiPH0vE","Manhattan"
"Bagel Talk","New York",40.7823356,-73.9791994,"368 Amsterdam Ave, New York, NY 10024","ChIJr5Bi5YhYwokRDnvdHJ_Czks","Manhattan"
"Utopia Bagels","Whitestone",40.7802213,-73.7937406,"19-09 Utopia Pkwy, Whitestone, NY 11357, USA","ChIJzQo92mGKwokRKkozpRqTV-g","Whitestone"
"Tal Bagels","NY 10028",40.777724,-73.957075,"1228 Lexington Ave, New York, NY 10028, USA","ChIJGQrMsL1YwokRsIY9ySySEoA","Manhattan"
"Bagels & Co.","New York",40.7692734,-73.951712,"1428 York Ave, New York, NY 10021, USA","ChIJWVzGIptZwokRiqfqoWYhnGE","Manhattan"
"Between the Bagel NY","NY 11102",40.7668301,-73.9207233,"31-13 30th Ave., Astoria, NY 11102, USA","ChIJN3cjcUdfwokRXhubFnKEnWA","Astoria"
"Gourmet Bagel","New York 10065",40.7662743,-73.9654147,"874 Lexington Ave, New York, NY 10065, USA","ChIJmb7MSulYwokR7nq1BSYExfU","Manhattan"
"Hudson Bagel","New York",40.7620672,-73.9903719,"691 9th Ave, New York, NY 10036, USA","ChIJDwDR4SdZwokRh7W5U9HOtds","Manhattan"
"Brooklyn Bagel & Coffee Company","NY 11106",40.7604618,-73.9218864,"35-05 Broadway, Astoria, NY 11106, USA","ChIJDz5UMDpfwokRtNQ3_8sTyk4","Astoria"
"Bagels & Schmear","New York",40.7429217,-73.9833436,"116 E 28th St, New York, NY 10016, USA","ChIJ1eONgadZwokROMmId09lozY","Manhattan"
"Ark Bagels","New York 10011",40.7406775,-74.0014821,"110 8th Ave, New York, NY 10011, USA","ChIJ-zq-bBRZwokRINj7A2GExAo","Manhattan"
"Murray’s Bagels","New York",40.7363806,-73.9972889,"500 6th Ave, New York, NY 10011, USA","ChIJw94eyZdZwokRIFFh8Jtcoa8","Manhattan"
"Ess-a-Bagel","NY 10009",40.7342604,-73.9800402,"324 1st Ave, New York, NY 10009, USA","ChIJw1tqJgtZwokRqQLff0JEDQU","Manhattan"
"Bagels on the Square","New York",40.7305426,-74.0021742,"7 Carmine St, New York, NY 10014, USA","ChIJjViNSpJZwokRxwSuswyv974","Manhattan"
"Bagel Joint","New York 11222",40.7290073,-73.9503164,"230 Calyer St, Brooklyn, NY 11222, USA","ChIJeReeIQBZwokRg6UwA8kjgZo","Greenpoint"
"Apollo Bagels","New York 10003",40.7287547,-73.9847935,"242 E 10th St, New York, NY 10003, USA","ChIJ70FfawBZwokR0OHOmiwNIIc","Manhattan"
"Popup Bagels","New York 10012",40.7279221,-74.0002529,"177 Thompson St, New York, NY 10012, USA","ChIJJ4WSJoZZwokRJVJJaTVLn1o","Manhattan"
"Bagels for You","Forest Hills",40.723675,-73.847744,"104-41 Queens Blvd, Forest Hills, NY 11375, USA","ChIJu4U5x55gwokRHgCRmzD9ynE","Forest Hills"
"Bagel Pub","Brooklyn",40.6722332,-73.9571291,"775 Franklin Ave, Brooklyn, NY 11238, USA","ChIJGbenfXVbwokRhF8snm75KhE","Crown Heights"
"Shelsky’s Brooklyn Bagels","Brooklyn",40.6695364,-73.9890841,"453 4th Ave, Brooklyn, NY 11215, USA","ChIJBdNzqXhbwokRGA3XxRLir3A","Park Slope"
"Russ & Daughters","Lower East Side",40.7225803,-73.9883134,"179 E Houston St, New York, NY 10002, USA","ChIJ7VEEjYNZwokRS0bdsXA3uyg","Manhattan"
"Katz's Delicatessen","Lower East Side",40.722233,-73.987429,"205 E Houston St, New York, NY 10002, USA","ChIJCar0f49ZwokR6ozLV-dHNTE","Manhattan"
"Peter Luger","Williamsburg",40.7098774,-73.9625052,"178 Broadway, Brooklyn, NY 11211, USA","ChIJR_bK295bwokR8gM6QgEdmkY","Southside"
"Eleven Madison Park","Flatiron",40.7416519,-73.9872353,"11 Madison Ave, New York, NY 10010, USA","ChIJEWbXz6ZZwokRLKmKrtPfVFY","Manhattan"
"Le Bernardin","Midtown West",40.7614218,-73.9817558,"155 W 51st St, New York, NY 10019, USA","ChIJV7QQ6kdZwokRax4615zpSGU","Manhattan"
"Daniel","Upper East Side",40.7668083,-73.9675769,"60 E 65th St, New York, NY 10065, USA","ChIJ09ZGju5YwokRXOcNC23JRwk","Manhattan"
"Per Se","Columbus Circle",40.7682178,-73.9828988,"10 Columbus Cir, New York, NY 10019, USA","ChIJp3PsL_ZYwokRZYqs_40RJF4","Manhattan"
"Atomix","Murray Hill",40.7442317,-73.9828502,"104 E 30th St, New York, NY 10016, USA","ChIJ3bmAHghZwokRRXYO57yLuss","Manhattan"
"Estela","NoLita",40.7246413,-73.994739,"47 E Houston St 1st floor, New York, NY 10012, USA","ChIJf3f-f4VZwokRcBCEciTOGRQ","Manhattan"
"Marea","Columbus Circle",40.7674251,-73.9811137,"240 Central Park S, New York, NY 10019, USA","ChIJvWSDS_ZYwokRiG9D395loxo","Manhattan"
"Dirt Candy","Lower East Side",40.7178611,-73.9907054,"86 Allen St, New York, NY 10002, USA","ChIJBXlte51ZwokRXzXtdaBG9xM","Manhattan"
"Llama Inn","Williamsburg",40.7166429,-73.9505713,"50 Withers St, Brooklyn, NY 11211, USA","ChIJD6vUMlpZwokRSFeGSBW_gvU","Williamsburg"
"Atoboy","NoMad",40.7436565,-73.9844859,"43 E 28th St, New York, NY 10016, USA","ChIJZ-xpvadZwokRGVsoX2gW38s","Manhattan"
"Icca","New York",40.7143008,-74.0076845,"20 Warren St, New York, NY 10007, USA","ChIJyRIhC_dbwokRqGoh89KPQME","Manhattan"
"Chambers","New York",40.7145903,-74.0075468,"94 Chambers St #1, New York, NY 10007, USA","ChIJ43KaxzxbwokRVjbWT05nZ_M","Manhattan"
"Atera","New York",40.7169003,-74.0055631,"77 Worth St, New York, NY 10013, USA","ChIJ_Y7rMCBawokR0mnRmN5kL2o","Manhattan"
"Farra","New York",40.7170313,-74.0056975,"71 Worth St, New York, NY 10013, USA","ChIJYw5z8rhbwokRvlPiJa21fuI","Manhattan"
"Huso","New York",40.7173663,-74.0105217,"323A Greenwich St, New York, NY 10013, USA","ChIJJy7oGqZZwokReiM-H1qtHYs","Manhattan"
"Jungsik New York","New York",40.7188267,-74.0090751,"2 Harrison St, New York, NY 10013, USA","ChIJpSTN0R9awokRI29rK_SfbeA","Manhattan"
"Tamarind","New York",40.7190883,-74.0089129,"99 Hudson St, New York, NY 10013, USA","ChIJ6Vva1h9awokRXw_JSQ_x6y4","Manhattan"
"One White Street","New York",40.7192639,-74.0059523,"1 White St, New York, NY 10013, USA","ChIJISXTwWJZwokRIok4xyMeb6g","Manhattan"
"Crown Shy","New York",40.7061962,-74.0075229,"70 Pine St, New York, NY 10005, USA","ChIJ__9LNBZawokREnkOiVx7ydc","Manhattan"
"Maison Passerelle","New York",40.7075353,-74.011648,"1 Wall St, New York, NY 10005, USA","ChIJTQ0bJiJbwokRIjq-0C-madM","Manhattan"
"Eulalie","New York",40.7195945,-74.0058452,"239 W Broadway, New York, NY 10013, USA","ChIJNUy-BJpZwokReQu-xGJe9lI","Manhattan"
"Cha Kee","New York",40.7153054,-73.998962,"43 Mott St, New York, NY 10013, USA","ChIJ60WL4SZawokRpCV_pGTfb1Y","Manhattan"
"Dim Sum Go Go","New York",40.7132926,-73.9977449,"5 E Broadway, New York, NY 10038, USA","ChIJBQwbiCZawokRak_8KefFP7M","Manhattan"
"Carne Mare","New York",40.705645,-74.0021484,"89 South St, New York, NY 10038, USA","ChIJBaD9A0ZbwokRu6ArQW3Nj1E","Manhattan"
"Yamada","New York",40.7159317,-73.9972602,"16 Elizabeth St, New York, NY 10013, USA","ChIJSdFphJdbwokRG3R5uMCxFt4","Manhattan"
"La Mercerie","New York",40.7201478,-74.0021708,"53 Howard St, New York, NY 10013, USA","ChIJ22wiSIpZwokRUmlXovJnWDI","Manhattan"
"Le Coucou","New York",40.7191167,-74.0001861,"138 Lafayette St, New York, NY 10013, USA","ChIJyw5j84lZwokRnUI_UknPSNA","Manhattan"
"Nyonya","New York",40.7190568,-73.9969181,"199 Grand St, New York, NY 10013, USA","ChIJ0VKRSIhZwokRdCKH7vdxs2o","Manhattan"
"Corima","New York",40.7146783,-73.9931228,"3 Allen St, New York, NY 10002, USA","ChIJgaiXlpNbwokRN0vlYTshs-c","Manhattan"
"Shabushabu Mayumon","New York",40.7142375,-73.9920557,"115 Division St, New York, NY 10002, USA","ChIJ3UyOrd1bwokRNqcXgYK8ALA","Manhattan"
"Wayan","New York",40.7213692,-73.9950855,"20 Spring St, New York, NY 10012, USA","ChIJm7ryTglZwokRsgnJB6CDMCo","Manhattan"
"Potluck Club","New York",40.719602,-73.9935919,"133 Chrystie St, New York, NY 10002, USA","ChIJ7yN3d6tZwokRATR9U3lAqLg","Manhattan"
"Altro Paradiso","New York",40.7254266,-74.0046926,"234 Spring St, New York, NY 10013, USA","ChIJm3rL5YxZwokRWk_MgQ_fuAk","Manhattan"
"Ma•dé","New York",40.7212979,-73.9951978,"22 Spring St Apartment 12, New York, NY 10012, USA","ChIJ63L1ISRZwokRyEGTzZ0gAZM","Manhattan"
"Comal","New York",40.7191233,-73.9921624,"116 Forsyth St, New York, NY 10002, USA","ChIJ47moWdBZwokR2Ud_ilXR05E","Manhattan"
"Tolo","New York",40.7143377,-73.9905099,"28 Canal St, New York, NY 10002, USA","ChIJQSKt-VdbwokRRPjIjPe6XEA","Manhattan"
"The River Café","Brooklyn",40.7038342,-73.9947936,"1 Water St, Brooklyn, NY 11201, USA","ChIJ2QZOdTpawokRU_eN_EPJaX8","Brooklyn Heights"
"Pinch Chinese","New York",40.7264492,-74.001798,"177 Prince St, New York, NY 10012, USA","ChIJN2iOxo1ZwokRIMdxk2LDHmM","Manhattan"
"César","New York",40.727177,-74.0077026,"333 Hudson St, New York, NY 10013, USA","ChIJeyzWYABZwokRkxhWJzFpqvU","Manhattan"
"Sushi Ikumi","New York",40.7266756,-74.0018095,"135 Sullivan St, New York, NY 10012, USA","ChIJczHrvxxZwokRQP4sZs4ahxs","Manhattan"
"Forsythia","New York",40.7225352,-73.9924919,"9 Stanton St, New York, NY 10002, USA","ChIJ6Xa02cFZwokRv_5HQ3fHoHk","Manhattan"
"Russ & Daughters Cafe","New York",40.7196181,-73.9895779,"127 Orchard St, New York, NY 10002, USA","ChIJ53yq2oZZwokRqIHSP4qZT3o","Manhattan"
"The Musket Room","New York",40.7239263,-73.9938218,"265 Elizabeth St, New York, NY 10012, USA","ChIJ3TJ4moVZwokRkyy0hZnv_RA","Manhattan"
"King","New York",40.727565,-74.003456,"18 King St, New York, NY 10014, USA","ChIJmy2pnY1ZwokRvWDMouRmdl4","Manhattan"
"Ballato","New York",40.7245528,-73.9945038,"55 E Houston St, New York, NY 10012, USA","ChIJRQqJgYVZwokRfJB16sxh1Pg","Manhattan"
"Dhamaka","New York",40.7182426,-73.9879902,"119 Delancey St, New York, NY 10002, USA","ChIJJyPbJe1ZwokRu8dDEOqAYDc","Manhattan"
"Torien","New York",40.7247436,-73.9931265,"292 Elizabeth St, New York, NY 10012, USA","ChIJ00d8thlZwokRokFYn2wZy5E","Manhattan"
"Cove","Hudson Square",40.7286836,-74.0077503,"285 W Houston St, New York, NY 10014, USA","ChIJJcBbLABZwokRoXSmVANVTkk","Manhattan"
"Carbone","New York",40.7279891,-74.0002414,"181 Thompson St, New York, NY 10012, USA","ChIJmSvG_ZFZwokRTOFeiLXzkmA","Manhattan"
"8282","New York",40.7216663,-73.988781,"84 Stanton St, New York, NY 10002, USA","ChIJNaUIchtZwokRHI8Pk3mEz1Y","Manhattan"
"Laliko","New York",40.7294493,-74.0049438,"80 Carmine St, New York, NY 10014, USA","ChIJr15tlpJZwokRG4lyRntq3cw","Manhattan"
"Le Chêne","New York",40.7295392,-74.0046474,"76 Carmine St, New York, NY 10014, USA","ChIJU27ERwBZwokRk3qhQhv3juo","Manhattan"
"Dame","New York",40.7289458,-74.0015062,"87 MacDougal St, New York, NY 10012, USA","ChIJU3gRuXpZwokRihNyTYLnc1g","Manhattan"
"C as in Charlie","New York",40.7255039,-73.9927018,"5 Bleecker St, New York, NY 10012, USA","ChIJx-bMHr1ZwokRd3i_y7F3VlE","Manhattan"
"Crevette","New York",40.7296321,-74.0026661,"10 Downing St, New York, NY 10014, USA","ChIJ94LFiGZZwokRWfbAft9eBNo","Manhattan"
"Sami & Susu","New York",40.7220866,-73.9879939,"190 Orchard St, New York, NY 10002, USA","ChIJRbqLkqFZwokR3E6d0zDKAko","Manhattan"
"MayRee","New York",40.7238424,-73.9892241,"58 E 1st St, New York, NY 10003, USA","ChIJjw0jcKJZwokRrqj91_P25w8","Manhattan"
"Atla","New York",40.7272169,-73.9939688,"372 Lafayette St, New York, NY 10012, USA","ChIJLSOKsppZwokR_j81qK3aPsM","Manhattan"
"Nami Nori","New York",40.7302914,-74.0032496,"33 Carmine St, New York, NY 10014, USA","ChIJcfbyqFNZwokRUoBP92II4c0","Manhattan"
"Katz's","New York",40.722233,-73.987429,"205 E Houston St, New York, NY 10002, USA","ChIJCar0f49ZwokR6ozLV-dHNTE","Manhattan"
"Bungalow","New York",40.7236675,-73.9879743,"24 1st Ave, New York, NY 10009, USA","ChIJxUPhRABZwokRWTa40zp_N10","Manhattan"
"63 Clinton","New York",40.719503,-73.985142,"63 Clinton St, New York, NY 10002, USA","ChIJ385rlW9ZwokRHTamoLqoosI","Manhattan"
"The Commerce Inn","New York",40.7313538,-74.0057057,"50 Commerce St, New York, NY 10014, USA","ChIJ-SBoguRZwokRmTRHDYXw0EI","Manhattan"
"Ivan Ramen","New York",40.7205819,-73.9845212,"25 Clinton St, New York, NY 10002, USA","ChIJreEXi4FZwokR_ygs7wh2fTk","Manhattan"
"Le Gigot","New York",40.7313345,-74.001914,"18 Cornelia St #1, New York, NY 10014, USA","ChIJicZ4uJNZwokR_iq6h-BM3F0","Manhattan"
"Little Myanmar","New York",40.7229873,-73.9855193,"150 E 2nd St, New York, NY 10009, USA","ChIJpT0hlqtZwokRYQqPEQPFhBo","Manhattan"
"Family Meal at Blue Hill","New York",40.7320465,-73.9996685,"75 W Washington Pl, New York, NY 10011, USA","ChIJi9BURJFZwokRDcqvIgxdXds","Manhattan"
"Jeju Noodle Bar","New York",40.7329889,-74.0073417,"679 Greenwich St, New York, NY 10014, USA","ChIJvSw_uuxZwokRwESVzh5G33s","Manhattan"
"Red Paper Clip","New York",40.7330743,-74.0056167,"120 Christopher St, New York, NY 10014, USA","ChIJi4KXPNdZwokRXc8e60p0670","Manhattan"
"Secchu Yokota","New York",40.7228463,-73.9831229,"199 E 3rd St, New York, NY 10009, USA","ChIJ8-YKf4JZwokR8E9EvXIGnhI","Manhattan"
"Loring Place","New York",40.7329277,-73.9975837,"21 W 8th St, New York, NY 10011, USA","ChIJ69NaKJdZwokR3CamunXyYig","Manhattan"
"Frevo","New York",40.7331351,-73.9986886,"48 W 8th St, New York, NY 10011, USA","ChIJL6-NTmBZwokRGacx3GWq3D0","Manhattan"
"Shmoné","New York",40.7335735,-73.9990515,"61 W 8th St, New York, NY 10011, USA","ChIJBdMLKZBZwokRJ0tYbQ6nfZ4","Manhattan"
"CheLi","New York",40.729187,-73.988711,"19 St Marks Pl, New York, NY 10003, USA","ChIJn7k4jxlZwokRhDkNH9383-o","Manhattan"
"Ariari","East Village",40.7272708,-73.9858313,"119 1st Ave, New York, NY 10003, USA","ChIJhUDJFUVZwokRkNERZsyOxWo","Manhattan"
"Soda Club","New York",40.7256613,-73.9840819,"95 Avenue A, New York, NY 10009, USA","ChIJzVWJIgVZwokRZzgRswAxIJY","Manhattan"
"Tuome","New York",40.724053,-73.9828525,"536 E 5th St, New York, NY 10009, USA","ChIJU7iTdXhZwokR2n5XFHPVdAY","Manhattan"
"MáLà Project","New York",40.7271443,-73.9854189,"122 1st Ave, New York, NY 10009, USA","ChIJM2NCGJ1ZwokRA2nCkZcz08g","Manhattan"
"Nudibranch","New York",40.7274205,-73.9857285,"125 1st Ave, New York, NY 10003, USA","ChIJ5Qa2Xu9ZwokRIyvK1rhdwgw","Manhattan"
"Moody Tongue Sushi","New York",40.734438,-74.001151,"150 W 10th St, New York, NY 10014, USA","ChIJGUJaVtVZwokR3VU_JU2pedg","Manhattan"
"Pylos","New York",40.7261778,-73.9840583,"128 E 7th St, New York, NY 10009, USA","ChIJfZrQSJ1ZwokREBcOmNf9lew","Manhattan"
"Ruffian","New York",40.7264264,-73.9841019,"125 E 7th St, New York, NY 10009, USA","ChIJHfvtRp1ZwokREpFE8Z1BEKs","Manhattan"
"Noreetuh","New York",40.7273295,-73.9852902,"128 1st Ave, New York, NY 10009, USA","ChIJPzFYF51ZwokRbAQY59WDJUE","Manhattan"
"Avant Garden","New York",40.7256613,-73.9840819,"95 Avenue A, New York, NY 10009, USA","ChIJhesNT51ZwokRqIACbMxk2BQ","Manhattan"
"Sobaya","New York",40.7296064,-73.9879383,"229 E 9th St, New York, NY 10003, USA","ChIJVUXabZxZwokRh-_g7s0HxVI","Manhattan"
"Miss Lily’s","New York",40.7260534,-73.9838523,"109 Avenue A, New York, NY 10009, USA","ChIJz8asT51ZwokRhNF8JQzaLqQ","Manhattan"
"The Office of Mr. Moto","New York",40.7268131,-73.984036,"120A St Marks Pl, New York, NY 10009, USA","ChIJhXlSFFVZwokRbQf-lmDUK6k","Manhattan"
"Tsukimi","New York",40.7290299,-73.9854663,"228 E 10th St, New York, NY 10003, USA","ChIJRQgS7etZwokR8IMUTfuDXOM","Manhattan"
"Pranakhon","New York",40.733751,-73.9932623,"88 University Pl, New York, NY 10003, USA","ChIJeWk_ncJZwokR1QHfApa0dQo","Manhattan"
"Rosella","New York",40.7270945,-73.9830259,"137 Avenue A, New York, NY 10009, USA","ChIJj_wLYalZwokRULTcqVFlZlg","Manhattan"
"Kubeh","New York",40.7354756,-73.9980275,"464 6th Ave, New York, NY 10011, USA","ChIJ5fW8U5ZZwokRlk_uZ6uLlgg","Manhattan"
"HAGS","New York",40.729021,-73.9845095,"163 1st Ave, New York, NY 10003, USA","ChIJp0ha1dFZwokRK9WxgN9HVuY","Manhattan"
"Momofuku Noodle Bar","New York",40.7292083,-73.984415,"171 1st Ave, New York, NY 10003, USA","ChIJkXQ3_INZwokRE74ZvG46Jjc","Manhattan"
"Bartolo","New York",40.737252,-74.0040071,"310-312 W 4th St, New York, NY 10014, USA","ChIJh6WuOgBZwokR8Lm6IOFKk7A","Manhattan"
"Odre","New York",40.7314067,-73.9858863,"199 2nd Ave, New York, NY 10003, USA","ChIJA4qq2sNZwokRYPPHJ7jwTAc","Manhattan"
"Soothr","New York",40.7323017,-73.9873417,"204 E 13th St, New York, NY 10003, USA","ChIJ0aS81yNZwokRIk-S2YSuvls","Manhattan"
"Le B","New York",40.737684,-74.0040136,"283 W 12th St, New York, NY 10014, USA","ChIJExJQMsdZwokR7a48kYV6EMg","Manhattan"
"Kosaka","New York",40.7382662,-74.0014434,"220 W 13th St, New York, NY 10011, USA","ChIJZY2-HL5ZwokRnIcy5aBG-o0","Manhattan"
"Ishq","New York",40.7293646,-73.9808662,"202 Avenue A Frnt A, New York, NY 10009, USA","ChIJOdxhoDtZwokRSgA_ZpTUuhg","Manhattan"
"Bangkok Supper Club","New York",40.739047,-74.0057385,"641 Hudson St, New York, NY 10014, USA","ChIJvduhDjVZwokReg77D1pNQaQ","Manhattan"
"The Dining Room at RH Guesthouse","New York",40.7394841,-74.0069914,"55 Gansevoort St, New York, NY 10014, USA","ChIJZdCkqrpZwokRFHIxSGlgMjc","Manhattan"
"Saint Julivert Fisherie","Brooklyn",40.6878828,-73.995709,"264 Clinton St, Brooklyn, NY 11201, USA","ChIJC_-pxFdbwokRuPw-9HZucGA","Cobble Hill"
"La Vara","Brooklyn",40.6878008,-73.9957434,"268 Clinton St, Brooklyn, NY 11201, USA","ChIJVT21BE9awokR_TVyGHmHvtU","Cobble Hill"
"Kanyakumari","New York",40.7372719,-73.9912396,"20 E 17th St, New York, NY 10003, USA","ChIJKbKvOwBZwokRE3mEbmx_F6g","Manhattan"
"Casa Mono","New York",40.7358936,-73.9871361,"52 Irving Pl, New York, NY 10003, USA","ChIJUd1sYJ9ZwokRRkqniQdJ144","Manhattan"
"La Dong","New York",40.7377201,-73.9912047,"11 E 17th St, New York, NY 10003, USA","ChIJzRCbxRVZwokRDAzYpDpbyG4","Manhattan"
"Kyma","New York",40.7391382,-73.9928051,"15 W 18th St, New York, NY 10011, USA","ChIJq6pu4qJZwokRARFMcQsmd6Y","Manhattan"
"Sal Tang's","Brooklyn",40.685317,-74.000428,"521 Hicks St, Brooklyn, NY 11231, USA","ChIJUTD-vEFbwokRhahGeJOPB2Q","Cobble Hill"
"Portale","New York",40.7402203,-73.9962661,"126 W 18th St, New York, NY 10011, USA","ChIJ-TuoLitZwokRgQRHmUGEgyY","Manhattan"
"Genesis House Restaurant","New York",40.741486,-74.008156,"40A 10th Ave, New York, NY 10014, USA","ChIJP1f9kMNZwokRYE4hg0tw_CE","Manhattan"
"Oceans","New York",40.7375453,-73.9880897,"233 Park Ave S, New York, NY 10003, USA","ChIJq7G-HTtZwokRkQvXiYeiuco","Manhattan"
"Carlotto","New York",40.7374367,-73.9876492,"100 E 19th St, New York, NY 10003, USA","ChIJJ8hFlKFZwokRFmzhJg7Qofo","Manhattan"
"bōm","New York",40.7396687,-73.9924795,"17 W 19th St, New York, NY 10011, USA","ChIJRY8CqGJZwokR285BA7eLv5g","Manhattan"
"Noda","New York",40.7407505,-73.9931495,"37 W 20th St, New York, NY 10011, USA","ChIJBxKYEqZZwokRL__Emm2Tl2Y","Manhattan"
"Odo","New York",40.7403982,-73.9921624,"17 W 20th St, New York, NY 10011, USA","ChIJlRDB34FZwokRUVAP-qsAoUY","Manhattan"
"Massara","New York",40.7396367,-73.9898615,"913 Broadway, New York, NY 10010, USA","ChIJUWc-bgBZwokRQZGvCPmMX9A","Manhattan"
"Mile End","Brooklyn",40.6874457,-73.9870445,"97 Hoyt St, Brooklyn, NY 11217, USA","ChIJLb9vlE1awokRL4Ume5zpejQ","Boerum Hill"
"La Devozione: The Oval","New York",40.7426064,-74.005761,"428 W 16th St, New York, NY 10011, USA","ChIJd4gIXTlZwokR1A8bEjuem20","Manhattan"
"Untable","Brooklyn",40.6835757,-73.9994403,"529 Henry St, Brooklyn, NY 11231, USA","ChIJ_zbudV1bwokRyxgi4zQEn0Y","Carroll Gardens"
"Novitá","New York",40.7392486,-73.9864945,"102 E 22nd St, New York, NY 10010, USA","ChIJQQwA46BZwokRSK41tPIemGA","Manhattan"
"Aska","Brooklyn",40.7124154,-73.9665245,"47 S 5th St, Brooklyn, NY 11249, USA","ChIJUwatTl1ZwokRUDXxYoFa-hk","Williamsburg"
"Shota Omakase","Brooklyn",40.71352,-73.9661573,"50 S 3rd St, Brooklyn, NY 11249, USA","ChIJ34eY6E5ZwokRvof_huM7t3U","Williamsburg"
"La Tête d’Or","New York",40.7406632,-73.9863353,"318 Park Ave S, New York, NY 10010, USA","ChIJsTUVzgBZwokRkUIgGFl_RJc","Manhattan"
"Sunday in Brooklyn","Brooklyn",40.7141992,-73.9653462,"348 Wythe Ave, Brooklyn, NY 11249, USA","ChIJkRWC9WFZwokRfa5Uzor3e-g","Williamsburg"
"Junoon","New York",40.7430703,-73.9903968,"19 W 24th St, New York, NY 10010, USA","ChIJD4wsQaRZwokRQIswTkF3YIc","Manhattan"
"Glin Thai Bistro","Brooklyn",40.6930934,-73.9733109,"330 Myrtle Ave, Brooklyn, NY 11205, USA","ChIJGfdZtJdbwokREUPcjASYSr4","Fort Greene"
"Francie","Brooklyn",40.7101876,-73.9640308,"136 Broadway, Brooklyn, NY 11249, USA","ChIJ35V_tZlbwokRzolpCln-mG4","Southside"
"Los Burritos Juárez","Brooklyn",40.6930161,-73.9721144,"354 Myrtle Ave, Brooklyn, NY 11205, USA","ChIJac57TDpbwokRBMnOuNySUk8","Fort Greene"
"Mesiba","Brooklyn",40.7116901,-73.9628749,"353 Bedford Ave, Brooklyn, NY 11211, USA","ChIJv9ZXILdbwokRkAUmIvX8CvM","Williamsburg"
"Meadowsweet","Brooklyn",40.7104256,-73.9631243,"149 Broadway, Brooklyn, NY 11211, USA","ChIJwXUoA99bwokRU2bF-gdB25I","Southside"
"Il Fiorista","New York",40.7441519,-73.9895739,"17 W 26th St, New York, NY 10010, USA","ChIJCf-UC1FZwokRyrUzaZicgc8","Manhattan"
"Peter Luger","Brooklyn",40.7098774,-73.9625052,"178 Broadway, Brooklyn, NY 11211, USA","ChIJR_bK295bwokR8gM6QgEdmkY","Southside"
"Café Kestrel","Brooklyn",40.6787178,-74.0110368,"293 Van Brunt St, Brooklyn, NY 11231, USA","ChIJ7c_9NlpbwokR71rsKP5tMtw","Red Hook"
"Ulivo","New York",40.7447849,-73.9879963,"4 W 28th St, New York, NY 10001, USA","ChIJnxIAE6ZZwokRerFXklZuIvc","Manhattan"
"Miss Ada","Brooklyn",40.689425,-73.9723664,"184 Dekalb Ave, Brooklyn, NY 11205, USA","ChIJqzhkS7dbwokRtGCdHcorPvU","Fort Greene"
"Hungry Thirsty","Brooklyn",40.6779298,-73.9960525,"407 Smith St, Brooklyn, NY 11231, USA","ChIJMRzjDuVbwokRXPeo4rKGGjQ","Carroll Gardens"
"Markette","New York",40.7475892,-73.9934928,"326 7th Ave, New York, NY 10001, USA","ChIJNdS6kwVZwokRxFgqKTkyYuk","Manhattan"
"Mango Bay","Brooklyn",40.6894104,-73.9708886,"271 Adelphi St, Brooklyn, NY 11205, USA","ChIJ43dNliVbwokR-PyxKlkJOXc","Fort Greene"
"Elcielo New York","New York",40.7465628,-73.9888768,"1227 Broadway, New York, NY 10001, USA","ChIJpWRCrahZwokRzy_4smRsd3Y","Manhattan"
"Norma Gastronomia Siciliana","New York",40.743523,-73.9799614,"438 3rd Ave, New York, NY 10016, USA","ChIJbwHIighZwokRbdADB-4Hzd8","Manhattan"
"Enso","Brooklyn",40.7187509,-73.9586636,"117 Berry St, Brooklyn, NY 11249, USA","ChIJHSJ36dxZwokR6p8zakiCSRA","Williamsburg"
"6 Restaurant","Brooklyn",40.6763496,-73.998542,"481 Court St, Brooklyn, NY 11231, USA","ChIJDfRavFtbwokRijMBw1NobfM","Carroll Gardens"
"HanGawi","New York",40.7466013,-73.9847617,"12 E 32nd St, New York, NY 10016, USA","ChIJtSk6aqhZwokRAA7X1yq7onk","Manhattan"
"Joo Ok","New York",40.7475891,-73.986913,"22 W 32nd St 16th flr, New York, NY 10001, USA","ChIJfXtCJgBZwokRt0ncRw3PEk4","Manhattan"
"Moono","New York",40.7464411,-73.9833073,"29 E 32nd St, New York, NY 10016, USA","ChIJaWBLA_pZwokRX2BYIIr6rwE","Manhattan"
"Hav & Mar","New York",40.7510904,-74.0056714,"245 11th Ave, New York, NY 10001, USA","ChIJkzm4uVZZwokRpH8jUC56Ry4","Manhattan"
"Dons Bogam","New York",40.7468094,-73.9844803,"17 E 32nd St, New York, NY 10016, USA","ChIJoeTbP6hZwokR9N--sbudnCM","Manhattan"
"Nōksu","New York",40.748277,-73.9878201,"49 W 32nd St, New York, NY 10001, USA","ChIJB4phUWpZwokRAnRxYaGq2DU","Manhattan"
"Hyun","New York",40.7474212,-73.9844589,"10 E 33rd St, New York, NY 10016, USA","ChIJyVx4cR9ZwokRjVpmK-TnpM0","Manhattan"
"Hometown Bar B Que New York","Brooklyn",40.6749167,-74.0161583,"454 Van Brunt St, Brooklyn, NY 11231, USA","ChIJ0VWwJI9awokRoiFWFqYZMQ8","Red Hook"
"Seoul Salon","New York",40.7483116,-73.9866244,"28 W 33rd St, New York, NY 10001, USA","ChIJqdwhvD5ZwokRMjq-dG4AVm4","Manhattan"
"Café Mars","Brooklyn",40.6778855,-73.9859784,"272 3rd Ave, Brooklyn, NY 11215, USA","ChIJk6_emFpbwokReeza0hzar2c","Gowanus"
"Octo","New York",40.7476833,-73.9844144,"1 E 33rd St, New York, NY 10016, USA","ChIJo5Z8DuZZwokR0VamSWa1LwE","Manhattan"
"Runner & Stone","Brooklyn",40.677235,-73.985999,"285 3rd Ave, Brooklyn, NY 11215, USA","ChIJNUFRnFVawokRYrq3moc2q6U","Gowanus"
"Shalom Japan","Brooklyn",40.7091733,-73.9557774,"310 S 4th St rear, Brooklyn, NY 11211, USA","ChIJ9ev4B-FbwokRhzTqc9KP5-I","Southside"
"Sawa","Brooklyn",40.680412,-73.9775048,"75 5th Ave, Brooklyn, NY 11217, USA","ChIJD87O1YJbwokR6lRmQ6nsIfU","Park Slope"
"Lingo","Brooklyn",40.729813,-73.9596779,"27 Greenpoint Ave, Brooklyn, NY 11222, USA","ChIJPWi-ugVZwokRLBGafASWP6s","Greenpoint"
"Chez Ma Tante","Brooklyn",40.7269159,-73.9576034,"90 Calyer St, Brooklyn, NY 11222, USA","ChIJe94ViUFZwokRTJ3cQOMhFdI","Greenpoint"
"KRU","Brooklyn",40.7228016,-73.9557975,"190 N 14th St, Brooklyn, NY 11249, USA","ChIJz0Bt0ldZwokR698-eT0Dh88","Greenpoint"
"Tonchin","New York",40.7502712,-73.9845225,"13 W 36th St., New York, NY 10018, USA","ChIJBwGziqlZwokRb3MTH3xUt0Y","Manhattan"
"Ai Fiori","New York",40.7500752,-73.9837835,"400 5th Ave #2, New York, NY 10018, USA","ChIJMYIE-KlZwokRZuFHn8jkNuo","Manhattan"
"Little Alley","New York",40.7474165,-73.9772212,"550 3rd Ave, New York, NY 10016, USA","ChIJN4jAggZZwokRQ38qpXSjGGQ","Manhattan"
"Peak","New York",40.7539962,-74.0010727,"30 Hudson Yards 101st floor, New York, NY 10001, USA","ChIJ9-oPPZNZwokR9XwT635xClU","Manhattan"
"Sofreh","Brooklyn",40.6799152,-73.9739708,"75 St Marks Ave, Brooklyn, NY 11217, USA","ChIJK9DnCNlbwokR499xR5NXZII","Prospect Heights"
"Entre Nous","Brooklyn",40.688019,-73.962881,"39 Clifton Pl, Brooklyn, NY 11238, USA","ChIJYY61-rJbwokRMydDW_1Vs4A","Clinton Hill"
"Papa San","New York",40.7549205,-73.9993893,"501 W 34th St., New York, NY 10001, USA","ChIJ05xWLABZwokRKCsPbbMahzo","Manhattan"
"Uzuki","Brooklyn",40.7245208,-73.9534583,"95 Guernsey St, Brooklyn, NY 11222, USA","ChIJN1M-dmVZwokRnicgNEGnFRY","Greenpoint"
"Madre","Brooklyn",40.7330449,-73.9578285,"214 Franklin St, Brooklyn, NY 11222, USA","ChIJKcaRPT5ZwokRRkG5SW6KMf8","Greenpoint"
"Haenyeo","Brooklyn",40.6751935,-73.9811059,"239 5th Ave, Brooklyn, NY 11215, USA","ChIJVVXpcQBbwokRtKzSlyOoW1Y","Park Slope"
"Tempura Matsui","New York",40.7482048,-73.9749241,"222 E 39th St #24d, New York, NY 10016, USA","ChIJ3aiOZQRZwokRyTh5pEHCyXY","Manhattan"
"Restaurant Yuu","Brooklyn",40.723456,-73.9524875,"55 Nassau Ave #1A, Brooklyn, NY 11222, USA","ChIJh2cqMDNZwokRqMMqNP9srxI","Greenpoint"
"Peppercorn Station","New York",40.7526861,-73.9851157,"66 W 39th St, New York, NY 10018, USA","ChIJ5ckmp3JZwokRYISySgjWO7k","Manhattan"
"Szechuan Gourmet","New York",40.7523476,-73.9835595,"21 W 39th St, New York, NY 10018, USA","ChIJhYJ4e6pZwokR518xrzkUaqw","Manhattan"
"Chef's Table at Brooklyn Fare","New York",40.7561219,-73.9965257,"431 W 37th St Suite 3F, New York, NY 10018, USA","ChIJiVVSAE1awokRzdvqVP_z3aA","Manhattan"
"Speedy Romeo","Brooklyn",40.6875,-73.96,"376 Classon Ave, Brooklyn, NY 11238, USA","ChIJOTob_r1bwokRtUoNNbcmw_g","Clinton Hill"
"Rose Marie","Brooklyn",40.7125159,-73.9490142,"524 Lorimer St, Brooklyn, NY 11211, USA","ChIJlxis48RZwokRCkdW3UJz00I","Williamsburg"
"Taqueria El Chato","Brooklyn",40.7235891,-73.9505516,"620 Manhattan Ave, Brooklyn, NY 11222, USA","ChIJpx9oNwBZwokRadMPBkSKnvY","Greenpoint"
"Alta Calidad","Brooklyn",40.6801337,-73.9682324,"552 Vanderbilt Ave, Brooklyn, NY 11238, USA","ChIJQ928SqRbwokRKuID55C7xFo","Prospect Heights"
"Pierozek","Brooklyn",40.7230109,-73.9502255,"592 Manhattan Ave, Brooklyn, NY 11222, USA","ChIJl-l0rSdZwokReqiZ7S2yx0A","Greenpoint"
"ILIS","Brooklyn",40.7334873,-73.9555292,"150 Green St, Brooklyn, NY 11222, USA","ChIJHZyajD1ZwokREWLihHYSryQ","Greenpoint"
"Wenwen","Brooklyn",40.7339858,-73.955158,"1025 Manhattan Ave, Brooklyn, NY 11222, USA","ChIJmcr2IF9ZwokRr-u_-UTxju4","Greenpoint"
"Gabriel Kreuther","New York",40.7545381,-73.9825026,"41 W 42nd St, New York, NY 10036, USA","ChIJw_TGEwBZwokR-zLts543O-4","Manhattan"
"Le Pavillon","New York",40.7528047,-73.9784677,"One Vanderbilt Ave, New York, NY 10017, USA","ChIJjcAJd-tZwokRJ0GkkJ2Urp0","Manhattan"
"Izakaya Futago","New York",40.7512322,-73.9731998,"211 E 43rd St, New York, NY 10017, USA","ChIJ14y5HwNZwokRrNpTpUqpB7Q","Manhattan"
"Bonnie's","Brooklyn",40.7178057,-73.9464373,"398 Manhattan Ave, Brooklyn, NY 11211, USA","ChIJbQc9ABZZwokRMAK6C-Ekxg4","Williamsburg"
"The Lambs Club","New York",40.756511,-73.984641,"132 W 44th St, New York, NY 10036, USA","ChIJu0soFVVYwokRArPqt2VGdJs","Manhattan"
"Ammazzacaffè","Brooklyn",40.7113802,-73.9446198,"702 Grand St, Brooklyn, NY 11211, USA","ChIJA1h4NVZZwokRheUtPiYkt0g","Southside"
"Veerays","New York",40.7525585,-73.9722846,"213 E 45th St, New York, NY 10017, USA","ChIJHbRrFLRZwokRyYhsjTDMAUc","Manhattan"
"Casa Ora","Brooklyn",40.7079427,-73.9437667,"148 Meserole St, Brooklyn, NY 11206, USA","ChIJqRe1FMpbwokRQqWHvCtpSO8","Southside"
"Win Son","Brooklyn",40.7074661,-73.9434952,"159 Graham Ave, Brooklyn, NY 11206, USA","ChIJ4-bYSvxbwokRPhLlLQFzOEo","Southside"
"Meju","Queens",40.7435222,-73.9552482,"5-28 49th Ave, Long Island City, NY 11101, USA","ChIJ6alY3R1ZwokRQXUSqpo8OIM","Long Island City"
"Fasano","New York",40.7567686,-73.9755276,"60 E 49th St, New York, NY 10017, USA","ChIJQdPMK0JZwokRkq4DcvtSraA","Manhattan"
"Gui","New York",40.7605787,-73.987102,"776 8th Ave, New York, NY 10036, USA","ChIJp77YbQBZwokRtrv7Pca_IJE","Manhattan"
"Hwaro","New York",40.7605436,-73.9870459,"776 8th Ave Floor 2, New York, NY 10036, USA","ChIJr_sXTABZwokRrd0jcVJ9DSA","Manhattan"
"Hart's","Brooklyn",40.6814716,-73.9558927,"506 Franklin Ave, Brooklyn, NY 11238, USA","ChIJhYcE0JlbwokRVjovgUYR65M","Bedford-Stuyvesant"
"Casa Enrique","Queens",40.7434063,-73.9543809,"5-48 49th Ave, Long Island City, NY 11101, USA","ChIJv4bbdSNZwokRCgKfDGF8az8","Long Island City"
"Hupo","Queens",40.7427366,-73.953636,"10-07 50th Ave, Long Island City, NY 11101, USA","ChIJkzwxb_VZwokRCQbOg1hggOw","Long Island City"
"Runner Up","Brooklyn",40.6656268,-73.9822739,"499 11th St, Brooklyn, NY 11215, USA","ChIJa7TQMZFbwokRjivvo3SFNDQ","Park Slope"
"Jupiter","New York",40.7589067,-73.9787849,"Rink Level, 20 W 50th St, New York, NY 10020, USA","ChIJyflTcS1ZwokRBWTy8tCgaDM","Manhattan"
"Kung Fu Little Steamed Buns Ramen","New York",40.761625,-73.9868806,"811 8th Ave, New York, NY 10019, USA","ChIJT9pRklZYwokRDwIZonSnPjs","Manhattan"
"Le Rock","New York",40.7591656,-73.9781889,"45 Rockefeller Plaza, New York, NY 10111, USA","ChIJNbTIf5BZwokRjbkuTrLZVB4","Manhattan"
"See No Evil Pizza","New York",40.7614519,-73.9845231,"210 W 50th St Concourse #1, New York, NY 10019, USA","ChIJH58NSAlZwokR9108aaP8cy8","Manhattan"
"R40","Queens",40.7450141,-73.9534908,"47-16 Vernon Blvd, Long Island City, NY 11101, USA","ChIJmfa2wdVZwokRQhZSfY9P4p0","Long Island City"
"Don Antonio","New York",40.7626629,-73.9867256,"309 W 50th St, New York, NY 10019, USA","ChIJ0RWk_A5ZwokR-QEzcuKdpP4","Manhattan"
"The Grill","New York",40.7583177,-73.9718681,"Seagram Building, 99 E 52nd St, New York, NY 10022, USA","ChIJ8UxZqPxYwokRQSC7-Qoeea0","Manhattan"
"Cafe Mado","Brooklyn",40.6729083,-73.9626279,"791 Washington Ave, Brooklyn, NY 11238, USA","ChIJrwTqaQBbwokRaK-iQfAWdG4","Crown Heights"
"Le Jardinier New York","New York",40.7583107,-73.9713452,"610 Lexington Ave, New York, NY 10022, USA","ChIJKdcKCelZwokRdFHp3hzUKok","Manhattan"
"Chalong","New York",40.7639556,-73.9889945,"749 9th Ave, New York, NY 10019, USA","ChIJhwCMNh5ZwokROomRErlMEpk","Manhattan"
"LORE","Brooklyn",40.663082,-73.9844024,"441 7th Ave, Brooklyn, NY 11215, USA","ChIJl2K8TWdbwokRVLXghh72lXs","Park Slope"
"Lobster Club","New York",40.7585133,-73.9718852,"98 E 53rd St, New York, NY 10022, USA","ChIJO3lUXPtYwokRHcU_YPcKvcY","Manhattan"
"53","New York",40.7617694,-73.9780863,"53 W 53rd St, New York, NY 10019, USA","ChIJQ2rWiydZwokRKb1IcXrXZ-E","Manhattan"
"The Modern","New York",40.761081,-73.976753,"9 W 53rd St, New York, NY 10019, USA","ChIJMW-gxPtYwokRzDlnsRgq9rA","Manhattan"
"Caviar Russe","New York",40.7607667,-73.9738498,"538 Madison Ave, New York, NY 10022, USA","ChIJmQisBftYwokRQBBSSiPmF_k","Manhattan"
"Benoit","New York",40.762523,-73.977277,"60 W 55th St, New York, NY 10019, USA","ChIJ397qiflYwokRx2AOUyRXMMo","Manhattan"
"YingTao","New York",40.7657219,-73.987724,"805 9th Ave, New York, NY 10019, USA","ChIJkYkkoh1ZwokRE01ymVZhhpg","Manhattan"
"Aquavit","New York",40.7608694,-73.9722777,"65 E 55th St, New York, NY 10022, USA","ChIJWfonJ_tYwokRwIGb6Im403E","Manhattan"
"Four Twenty Five","New York",40.7605251,-73.9712296,"425 Park Ave, New York, NY 10022, USA","ChIJjybX-nVZwokRbnwwPvjMw4o","Manhattan"
"Chavela’s","Brooklyn",40.6734559,-73.9572247,"736 Franklin Ave, Brooklyn, NY 11238, USA","ChIJJ5J8yJ9bwokRjpOkpYgii5k","Crown Heights"
"Roberta's","Brooklyn",40.705081,-73.9335834,"261 Moore St, Brooklyn, NY 11206, USA","ChIJzSOyOg1dwokRfQ-5htUfsRY","Bushwick"
"Agi's Counter","Brooklyn",40.6700133,-73.9583818,"818 Franklin Ave, Brooklyn, NY 11225, USA","ChIJgbi06LFbwokRGr3pch2KH_A","Crown Heights"
"Chola","New York",40.7602673,-73.9657595,"232 E 58th St, New York, NY 10022, USA","ChIJD8V01OVYwokRkOtJNMtnBEs","Manhattan"
"Sobre Masa","Brooklyn",40.7062811,-73.9313702,"52 Harrison Pl, Brooklyn, NY 11237, USA","ChIJmeKSwPFdwokRZ--71Rq0GBY","Bushwick"
"Masa","New York",40.7685526,-73.9831866,"The Shops at, 10 Columbus Cir Suite 401A, New York, NY 10019, USA","ChIJM26HnlhYwokR4IfXFz-AuCA","Manhattan"
"Jean-Georges","New York",40.7690715,-73.9815224,"1 Central Prk W, New York, NY 10023, USA","ChIJh5JzbfZYwokR_28ru8Q14wM","Manhattan"
"Café Boulud","New York",40.7650665,-73.9676538,"100 E 63rd St, New York, NY 10065, USA","ChIJCcAxi5RYwokRdUqdw5_FHIk","Manhattan"
"Lungi","New York",40.7616823,-73.9601642,"1136 1st Ave, New York, NY 10065, USA","ChIJsedB_edYwokRrxhc0jZb_Mk","Manhattan"
"Vert Frais","Long Island City",40.7488485,-73.9423915,"43-10 Crescent St, Long Island City, NY 11101, USA","ChIJnelMReNZwokRXqa1GK4myCk","Long Island City"
"JoJo","New York",40.7650895,-73.9657019,"160 E 64th St, New York, NY 10065, USA","ChIJI9k11O5YwokRJXZKb8r3CoQ","Manhattan"
"Bayon","New York",40.7622998,-73.9591276,"408 E 64th St, New York, NY 10065, USA","ChIJ_xTxLRpZwokRCIo4c-DuKMA","Manhattan"
"El Fish Marisqueria","New York",40.7752085,-73.9838169,"155 Amsterdam Ave, New York, NY 10023, USA","ChIJs2_eoNBZwokR774H9Y29ANg","Manhattan"
"Tong","Brooklyn",40.707976,-73.9204821,"321 Starr St, Brooklyn, NY 11237, USA","ChIJC_7NeRJfwokRsy59UhNZLao","Bushwick"
"Risbo","Brooklyn",40.6560615,-73.9597866,"701 Flatbush Ave, Brooklyn, NY 11225, USA","ChIJBb-QzRRbwokRk_PoI4uduws","Prospect Lefferts Gardens"
"Mission Ceviche","New York",40.7691005,-73.9578631,"1400 2nd Ave, New York, NY 10021, USA","ChIJEXPLsaFZwokRggZzIVKeiPM","Manhattan"
"Bohemian Spirit","New York",40.769081,-73.95648,"321 E 73rd St, New York, NY 10021, USA","ChIJZd1h-MBYwokR0Ek-F4_Sep8","Manhattan"
"Persepolis","New York",40.7698097,-73.9579557,"1407 2nd Ave, New York, NY 10021, USA","ChIJ68H4QMBYwokR42l6M4OIUCM","Manhattan"
"Chez Fifi","New York",40.7716972,-73.9615623,"140 E 74th St, New York, NY 10021, USA","ChIJCZ6-33tZwokRIika4HJVD-o","Manhattan"
"Gordo's Cantina","Brooklyn",40.7049645,-73.9175718,"140 St Nicholas Ave, Brooklyn, NY 11237, USA","ChIJ4ahOydVYwokR7cBu4R_8BXo","Bushwick"
"J.G. Melon","New York",40.7710738,-73.9593297,"1291 3rd Ave, New York, NY 10021, USA","ChIJORutA8BYwokR6obC5YpaamM","Manhattan"
"Kebab aur Sharab","New York",40.7795772,-73.9832555,"247 W 72nd St, New York, NY 10023, USA","ChIJp5ZUdGlZwokR9QomdJsja7A","Manhattan"
"Orsay","New York",40.7724056,-73.9604715,"1057 Lexington Ave, New York, NY 10021, USA","ChIJmxNuRpVYwokRHEkGRQ_trfc","Manhattan"
"Sushi Akira","New York",40.7705225,-73.9558389,"317 E 75th St, New York, NY 10021, USA","ChIJx32M-AZZwokRYXUV81ghelA","Manhattan"
"Sempre Oggi","New York",40.7802763,-73.9798894,"164 W 75th St, New York, NY 10023, USA","ChIJ25ryEZ5ZwokRNUaYyZc52_8","Manhattan"
"Sushi Noz","New York",40.7738781,-73.9581262,"181 E 78th St, New York, NY 10075, USA","ChIJmUAVNb5YwokRyFZIbhQ_cxM","Manhattan"
"Essential by Christophe","New York",40.7809576,-73.9766017,"103 W 77th St, New York, NY 10024, USA","ChIJw6JyhoxZwokR3mKl4FLg5rM","Manhattan"
"Covacha","New York",40.7809766,-73.976464,"368 Columbus Ave, New York, NY 10024, USA","ChIJ-yUjn9JZwokR7Cq1cegFzZU","Manhattan"
"Cardamom","Queens",40.7438763,-73.9212182,"43-45 43rd street, Queens Blvd, Sunnyside, NY 11104, USA","ChIJ95V_CVNYwokRB6Xv7wRrQZw","Sunnyside"
"Tha Phraya","New York",40.7745281,-73.9545117,"1553 2nd Ave, New York, NY 10028, USA","ChIJXbVh8gRZwokR-uEVlFisxFE","Manhattan"
"Chuan Tian Xia","Brooklyn",40.6396357,-74.0091003,"5502 7th Ave, Brooklyn, NY 11220, USA","ChIJrwxm-gpFwokR9f10RT15Ni8","Sunset Park"
"Olmo","Brooklyn",40.6831458,-73.9170735,"103 Saratoga Ave, Brooklyn, NY 11233, USA","ChIJIYMm9JldwokR3JTojl_rf8A","Ocean Hill"
"Eléa","New York",40.7875756,-73.976447,"217 W 85th St, New York, NY 10024, USA","ChIJk84XGIRYwokRGrW8KFlR2_g","Manhattan"
"East Harbor Seafood Palace","Brooklyn",40.6335359,-74.0143293,"714 65th St, Brooklyn, NY 11220, USA","ChIJZVJwHU9FwokRBuD4swvPWjY","Dyker Heights"
"il Gigante","Queens",40.7023758,-73.9016075,"8-80 Woodward Ave, Ridgewood, NY 11385, USA","ChIJtxFgYDRdwokRmR1IiWUh8j8","Ridgewood"
"Chick Chick","New York",40.7901608,-73.9735141,"618 Amsterdam Ave, New York, NY 10024, USA","ChIJVbsIFZVZwokRHGQifEDV3SU","Manhattan"
"Dagon","New York",40.7912711,-73.9738886,"2454 Broadway, New York, NY 10024, USA","ChIJS0y1_oJYwokRp1XiiN58wKA","Manhattan"
"Tanoreen","Brooklyn",40.6307916,-74.0277865,"7523 3rd Ave, Brooklyn, NY 11209, USA","ChIJoWqUUFhFwokRgLdrJbh0bBg","Bay Ridge"
"Yemenat","Brooklyn",40.6273279,-74.0233464,"7721 5th Ave, Brooklyn, NY 11209, USA","ChIJB14pRT9FwokRnMbBprTy7RI","Bay Ridge"
"Enoteca Maria","Staten Island",40.6420631,-74.0773315,"27 Hyatt St, Staten Island, NY 10301, USA","ChIJ4aU3LC1OwokR44RNlSuxCjM","Mid Island"
"Phayul","Queens",40.7471617,-73.891349,"37-65 74th St., Jackson Heights, NY 11372, USA","ChIJidFNLAdfwokRDaE9PudSm7Q","Jackson Heights"
"Zaab Zaab","Queens",40.7432642,-73.8886608,"76-04 Woodside Ave, Elmhurst, NY 11373, USA","ChIJSR84V9NfwokRqv7h7RV5z9k","Elmhurst"
"Miss Mamie's Spoonbread Too","New York",40.8014403,-73.9608921,"366 W 110th St, New York, NY 10025, USA","ChIJMy2SSj32wokRYJFmKli4HvA","Manhattan"
"Taverna Kyclades","Astoria",40.7743819,-73.9079475,"36-01 Ditmars Blvd, Astoria, NY 11105, USA","ChIJ90pvtWdfwokRw86tuNLCG7g","Astoria"
"Seppe Pizza Bar","Staten Island",40.6290683,-74.074393,"3 Navy Pier Ct, Staten Island, NY 10304, USA","ChIJUUYYg7VPwokRRnuw5K3Ub1U","Stapleton Heights"
"Melba's","New York",40.80311,-73.9566295,"300 W 114th St, New York, NY 10026, USA","ChIJ-bhM6yL2wokRAtIoWi_TL2k","Manhattan"
"SaRanRom Thai","Queens",40.7430963,-73.8836867,"81-10 Broadway, Elmhurst, NY 11373, USA","ChIJUU0Hd95fwokR3tAJqfPpDvs","Elmhurst"
"Lakruwana","Staten Island",40.6257501,-74.0753052,"668 Bay St, Staten Island, NY 10304, USA","ChIJ03HMlbRPwokR4dG6Dhon-A4","Stapleton Heights"
"Barawine","New York",40.8045907,-73.9474438,"200 Malcolm X Blvd, New York, NY 10027, USA","ChIJ_WGAABL2wokRNthCl_PuyFc","Manhattan"
"Neta Shari","Brooklyn",40.6082077,-74.004492,"1718 86th St, Brooklyn, NY 11214, USA","ChIJ7VOxKVBFwokRO4Zf1ESGNAE","Bath Beach"
"Oso","New York",40.821993,-73.95026,"1618 Amsterdam Ave, New York, NY 10031, USA","ChIJuYwVAmX2wokRTnBiQLDD6us","Manhattan"
"Seis Vecinos","Bronx",40.8154018,-73.9029598,"640 Prospect Ave, Bronx, NY 10455, USA","ChIJb4LjG7r1wokRyAd4TrnrVeQ","Woodstock"
"Caleta 111 Cevicheria","Queens",40.6974924,-73.8366454,"111-27 Jamaica Ave, Richmond Hill, NY 11418, USA","ChIJb1yO2ZdhwokRIWlN1iszze4","Richmond Hill"
"Asian Jewels","Queens",40.7591397,-73.8333631,"133-30 39th Ave, Flushing, NY 11354, USA","ChIJ2aw2iQ5gwokRDiwmsI9YhnE","Flushing"
"Jiang Nan","Queens",40.7594412,-73.8327061,"133-42 39th Ave STE 101, Flushing, NY 11354, USA","ChIJZSvB14NhwokRR7ROmZwHvUw","Flushing"
"Alley 41","Queens",40.7591123,-73.8280121,"136-45 41st Ave, Flushing, NY 11355, USA","ChIJmQ7DvBFgwokRBNJbyDc81oI","Flushing"
"Tong Sam Gyup Goo Yi","Queens",40.7621369,-73.8030132,"162-23 Depot Rd, Flushing, NY 11358, USA","ChIJoWa5-i5gwokR8v_bTyLmO6I","Flushing"
"Çka Ka Qëllu","Bronx",40.8539343,-73.8882116,"2321 Hughes Ave, Bronx, NY 10458, USA","ChIJddi0Qof0wokRQGSTDJMZzHc","Little Italy"
"Legend of Taste","Queens",40.779595,-73.794179,"20-02 Utopia Pkwy, Whitestone, NY 11357, USA","ChIJRUDshWKKwokRKEDd6H2RAmE","Whitestone"
"Patricia’s","Bronx",40.8491213,-73.8533007,"1082 Morris Park Ave, Bronx, NY 10461, USA","ChIJ5aH0oPv1wokRx2wGcb1NqFE","Morris Park"
"Tobalá","Bronx",40.88749,-73.9068724,"3732 Riverdale Ave, Bronx, NY 10463, USA","ChIJPbOOFvPzwokRttFt-acm5qo","Fieldston"
"Dubrovnik","New Rochelle",40.9036111,-73.7891667,"721 Main St, New Rochelle, NY 10801, USA","ChIJFdppi6GNwokRniWwhWXgovg",""
"Maria Restaurant","New Rochelle",40.9143299,-73.773779,"11 Huguenot St, New Rochelle, NY 10801, USA","ChIJ64RnV16NwokRtRsZaZbZzRw",""
"Odo East Village","East Village",40.7240318,-73.9829146,"536 E 5th St, New York, NY 10009, USA","ChIJoyIUFwBZwokRH0uTY_J5rcM","Manhattan"
"Bar Bête","Carroll Gardens",40.6829615,-73.9928946,"263 Smith St, Brooklyn, NY 11231, USA","ChIJb5Ir-CZbwokR8RDykFNtbD8","Carroll Gardens"
"Kelang","Greenpoint",40.7257737,-73.9522616,"715 Manhattan Ave, Brooklyn, NY 11222, USA","ChIJMUyduZ1ZwokRpMWn-miqZy8","Greenpoint"
"Haenyeo","Park Slope",40.6751935,-73.9811059,"239 5th Ave, Brooklyn, NY 11215, USA","ChIJVVXpcQBbwokRtKzSlyOoW1Y","Park Slope"
"Confidant","Brooklyn Heights",40.690897,-73.9958083,"127 Atlantic Ave, Brooklyn, NY 11201, USA","ChIJGWoBKrNbwokRYqGihCSHp0U","Brooklyn Heights"
"Balera","Williamsburg",40.7182797,-73.944646,"442 Graham Ave, Brooklyn, NY 11211, USA","ChIJ6-9kbQBZwokR7RTDKFGG5Zc","Williamsburg"
"Popina NYC","Cobble Hill",40.6873338,-74.001393,"127 Columbia St, Brooklyn, NY 11231, USA","ChIJ4aBPvVxawokRp3MR5LZRlN4","Columbia Street Waterfront District"
"The Dead Rabbit New York City","Financial District",40.7032685,-74.0110218,"30 Water St, New York, NY 10004, USA","ChIJIRiJaRRawokR2KyQ984qa-o","Manhattan"
"Peking Duck House","Chinatown",40.7146516,-73.998722,"28 Mott St A, New York, NY 10013, USA","ChIJOd2Y7yZawokRZrmsAw8Y_U4","Manhattan"
"Makina Cafe","Sunnyside",40.7391275,-73.9198784,"45-14 48th Ave, Woodside, NY 11377, USA","ChIJ7YRdS0dfwokRKvoHHG0jUgc","Woodside"
"Ambassadors Clubhouse New York","NoMad",40.7472169,-73.988551,"1245 Broadway, New York, NY 10001, USA","ChIJBcsEbQBZwokRwqq4SEahYcE","Manhattan"
"n/naka","Palms",34.0251279,-118.4122016,"3455 Overland Ave, Los Angeles, CA 90034, USA","ChIJb7GeyDS6woAROVvLEUiLZEk","Westside Village"
"Hayato","Downtown Arts District",34.0337651,-118.2419457,"1320 E 7th St #126, Los Angeles, CA 90021, USA","ChIJt1RlQi_GwoARja7mYeFk2YI","Downtown Los Angeles"
"Kato","Downtown Arts District",34.0341749,-118.2410628,"777 S Alameda St Building 1, Suite 114, Los Angeles, CA 90021, USA","ChIJnd0gSmi7woARCdXsW5usqKU","Downtown Los Angeles"
"Providence","Hollywood",34.0836697,-118.3300251,"5955 Melrose Ave, Los Angeles, CA 90038, USA","ChIJaUBtetO-woARqyrV4ASPECg","Central LA"
"Bavel","Downtown Arts District",34.041487,-118.2329313,"500 Mateo St #102, Los Angeles, CA 90013, USA","ChIJAQDw5jzGwoARJ0ddsqWyCAQ","Downtown Los Angeles"
"Jitlada","East Hollywood",34.0985721,-118.304078,"5233 Sunset Blvd, Los Angeles, CA 90027, USA","ChIJsR6mEFS_woAR-bYcpwWGTSg","East Hollywood"
"Soban","Koreatown",34.0541189,-118.3208523,"4001 W Olympic Blvd, Los Angeles, CA 90019","ChIJRSu-m4y4woARt5qs5kYeN48","Koreatown"
"Anajak Thai","Sherman Oaks",34.1515121,-118.4533788,"14704 Ventura Blvd, Sherman Oaks, CA 91403, USA","ChIJn-ihusWXwoARE6yGp6tPoIM","Sherman Oaks"
"Holbox","South LA",34.017356,-118.278405,"3655 S Grand Ave c9, Los Angeles, CA 90007, USA","ChIJMc9-jgrIwoARvFaE32ZlJzA","South Los Angeles"
"Baroo","Downtown Arts District",34.0472697,-118.2347764,"905 E 2nd St #109, Los Angeles, CA 90012, USA","ChIJLzot2bK4woARTUKV7UcnVz4","Downtown Los Angeles"
"Osteria Mozza","Hancock Park",34.083214,-118.33897,"6602 Melrose Ave, Los Angeles, CA 90038, USA","ChIJBacpEtO4woAR8TxewBOIolo","Melrose"
"Chi Spacca","Hancock Park",34.0832749,-118.3390866,"6610 Melrose Ave, Los Angeles, CA 90038, USA","ChIJwbQBbdO4woARHT4khoXPnok","Melrose"
"RVR","Los Angeles",33.99135,-118.4679423,"1305 Abbot Kinney Blvd, Venice, CA 90291, USA","ChIJZ1pkfgC7woARjdvLWPbggwg","Venice"
"République","La Brea",34.0641589,-118.343697,"624 S La Brea Ave, Los Angeles, CA 90036, USA","ChIJqaA5zt-4woARHGIEp3XlsZo","Central LA"
"Restaurant Ki","Little Tokyo",34.0500968,-118.2413802,"111 San Pedro St, Los Angeles, CA 90012, USA","ChIJ6fB8aADHwoARxXCY99wLo0U","Downtown Los Angeles"
"Tacos Los Cholos","Huntington Park",33.9748414,-118.2254975,"7127 Pacific Blvd, Huntington Park, CA 90255, USA","ChIJo7zv39vJwoARNfSi2ovF67A",""
"Mariscos Jalisco","Boyle Heights",34.0210411,-118.2128088,"3040 E Olympic Blvd, Los Angeles, CA 90023, USA","ChIJy14FbLHIwoARySSWUFraG74","Central LA"
"Leo’s Taco Truck","Mid City",34.046205,-118.3457754,"1515 S La Brea Ave, Los Angeles, CA 90019, USA","ChIJvyR2GP64woARi52Ja30IGjc","Mid-City"
"Camphor","Downtown Arts District",34.0466391,-118.2342018,"923 E 3rd St Suite 109, Los Angeles, CA 90013, USA","ChIJNW1lfmzHwoARxzp7unjgv-0","Downtown Los Angeles"
"Sushi Sonagi","South Bay",33.8735088,-118.3012037,"1425 Artesia Blvd UNIT 27, Gardena, CA 90248, USA","ChIJiQId4c21woAR7Na-g3TATdA",""
"Camélia","Downtown Arts District",34.035574,-118.2325904,"1850 Industrial St, Los Angeles, CA 90021, USA","ChIJp01x8r7HwoARHdyVH9NySTs","Downtown Los Angeles"
"Donna's","Echo Park",34.0762745,-118.2566492,"1538 Sunset Blvd, Los Angeles, CA 90026, USA","ChIJhyFWHlPHwoARElRKU5zEEsw","Echo Park"
"Funke","Beverly Hills",34.0717488,-118.4015124,"9388 S Santa Monica Blvd, Beverly Hills, CA 90210, USA","ChIJlWZ9iGS9woAR9jIwvlLy9OA",""
"Lucia","Fairfax District",34.077667,-118.3617438,"351 N Fairfax Ave, Los Angeles, CA 90036, USA","ChIJ0aN26s-5woARK0Nz2GazLKs","Central LA"
"Tomat","LAX/Westchester",33.958853,-118.3948157,"6261 W 87th St, Los Angeles, CA 90045, USA","ChIJDUyRuV2xwoARPXiy3q2yRLs","Westchester"
"Kuya Lord","Hollywood",34.0836965,-118.3094905,"5003 Melrose Ave, Los Angeles, CA 90038, USA","ChIJx-fAMlC5woAR4sMclHgF3NA","Central LA"
"Petit Trois","Hollywood",34.0841618,-118.3381893,"718 Highland Ave, Los Angeles, CA 90038, USA","ChIJydzjPNO4woAR9la4IiglqbA","Central LA"
"Dulan’s Soul Food Kitchen","Inglewood",33.9615714,-118.3529482,"202 E Manchester Blvd, Inglewood, CA 90301, USA","ChIJ77N7zgO3woARm6XPEyuhlUs",""
"Dunsmoor","Glassell Park",34.1159968,-118.2359552,"3501 N Eagle Rock Blvd, Los Angeles, CA 90065, USA","ChIJQxbwUsHBwoARqt0NKxponhU","Glassell Park"
"Azizam","Silver Lake",34.0837682,-118.2738155,"2943 Sunset Blvd, Los Angeles, CA 90026, USA","ChIJN7KMHjPHwoARl_8UOWXrIfY","Silver Lake"
"Yang’s Kitchen","Alhambra",34.0943735,-118.1281888,"112 W Main St, Alhambra, CA 91801, USA","ChIJBczrbxHFwoARl0fbvAOnGME",""
"Parks BBQ","Koreatown",34.0539567,-118.292058,"955 S Vermont Ave G, Los Angeles, CA 90006, USA","ChIJj6arSYLHwoAROfRRqiOfX2s","Koreatown"
"Pizzeria Sei","Westside",34.0549589,-118.383437,"8781 W Pico Blvd, Los Angeles, CA 90035, USA","ChIJZzA8EM25woAR4SmcyXbfxBE","Pico-Robertson"
"Luv2eat Thai Bistro","Hollywood",34.0977252,-118.3359383,"6660 Sunset Blvd, Los Angeles, CA 90028, USA","ChIJice5PyW_woARfsR5aDz03K0","Central LA"
"Mini Kabob","Glendale",34.140939,-118.2585918,"313 1/2 Vine St, Glendale, CA 91204, USA","ChIJFQCP__vAwoAR8gTwBxcrGoE","Pacific - Edison"
"Sushi Gen","Little Tokyo",34.0467107,-118.238617,"422 E 2nd St, Los Angeles, CA 90012, USA","ChIJnQsVUDjGwoARcEGiOJrPzZY","Downtown Los Angeles"
"Henry's Cuisine","Alhambra",34.0789907,-118.1195897,"301 E Valley Blvd, Alhambra, CA 91801, USA","ChIJ-VyTFzbFwoAR8vUuOBcoiZ4",""
"Chengdu Taste","Alhambra",34.0778261,-118.132463,"828 W Valley Blvd, Alhambra, CA 91803, USA","ChIJfexi_j7FwoARBvFOjLFRM7I",""
"Guelaguetza","Koreatown",34.0524074,-118.3006681,"3014 W Olympic Blvd, Los Angeles, CA 90006, USA","ChIJKSPWlH-4woARrKJ5thvMBeY","Central LA"
"Langer’s Deli","Westlake",34.0561783,-118.2767993,"704 S Alvarado St, Los Angeles, CA 90057, USA","ChIJP1rAZZ_HwoARAcX96y-BrjY","Westlake"
"The best L.A. brunch spots, ranked",NA,34.0606376,-118.3448225,"759 S La Brea Ave, Los Angeles, CA 90036, USA","ChIJCR8mNeC4woARNOtGMrgsKeE","Central LA"
"The best tacos in L.A.",NA,34.0836225,-118.3271715,"5848 Melrose Ave, Los Angeles, CA 90038, USA","ChIJd3BzkU65woAR3Z2bPGtThec","Central LA"
"The best cheap eats under $15",NA,34.0426801,-118.2506806,"718 S Los Angeles St, Los Angeles, CA 90014, USA","ChIJJ97LUMvHwoAR7DEavoRbe2U","Downtown Los Angeles"
"The best bang-for-your-buck deals",NA,34.0158186,-118.286109,"700 Exposition Park Dr, Los Angeles, CA 90037, USA","ChIJ21yHTgjIwoARcrUbrsffOB4","South Los Angeles"
"The best food trucks in L.A.",NA,34.0345085,-118.2506613,"1013 Crocker St, Los Angeles, CA 90021, USA","ChIJydCqkSzHwoARBIOPt2gAlDo","Downtown Los Angeles"
"Somni","West Hollywood",34.0825405,-118.3884,"9045 Nemo St, West Hollywood, CA 90069, USA","ChIJVa5jok65woARLJWEqmHTCp8","Central LA"
"Found Oyster","Los Angeles",34.0952365,-118.295817,"4880 Fountain Ave, Los Angeles, CA 90029, USA","ChIJkfUoRk_HwoARyBuvtlImPoQ","East Hollywood"
"Gjelina","Venice",33.990497,-118.4649651,"1429 Abbot Kinney Blvd, Venice, CA 90291, USA","ChIJGU5p6ri7woARaCOqe4haSl0","Venice"
"Antico Nuovo","Los Angeles",34.0765597,-118.3109803,"4653 Beverly Blvd, Los Angeles, CA 90004, USA","ChIJB0hqPkC5woARQq-rCwWDiSY","Larchmont"
"Sushi Sonagi ","Hermosillo",33.8735088,-118.3012037,"1425 Artesia Blvd UNIT 27, Gardena, CA 90248, USA","ChIJiQId4c21woAR7Na-g3TATdA",""
"Moo's Craft Barbecue","Los Angeles",34.0732385,-118.2181912,"2118 N Broadway, Los Angeles, CA 90031, USA","ChIJ3fzkWgzPwoARuBLCxTcdUOY","Lincoln Heights"
"Quarter Sheets","Los Angeles",34.0758778,-118.2543297,"1305 Portia St, Los Angeles, CA 90026, USA","ChIJRSM0cUvHwoAR5stWQtCvfUs","Echo Park"
"Dudley Market","Venice",33.9942477,-118.4796167,"9 Dudley Ave, Venice, CA 90291, USA","ChIJZ_afsM66woARNjQ8STDWIhs","Venice"
"Baja Subs Market & Deli","Northridge",34.2309284,-118.5365073,"8801 Reseda Blvd Suite A, Northridge, CA 91324, USA","ChIJoUefmK2bwoARMQzl_Y6VKfE","Northridge"
"Si! Mon","Los Angeles",33.9846764,-118.4703202,"60 N Venice Blvd, Venice, CA 90291, USA","ChIJxyDoj5u7woARttWkJDjVa7g","Venice"
"Bestia","Arts District",34.0338338,-118.2293287,"2121 E 7th Pl, Los Angeles, CA 90021, USA","ChIJSRvZ1yHGwoARcLrfvc-APl4","Downtown Los Angeles"
"Brent's Deli","Northridge",34.2288897,-118.5604581,"19565 Parthenia St, Northridge, CA 91324, USA","ChIJ2y2dL5mbwoARr-78uwtJubI","Northridge"
"Damian","Arts District",34.033466,-118.2289512,"2132 E 7th Pl, Los Angeles, CA 90021, USA","ChIJf5HW3w7HwoAR0EEIlkAD5vA","Downtown Los Angeles"
"Miura","Beverly Hills",34.0674249,-118.4006047,"218 N Rodeo Dr #2f, Beverly Hills, CA 90210, USA","ChIJ_5ydTHu7woARcQmby2lfPME",""
"Folks Pizzeria","Culver City",34.0298293,-118.3841697,"3273 Helms Ave, Culver City, CA 90232, USA","ChIJpZ7kWgC5woARdz2GUit3A34","Art District"
"Roshona Bilash","Los Angeles",34.085839,-118.3093429,"861 N Western Ave, Los Angeles, CA 90029, USA","ChIJky-yfei5woAR-2NplFFn_N0","Central LA"
"Tev’s Kitchen","Gardena",33.8921406,-118.2826666,"15300 S Figueroa St B, Gardena, CA 90248, USA","ChIJN6Ru7RjLwoAR-0nU2nZ-tzg",""
"Padi Cafe + Indonesian Kitchen ","Los Angeles",34.0976388,-118.3313528,"6464 Sunset Blvd, Los Angeles, CA 90028, USA","ChIJezNkSqG_woARbs3GkmuMGB0","Central LA"
"Amiguita","Los Angeles",34.0888222,-118.2766698,"3510 Sunset Blvd, Los Angeles, CA 90026, USA","ChIJzWSwW_vHwoARrz8NqOuicJc","Silver Lake"
"Sandeomi Hamjipark","Los Angeles",34.0638226,-118.2958782,"3407 W 6th St #101, Los Angeles, CA 90020, USA","ChIJS3hu5nzHwoARwpVfMin2PYk","Koreatown"
"Sushisamba","West Hollywood",34.0819353,-118.3867539,"639 N La Peer Dr, West Hollywood, CA 90069, USA","ChIJqVYNKQC_woARJYTclb06csI","Central LA"
"Lielle","Los Angeles",34.0553644,-118.3975671,"9575 W Pico Blvd, Los Angeles, CA 90035, USA","ChIJmQOZTgC7woARN-0kvvPBCBw","Pico-Robertson"
"Sonmari","Los Angeles",34.089061,-118.2763793,"3503 Sunset Blvd, Los Angeles, CA 90026, USA","ChIJm4EOiabHwoARc7JeNnWWWpw","Silver Lake"
"Cheesesteaks By Matū","Pasadena",34.146073,-118.137385,"625B E Colorado Blvd, Pasadena, CA 91101, USA","ChIJI2i4dvfDwoARzuZlt0IXk7A","Playhouse Village"
"Lapaba","Los Angeles",34.0636505,-118.3089515,"558 S Western Ave, Los Angeles, CA 90020, USA","ChIJ799-75q4woARcXJBawVAO3g","Koreatown"
"Sqirl","Virgil Village",34.0844653,-118.2866952,"720 Virgil Ave #4, Los Angeles, CA 90029, USA","ChIJDX_-xETHwoARf6zx7LePHCo","East Hollywood"
"Kar Son","Los Angeles",34.0351997,-118.2407558,"777 S Alameda St, ROW M1 Suite 134, Los Angeles, CA 90021, USA","ChIJvXJJJELHwoAR7QYFWV2wh1g","Downtown Los Angeles"
"Holy Basil","Santa Monica",34.0350072,-118.4716263,"2828 Santa Monica Blvd, Santa Monica, CA 90404, USA","ChIJ8-lbzSi7woARimpHDJfXchY","Mid-City"
"Little Fish","Los Angeles",34.0767539,-118.2577593,"1606 Sunset Blvd, Los Angeles, CA 90026, USA","ChIJCWc7fhHHwoARXg2bZCd7D-8","Echo Park"
"Hermon's","Hermon",34.1038989,-118.1850116,"5800 Monterey Rd, Los Angeles, CA 90042, USA","ChIJjf0lLRHFwoAR06eUIYK14Os","Northeast Los Angeles"
"Corridor 109","Los Angeles",34.0829747,-118.3096191,"641 N Western Ave Ste A, Los Angeles, CA 90004, USA","ChIJo_avB77HwoAR6KembIfXRCk","Larchmont"
"Henrietta","Los Angeles",34.0667569,-118.2607146,"343 Glendale Blvd, Los Angeles, CA 90026, USA","ChIJuxbJLwfHwoARrIsLmwloDAI","Westlake"
"Chainsaw","Los Angeles",34.0833527,-118.3100158,"5022 Melrose Ave, Los Angeles, CA 90038, USA","ChIJ7fJevUq5woARiGgox1gPcAU","Larchmont"
"Firstborn","Los Angeles",34.0661162,-118.23596,"978 N Broadway, Los Angeles, CA 90012, USA","ChIJSQ9xYQDHwoARz_yZdvIZ3k8","Central LA"
"Sichuan Impression","Alhambra",34.0943092,-118.1299999,"235 W Main St SuiteB, Alhambra, CA 91801, USA","ChIJMUDoKhLFwoARnf9iE98ouYc",""
"Din Tai Fung Century City","Los Angeles",34.0581707,-118.4174412,"10250 Santa Monica Blvd, Los Angeles, CA 90067, USA","ChIJG57A24y7woARWkikFbxeKdA","Century City"
"Newport Seafood","San Gabriel",34.1021765,-118.1068431,"518 W Las Tunas Dr, San Gabriel, CA 91776, USA","ChIJD8whBCrbwoARZFyRThKqIJI",""
"Liu's Cafe","Los Angeles",34.0637013,-118.3084494,"3915 1/2 W 6th St, Los Angeles, CA 90020, USA","ChIJRaosTfa5woAR4wOTRcJfhog","Koreatown"
"Pine & Crane","Los Angeles",34.0905285,-118.2771309,"1521 Griffith Park Blvd, Los Angeles, CA 90026, USA","ChIJLcT3DEjHwoARZa_z4-ThJCs","Silver Lake"
"Huge Tree Pastry","Monterey Park",34.0675525,-118.1349757,"423 N Atlantic Blvd, Monterey Park, CA 91754, USA","ChIJkeSFHkLFwoARDfBw_L8NW4Y",""
"Luyixian","Alhambra",34.0782742,-118.1228236,"2 E Valley Blvd #1E, Alhambra, CA 91801, USA","ChIJUbFkN7nFwoAREvv17qlCKFA",""
"Dolan's Uyghur Cuisine","Alhambra",34.0778782,-118.1315182,"742 W Valley Blvd, Alhambra, CA 91803, USA","ChIJUSgrt0XFwoARh5ReHKM8dpQ",""
"Woon","Los Angeles",34.074179,-118.2793977,"2920 W Temple St, Los Angeles, CA 90026, USA","ChIJ75p-_iHHwoARVdkS14137u8","Westlake"
"Kim Chuy","Los Angeles",34.0612401,-118.2390666,"727 N Broadway #103, Los Angeles, CA 90012, USA","ChIJY-yh8VrGwoARZaakJwHYcR4","Central LA"
"Sakae Sushi","Gardena",33.8901607,-118.3049171,"1601 W Redondo Beach Blvd #112, Gardena, CA 90247, USA","ChIJP7TQi4G1woARf84immqdMm8",""
"Chiba ","North Hollywood",34.2070182,-118.3880576,"7515 Lankershim Blvd, North Hollywood, CA 91605, USA","ChIJbUyejiaUwoARLoxNkBtoAuY","North Hollywood"
"Yama Sushi Marketplace","Los Angeles",34.0226724,-118.4391255,"11709 National Blvd, Los Angeles, CA 90064, USA","ChIJf18GN6y7woARJI63rrhojTE","Westdale"
"Matsumoto","Los Angeles",34.0594544,-118.30855,"700 S Western Ave Suite 102, Los Angeles, CA 90005, USA","ChIJIWzYK0u5woARYUiTyHqbM1U","Koreatown"
"Sushi Sasabune","Los Angeles",34.0467726,-118.4645546,"11917 Wilshire Blvd, Los Angeles, CA 90025, USA","ChIJA116vV27woARN578LD_MN7k","Brentwood"
"Sushi Fumi","West Hollywood",34.0777705,-118.3769232,"359 N La Cienega Blvd, Los Angeles, CA 90048, USA","ChIJCzG4DLO-woARHxYBrH_AVdU","Central LA"
"Sushi Tama","Los Angeles",34.0759018,-118.3835589,"116 N Robertson Blvd, Los Angeles, CA 90048, USA","ChIJNyucS3m_woARUKtQB__4rpY","Central LA"
"Sushi Masuyoshi","Culver City",34.0144027,-118.4079103,"10834 Washington Blvd, Culver City, CA 90232, USA","ChIJPxfpSgC7woARjS3G6HQDYgI","Washington Culver"
"Sushi Note Omakase ","Beverly Hills",34.0695803,-118.4038048,"421 N Rodeo Dr, Beverly Hills, CA 90210, USA","ChIJfxkwm9O9woARWgzlObbmbU8",""
"The Brothers Sushi","Woodland Hills",34.167779,-118.5982631,"21418 Ventura Blvd, Woodland Hills, CA 91364, USA","ChIJIWGWwLSfwoARZIgfhtnSQsk","Woodland Hills"
"Sushi Takeda","Los Angeles",34.0503207,-118.2424499,"123 Astronaut Ellison S Onizuka St ste 307 3rd floor, Los Angeles, CA 90012, USA","ChIJZZ-jjkjGwoARk89p24EJYwo","Downtown Los Angeles"
"Nozawa Bar","Beverly Hills",34.0682351,-118.3982586,"212 N Canon Dr, Beverly Hills, CA 90210, USA","ChIJwXV42C27woARZnY7NuiUIu4",""
"Go's Mart","Canoga Park",34.2007331,-118.6135025,"22330 Sherman Way c12, Canoga Park, CA 91303, USA","ChIJn8m570ecwoARabBQ2DaoPk4","Canoga Park"
"Shin Sushi","Encino",34.1587398,-118.4942564,"16573 Ventura Blvd, Encino, CA 91436, USA","ChIJdUHh7MCZwoAR71vwlsZ5V_o","Encino"
"Mori Nozomi","Los Angeles",34.0333034,-118.4421762,"11500 W Pico Blvd, Los Angeles, CA 90064, USA","ChIJh_EchAm7woAR_M_f_w6W50c","Sawtelle"
"El Muelle 8","Los Angeles",34.0163815,-118.1576139,"5221 E Olympic Blvd, East Los Angeles, CA 90022, USA","ChIJe9SgKQDPwoARr5cHOlO9q4w","South Montebello"
"Ceviche Project","Los Angeles",34.1049705,-118.2728486,"2524 1/2 Hyperion Ave, Los Angeles, CA 90027, USA","ChIJqfwbv17BwoARFeeo-rhFFnk","Silver Lake"
"Loreto","Los Angeles",34.1011188,-118.2438706,"1991 Blake Ave, Los Angeles, CA 90039, USA","ChIJFwh6fX3HwoARr9fhEj7PDPs","Elysian Valley"
"The Hummingbird","Los Angeles",34.0834204,-118.2596842,"1600 N Alvarado St, Los Angeles, CA 90026, USA","ChIJTd_4WgDHwoAR3G1iC-Yrq6w","Echo Park"
"Coni'Seafood","Inglewood",33.9306902,-118.3348748,"3544 1/2, 3544 W Imperial Hwy, Inglewood, CA 90303, USA","ChIJFx55nHq2woARJOWFnj7bnDE",""
"Lonzo's Restaurant","Culver City",34.014972,-118.4071946,"10804 Washington Blvd, Culver City, CA 90232, USA","ChIJy1Rd9jq6woARb2nkBPrsnk4","Washington Culver"
"Mariscos El Faro","Los Angeles ",34.1131323,-118.1869745,"6139 N Figueroa St #6113, Los Angeles, CA 90042, USA","ChIJ23yAjg3EwoARP5jJHZh5he4","Highland Park"
"Mariscos El Moreno ","Lynwood ",33.927742,-118.184313,"11098 Atlantic Ave, Lynwood, CA 90262, USA","ChIJUwNwuGfMwoARZENgI2Ke1dQ",""
"Mariscos El Viejito","Sun Valley",34.2376574,-118.3928961,"9311 San Fernando Rd, Sun Valley, CA 91352, USA","ChIJ8TDs1P-TwoARJ_jBuBUihVo","Sun Valley"
"Pasjoli","Santa Monica",34.0001931,-118.4820912,"2732 Main St, Santa Monica, CA 90405, USA","ChIJpTjP4G-7woARDdfT19BYG28","Ocean Park"
"Gritz N' Wafflez","Los Angeles",34.06197,-118.2902445,"3183 Wilshire Blvd Suite 185, Los Angeles, CA 90010, USA","ChIJmYaCSgDHwoARO8fDPiJj6V0","Koreatown"
"Jyan Isaac Bread","Santa Monica",34.0116094,-118.467851,"1620 Ocean Park Blvd, Santa Monica, CA 90405, USA","ChIJuX3V6u67woARJG2SQfFMmyM","Sunset Park"
"Holy Basil Atwater Village","Los Angeles",34.1171355,-118.261308,"3170 Glendale Blvd unit c, Los Angeles, CA 90039, USA","ChIJf7L3TdvBwoARDeaXHZL10Jw","Northeast Los Angeles"
"Attagirl","Hermosa Beach",33.8629062,-118.3998568,"1238 Hermosa Ave, Hermosa Beach, CA 90254, USA","ChIJc1gsBxmzwoARHZlaG7xng38",""
"Bar Besito","Los Angeles",34.0894372,-118.2681188,"1710 Silver Lake Blvd, Los Angeles, CA 90026, USA","ChIJHY55ZcfHwoAR82z4nxOn0_Y","Silver Lake"
"Daisy Margarita Bar","Los Angeles",34.1517552,-118.4520513,"14633 Ventura Blvd, Sherman Oaks, CA 91403, USA","ChIJl1aEKvKXwoARF2q3tK3Pm-s","Sherman Oaks"
"Harold & Belle's","Los Angeles",34.0254532,-118.3279237,"2920 W Jefferson Blvd, Los Angeles, CA 90018, USA","ChIJc29xTz-4woAR5txT9avOmac","South Los Angeles"
"Beethoven Market","Los Angeles",34.0061566,-118.4463978,"12904 Palms Blvd, Los Angeles, CA 90066, USA","ChIJlwU_uvC6woAR9hXvi7zlRSg","Mar Vista"
"Café Telegrama","Los Angeles",34.0844897,-118.3093251,"737 N Western Ave Suite A, Los Angeles, CA 90029, USA","ChIJxbqKUn65woARiG-X5uhRi3o","Central LA"
"Woon Pasadena","Pasadena",34.1688679,-118.1219173,"1392 E Washington Blvd, Pasadena, CA 91104, USA","ChIJ30sk1P7DwoARw9H4kiEsva8","Bungalow Heaven"
"Two Hommés","Inglewood",33.9747532,-118.3573121,"902 N La Brea Ave, Inglewood, CA 90302, USA","ChIJE2iu8PyxwoAR0xugqezXqWQ",""
"Saffy's","Los Angeles",34.095555,-118.2952027,"4845 Fountain Ave, Los Angeles, CA 90029, USA","ChIJ76vC4DDHwoARI-yS3q4bNwI","East Hollywood"
"Dante Beverly Hills","Beverly Hills",34.0681258,-118.3985971,"225 N Canon Dr, Beverly Hills, CA 90210, USA","ChIJI5WCW9q7woAR6K2XLuyiNeA",""
"The Serving Spoon","Inglewood",33.9763085,-118.3634411,"1403 Centinela Ave, Inglewood, CA 90302, USA","ChIJkyCKVBO3woAR3AYohPB9qcA",""
"Calabra","Santa Monica",34.021337,-118.495073,"Proper Hotel (Rooftop, 700 Wilshire Blvd, Santa Monica, CA 90401, USA","ChIJud2bfmelwoARt5YCxfvNDCs","Downtown"
"Ghisallo ","Santa Monica",34.011668,-118.4678168,"1622 Ocean Park Blvd, Santa Monica, CA 90405, USA","ChIJ8Q-vp7m7woARy0JPBCMyo9I","Sunset Park"
"Milo + Olive","Santa Monica",34.0375511,-118.4760646,"2723 Wilshire Blvd, Santa Monica, CA 90403, USA","ChIJM5FYc0-7woARcsHdGgoXyTU","Northeast"
"Shunji.","Santa Monica",34.0202871,-118.4539259,"3003 Ocean Park Blvd, Santa Monica, CA 90405, USA","ChIJ42ZuLBC7woAR7JEXZcZn8qk","Sunset Park"
"Not No Bar","Santa Monica",34.0036817,-118.4855511,"2424 Main St, Santa Monica, CA 90405, USA","ChIJeV8_tBu7woAR6G4xwH6j4OA","Ocean Park"
"Muse","Los Angeles",34.0283662,-118.518961,"108 W Channel Rd, Santa Monica, CA 90402, USA","ChIJUfQ6t9ylwoARLjuZ4ydO3ck","Pacific Palisades"
"Le Great Outdoor","Los Angeles",34.0280436,-118.4673174,"2525 Michigan Ave a3, Santa Monica, CA 90404, USA","ChIJfwjLxD67woARQh2IIpl4pbo","Pico"
"Din Tai Fung Santa Monica","Santa Monica",34.0132505,-118.4943821,"395 Santa Monica Pl, Santa Monica, CA 90401, USA","ChIJmTkD1PKlwoARZ4YRl-VYRHY","Downtown"
"Seline","Santa Monica",33.9977816,-118.4796534,"3110 Main St Ste 132, Santa Monica, CA 90401, USA","ChIJFULx1d67woARMCpRP_B7x3Q","Ocean Park"
"Crudo e Nudo","Santa Monica",34.0003308,-118.4821996,"2724 Main St, Santa Monica, CA 90405, USA","ChIJlUEcjcS7woAR2LfLzj32DoM","Ocean Park"
"Bay Cities","Santa Monica",34.0179847,-118.4892019,"1517 Lincoln Blvd, Santa Monica, CA 90401, USA","ChIJVyASdc2kwoARat3uRCRLee8","Downtown"
"Mélisse","Santa Monica",34.0245221,-118.4913563,"1104 Wilshire Blvd, Santa Monica, CA 90401, USA","ChIJ7fOMUsSkwoARIOVuE_23I1Q","Downtown"
"Shirube","Downtown Santa Monica",34.0193798,-118.4975511,"424 Wilshire Blvd, Santa Monica, CA 90401, USA","ChIJkZvbH36lwoARn7gRx2v_cjQ","Downtown"
"Bread Head","Santa Monica",34.0333126,-118.4936354,"1518 Montana Ave, Santa Monica, CA 90403, USA","ChIJZ8ckHCm7woAR-vFAXZLhVnM","Wilshire Montana"
"Layla Bagels","Santa Monica",34.0115635,-118.4680335,"1614 Ocean Park Blvd, Santa Monica, CA 90405, USA","ChIJlYoMhgu7woARUGyxlPVFlfQ","Sunset Park"
"Cobi's","Santa Monica",34.0061478,-118.4881572,"2104 Main St, Santa Monica, CA 90405, USA","ChIJPbwHT-ylwoARbj9350Y0EL8","Ocean Park"
"Tar & Roses","Santa Monica",34.0179488,-118.4930091,"602 Santa Monica Blvd, Santa Monica, CA 90401, USA","ChIJi_Si3M-kwoAR_ApCusaz7Os","Downtown"
"Xuntos","Santa Monica",34.0174391,-118.4937028,"516 Santa Monica Blvd, Santa Monica, CA 90401, USA","ChIJkaE_wR-lwoARJmJ-YudPXTE","Downtown"
"Father's Office","Santa Monica",34.0293766,-118.4984416,"1018 Montana Ave, Santa Monica, CA 90403, USA","ChIJf_hV-bmkwoARIMlQwgZO9OI","Wilshire Montana"
"Queen's Raw Bar & Grill","Eagle Rock",34.1229195,-118.2131889,"4701 York Blvd, Los Angeles, CA 90042, USA","ChIJUwPckBLBwoARJtH07OcfxBM","Northeast Los Angeles"
"Max & Helen's","Los Angeles",34.0738764,-118.3239695,"127 N Larchmont Blvd, Los Angeles, CA 90004, USA","ChIJOQgNUAC5woAR9Gh_qCkbxmU","Central LA"
"The Benjamin","Los Angeles",34.0832817,-118.346035,"7174 Melrose Ave, Los Angeles, CA 90046, USA","ChIJj4tDJnK5woAR2xie2d3aHfE","Fairfax"
"Jilli","Los Angeles",34.0637112,-118.3081593,"3905 W 6th St, Los Angeles, CA 90020, USA","ChIJs0dz4rW5woAR99vpsxTfE5I","Koreatown"
"Budonoki","Los Angeles",34.0833426,-118.286571,"654 N Virgil Ave Unit 101, Los Angeles, CA 90004, USA","ChIJD5LuBp3HwoARqHfw3wOS7VA","East Hollywood"
"Barra Santos","Los Angeles",34.0956641,-118.228049,"1215 Cypress Ave, Los Angeles, CA 90065, USA","ChIJcdq_ayfHwoAR-RLysumjpiE","Northeast Los Angeles"
"Jones Hollywood","West Hollywood",34.0908821,-118.3464231,"7205 Santa Monica Blvd, West Hollywood, CA 90046, USA","ChIJ_ZaCK9a-woARo6DSOmfgk4s","Central LA"
"Tsubaki","Los Angeles",34.0727806,-118.251525,"1356 Allison Ave, Los Angeles, CA 90026, USA","ChIJKzmylv3GwoARATbBpfkfDmI","Echo Park"
"The Honor Bar","Beverly Hills",34.06617,-118.398875,"122 S Beverly Dr, Beverly Hills, CA 90212, USA","ChIJaRv9Svm7woARwxsuirw_cNs",""
"Sushi Note","Sherman Oaks",34.1474305,-118.4264292,"13447 Ventura Blvd, Sherman Oaks, CA 91423, USA","ChIJRdsREM6XwoARd61m9adMCbw","Sherman Oaks"
"Cento Pasta Bar","Los Angeles",34.0327954,-118.3477496,"4921 W Adams Blvd, Los Angeles, CA 90016, USA","ChIJ_QgyojXGwoARLG7PQZ6iQHE","South Los Angeles"
"Doto","Los Angeles",34.0830784,-118.284317,"654 N Hoover St, Los Angeles, CA 90004, USA","ChIJW19NbADHwoARrYVfN8twU0I","Silver Lake"
"Uovo","Santa Monica",34.0157467,-118.4982745,"1320 2nd St Ste A, Santa Monica, CA 90401, USA","ChIJUTUaYMWkwoARkhJYrIBg6BQ",""
"Cardinale Du Vin","Los Angeles",34.054982,-118.3861956,"8912 W Pico Blvd, Los Angeles, CA 90035, USA","ChIJXct6QRO5woAR8Vgo175RBhk","Pico-Robertson"
"Sam’s Place","Los Angeles",34.1107713,-118.1960292,"5530 Monte Vista St, Los Angeles, CA 90042, USA","ChIJRTRbZwDFwoAREKzN3Zen7E4","Highland Park"
"Barsha","Hermosa Beach",33.8659011,-118.387332,"1141 Aviation Blvd, Hermosa Beach, CA 90254, USA","ChIJ7U28fd-1woARYO4mhfbZqm0",""
"The Mulberry","Los Angeles",34.0438839,-118.4459658,"1800 Sawtelle Blvd, Los Angeles, CA 90025, USA","ChIJvbXCwSC7woARm0oGgY3osgM","Sawtelle"
"Les Sisters'","California 91311",34.2316378,-118.5794166,"20450 Nordhoff St, Winnetka, CA 91311, USA","ChIJz6cLkw6bwoARicsfhtFSEC0","Winnetka"
"Betsy","CA 91001",34.1881455,-118.1316748,"875 E Mariposa St, Altadena, CA 91001, USA","ChIJyROYYDXDwoARx_7TxDXZi6Q",""
"Oy Bar","Studio City",34.1501437,-118.4047291,"12446 Moorpark St, Studio City, CA 91604, USA","ChIJy3E7wCG9woARzmPv7UaADgQ","Studio City"
"Goldburger Los Feliz","Los Angeles",34.1043022,-118.2915813,"1820 N Vermont Ave, Los Angeles, CA 90027, USA","ChIJ1Rccb1zBwoARZvDzH8z9AR0","Central LA"
"Roasted Duck by Pa Ord","California 90027",34.1014827,-118.3018944,"5136 Hollywood Blvd, Los Angeles, CA 90027, USA","ChIJharH4mq_woAR3f7EfNbthQ8","East Hollywood"
"Taquería Frontera","California 90065",34.090923,-118.2237121,"700 Cypress Ave, Los Angeles, CA 90065, USA","ChIJq-wlGADHwoARfnCcqPOh9Jw","Northeast Los Angeles"
"Carlitos Gardel Argentine Steakhouse","California 90046",34.0839438,-118.3631913,"7963 Melrose Ave, Los Angeles, CA 90046, USA","ChIJSfKeA8y-woARpP7lY4htzZk","Melrose"
"Crossroads Los Angeles","California 90046",34.083527,-118.370157,"8284 Melrose Ave, Los Angeles, CA 90046, USA","ChIJhZy9Gba-woARQLEEpEN46uw","Melrose"
"Pijja Palace","Silver Lake",34.0811009,-118.2704567,"2711 Sunset Blvd, Los Angeles, CA 90026, USA","ChIJCQV5OobHwoARuaw-9gQsRTw","Silver Lake"
"Seong Buk Dong","Los Angeles",34.0639989,-118.2943534,"3303 W 6th St, Los Angeles, CA 90020, USA","ChIJO9M6hXzHwoAR0cimcXbbsy4","Koreatown"
"Apollonia’s Pizzeria","Los Angeles",34.0617749,-118.3427113,"5176 Wilshire Blvd, Los Angeles, CA 90036, USA","ChIJFzzs8-C4woARNzCxl2jnmag","Central LA"
"Howlin’ Ray’s Hot Chicken","CA 90012",34.0615425,-118.2397141,"727 N Broadway #128, Los Angeles, CA 90012, USA","ChIJsTjh9VrGwoAR0AENjgs5swY","Central LA"
"Langer’s Delicatessen","Westlake",34.0561783,-118.2767993,"704 S Alvarado St, Los Angeles, CA 90057, USA","ChIJP1rAZZ_HwoARAcX96y-BrjY","Westlake"
"K-Team BBQ","California 90006",34.0546203,-118.291332,"936 S Vermont Ave, Los Angeles, CA 90006, USA","ChIJ7_SxewDHwoARyB-lNf7XlZs","Koreatown"
"Sonoratown","Los Angeles",34.041615,-118.2521844,"208 E 8th St, Los Angeles, CA 90014, USA","ChIJ45QjyjTGwoARVNFElqulM0U","Downtown Los Angeles"
"Hakata Izakaya HERO","Los Angeles",34.0475869,-118.435163,"1929 Westwood Blvd, Los Angeles, CA 90025, USA","ChIJN3DILf67woAR44H7rc70uhY","West Los Angeles"
"Berenjak","California 90021",34.0312474,-118.2298056,"1010 S Santa Fe Ave, Los Angeles, CA 90021, USA","ChIJi-NVGiDGwoARSYqOhBs8jYc","Downtown Los Angeles"
"Maydan Market","Los Angeles",34.025833,-118.34322,"4301 W Jefferson Blvd, Los Angeles, CA 90016, USA","ChIJ0W20EwC5woAR0nQo36qkMSM","South Los Angeles"
"Komal Molino","California 90007",34.0173113,-118.2781477,"3655 S Grand Ave, Los Angeles, CA 90007, USA","ChIJN2ZjSwDJwoARKK1-GW6NSg4","South Los Angeles"
"Tev’s & Family Kitchen","Los Angeles",34.0002335,-118.314141,"1905 W 48th St, Los Angeles, CA 90062, USA","ChIJmVYhWn23woARrT_U5fd-wB4","South Los Angeles"
"Ray’s Texas BBQ","Huntington Park",33.9865948,-118.2299478,"6038 Santa Fe Ave, Huntington Park, CA 90255, USA","ChIJXX10eR_JwoAR7OJ1RFKTuYo",""
"Pann’s Restaurant","Los Angeles",33.9781813,-118.3706139,"6710 S La Tijera Blvd, Los Angeles, CA 90045, USA","ChIJHY_zt0G3woARRDCa0mxlEm4","Westchester"
"Vin Folk","Hermosa Beach",33.8645749,-118.4008633,"1501 Hermosa Ave, Hermosa Beach, CA 90254, USA","ChIJaQ7b8R-zwoARYMTDhwUoHWc",""
"Perse","California 90049",34.0539461,-118.4653387,"11677 San Vicente Blvd UNIT 315, Los Angeles, CA 90049, USA","ChIJ69IIPaC9woARbr0Q-bjtXKQ","Brentwood"
"Badmaash Venice","California 90291",33.989593,-118.4637278,"1616 Abbot Kinney Blvd, Venice, CA 90291, USA","ChIJvRBqBgC7woARksYbwYKIuMY","Venice"
"Liu’s Cafe Westwood","California 90024",34.0600554,-118.44608,"1108 Gayley Ave, Los Angeles, CA 90024, USA","ChIJITDaSWe9woARuZOAjL0sHcQ","Westwood"
"Very Thai","California 90067",34.0589996,-118.4200587,"10250 Santa Monica Blvd, Los Angeles, CA 90067, USA","ChIJCxvx-gq7woAR6Ie2r7yW738","Century City"
"Sushi Samba West Hollywood","California 90069",34.0819353,-118.3867539,"639 N La Peer Dr, West Hollywood, CA 90069, USA","ChIJqVYNKQC_woARJYTclb06csI","Central LA"
"Picala","California 90016",34.0280912,-118.3723471,"3337 S La Cienega Blvd, Los Angeles, CA 90016, USA","ChIJtd9MVQC5woARFfjKF8IEDqQ",""
"Harun Coffee","Los Angeles",34.004854,-118.3312672,"4336 Degnan Blvd, Los Angeles, CA 90008, USA","ChIJw_JrJaW3woARH6mlha78yf8","South Los Angeles"
"Vandell","California 90027",34.1072714,-118.2872178,"1966 Hillhurst Ave, Los Angeles, CA 90027, USA","ChIJm5hwoADBwoARuhxQiLoe-ZQ","Central LA"
"Bar di Bello","Silver Lake",34.0863784,-118.275724,"3300 Sunset Blvd #109-110, Los Angeles, CA 90026, USA","ChIJv73gctTHwoARbyl1zoy-vXM","Silver Lake"
"The Holloway","California 90026",34.077359,-118.256735,"1320 Echo Park Ave, Los Angeles, CA 90026, USA","ChIJAXjX9RzHwoAR6Ldhif9JWYI","Echo Park"
"El Moro Echo Park","California 90026",34.0760119,-118.2561531,"1524 Sunset Blvd, Los Angeles, CA 90026, USA","ChIJJ5vxHQDHwoARF8kHUJGYTN8","Echo Park"
"Le Dräq","California 90013",34.0484148,-118.2479281,"118 East 4th St, Los Angeles, CA 90013, USA","ChIJR2s0N0rGwoARscAlZYwChYQ","Downtown Los Angeles"
"Bengara","California 90013",34.0454828,-118.235729,"803 Traction Ave #150, Los Angeles, CA 90013, USA","ChIJfclQVkTHwoARU9LuJBsDmog","Downtown Los Angeles"
"Bar Betsy","California 91001",34.1881455,-118.1316748,"875 E Mariposa St, Altadena, CA 91001, USA","ChIJyROYYDXDwoARx_7TxDXZi6Q",""
"Bevel Coffee","CA 91104",34.1781415,-118.1119836,"1866 Allen Ave, Pasadena, CA 91104, USA","ChIJjXjnUQjdwoAROH-yQV-SQaQ",""
"Tacos La Carreta","CA 90805",33.8797806,-118.1521413,"3480 E 69th St, Long Beach, CA 90805, USA","ChIJg-APhOEz3YARvmi0v_XR47g","North Long Beach"
"Caguamanta y Mariscos La “O”","California 90221",33.8954999,-118.1926859,"Park, 15116 Atlantic Ave, East Compton, CA 90221, USA","ChIJzQpHHwDNwoARu9xLOqOhlPc",""
"Teddy’s Red Tacos","Hawthorne CA 90304",33.9307147,-118.3534998,"4422 W Imperial Hwy, Lennox, CA 90304, USA","ChIJzZN0iE-3woARhY5sRMX1Pvw",""
"Ta Culichi","California 90280",33.9420677,-118.1816687,"9849 Atlantic Ave, South Gate, CA 90280, USA","ChIJGRHkydjNwoARWYF3SuFFQiE",""
"Los Sabrosos al Horno","California 90201",33.9556691,-118.1821863,"4901 Patata St, Cudahy, CA 90201, USA","ChIJd9imMADNwoARIJ9RwSm3LXQ",""
"Tacos Los Guichos","Los Angeles",33.9889988,-118.2792609,"320 W Slauson Ave, Los Angeles, CA 90003, USA","ChIJl_0WtTnIwoARfTN7PQMjGEM","Florence"
"Muelle 8","California 90022",34.0163815,-118.1576139,"5221 E Olympic Blvd, East Los Angeles, CA 90022, USA","ChIJe9SgKQDPwoARr5cHOlO9q4w","South Montebello"
"Birrieria Olivia","California 90022",34.0173655,-118.1587181,"1105 S Atlantic Blvd ste 1, East Los Angeles, CA 90022, USA","ChIJqbaIVUfPwoARMzTJi0RGpfg","South Montebello"
"Los Originales Tacos Arabes de Puebla","Los Angeles",34.0187291,-118.200591,"3600 E Olympic Blvd, Los Angeles, CA 90023, USA","ChIJ1fGoBUrPwoARW9-1YP9KswE","Central LA"
"Tacos y Birria La Unica","Los Angeles",34.0225294,-118.2165992,"2840 E Olympic Blvd, Los Angeles, CA 90023, USA","ChIJWQJvFrDIwoAR2amR2uxXmu0","Central LA"
"Tacos Don Cuco","East Los Angeles",34.022712,-118.1642994,"752 S Fetterly Ave, East Los Angeles, CA 90022, USA","ChIJB7p8JgfPwoARSdIGmO7FEzI",""
"Asadero Chikali","East Los Angeles",34.0135113,-118.15965,"1321 S Atlantic Blvd, East Los Angeles, CA 90022, USA","ChIJQama4J3PwoAR1kuD8HixDRE","South Montebello"
"Tijuanazo","California 90022",34.0307225,-118.1544149,"355 S Atlantic Blvd, East Los Angeles, CA 90022, USA","ChIJN28XpcjPwoARIHWFy5tm8HI",""
"Ditroit","California 90021",34.033075,-118.2290439,"2117 Violet St, Los Angeles, CA 90021, USA","ChIJ7ZsyRInHwoARHeKk2NzYgo0","Downtown Los Angeles"
"La Salsa Tacos de Canasta","California 90015",34.0348619,-118.2573885,"1285 Maple Ave, Los Angeles, CA 90015, USA","ChIJU_Of9fLIwoARVKFmp2P5UlM","Downtown Los Angeles"
"Los Dorados LA","Los Angeles",34.0372848,-118.2518005,"1057 San Pedro St #201, Los Angeles, CA 90015, USA","ChIJuUQorzLGwoARUwe8lX3fx7A","Downtown Los Angeles"
"Birrieria Nochistlan","Los Angeles",34.0352785,-118.2002624,"3200 East 4th St, Los Angeles, CA 90063, USA","ChIJZ73l1FXPwoAR_KHWO6QD2l0","Central LA"
"Barbacoa Flores","California 90063",34.0229912,-118.164792,"757 S Fetterly Ave, East Los Angeles, CA 90022, USA","ChIJzXNqggjPwoAR9W6d43pdPE8",""
"La Flor De Yucatan","Los Angeles",34.0416491,-118.2839248,"1800 Hoover St, Los Angeles, CA 90006, USA","ChIJsXG2xZPHwoARIY9ScHIVSis","Pico-Union"
"Casa Gish Bac","California 90006",34.0453054,-118.2911424,"1436 S Vermont Ave, Los Angeles, CA 90006, USA","ChIJlfW4uK_HwoAR58TtYlAKAbc","Pico-Union"
"Macheen","CA 90033",34.0454073,-118.2042116,"2633 E Cesar E Chavez Ave, Los Angeles, CA 90033, USA","ChIJ26hHf4HFwoARLXkm1QLdVM4","Central LA"
"Carnitas El Momo","CA 91754",34.0461724,-118.1615307,"1470 Monterey Pass Rd, Monterey Park, CA 91754, USA","ChIJecqMJuLFwoARkvNfe3NHxek",""
"Leo's Tacos Truck","Los Angeles",34.046205,-118.3457754,"1515 S La Brea Ave, Los Angeles, CA 90019, USA","ChIJvyR2GP64woARi52Ja30IGjc","Mid-City"
"La Sinaloense","California 91766",33.9660464,-118.2226119,"7915 Seville Ave, Walnut Park, CA 90255, USA","ChIJdTbJd9nJwoARcOlCk_VFeoc",""
"El Ruso","CA 90026",34.1098319,-118.2879275,"2081 Hillhurst Ave, Los Angeles, CA 90027, USA","ChIJ-URtEy_PwoARpHuRchShY4Q","Central LA"
"Evil Cooks","El Sereno",34.0846087,-118.1783248,"3333 N Eastern Ave, Los Angeles, CA 90032, USA","ChIJnxMXm9TFwoARWBCxYwxmLxo","Northeast Los Angeles"
"Barbacoa Ramirez - Estilo Atotonilco El Grande","CA 91331",34.2480952,-118.4438191,"14263 Hoyt St, Arleta, CA 91331, USA","ChIJs81rBACRwoARKeehiaGMUMg","Arleta"
"Republique","Hancock Park",34.0641589,-118.343697,"624 S La Brea Ave, Los Angeles, CA 90036, USA","ChIJqaA5zt-4woARHGIEp3XlsZo","Central LA"
"Bavel","Arts District",34.041487,-118.2329313,"500 Mateo St #102, Los Angeles, CA 90013, USA","ChIJAQDw5jzGwoARJ0ddsqWyCAQ","Downtown Los Angeles"
"Mh Zh","Silver Lake",34.1639702,-118.285055,"6222 San Fernando Rd Unit #110, Glendale, CA 91201, USA","ChIJq33kWsLBwoARNijpilRqxmQ","Grandview"
"Mes Amis","Hancock Park",34.0820893,-118.3758333,"8478 Melrose Ave, West Hollywood, CA 90069, USA","ChIJ8bV4CwC_woARETMKsps1zP8","Central LA"
"Yangban","Arts District",34.0339769,-118.2297393,"712 S Santa Fe Ave, Los Angeles, CA 90021, USA","ChIJ4fs7p7_HwoARRSTDRJkYSn0","Downtown Los Angeles"
"Philippe the Original","Chinatown",34.0596863,-118.2370489,"1001 N Alameda St, Los Angeles, CA 90012, USA","ChIJd9NcMVvGwoARpVcjtJfZBQo","Central LA"
"Badmaash","Los Angeles",34.0511033,-118.2448571,"108 W 2nd St APT 104, Los Angeles, CA 90012, USA","ChIJq0IHewzHwoARYMG4rYVPFlY","Downtown Los Angeles"
"Redbird","Los Angeles",34.050562,-118.2440748,"114 E 2nd St, Los Angeles, CA 90012, USA","ChIJv4yVGknGwoARC_5zwy3zU5M","Downtown Los Angeles"
"Bar Sawa","Los Angeles",34.0500968,-118.2413802,"111 S San Pedro St sawa, Los Angeles, CA 90012, USA","ChIJzXSyNY_HwoARdQW_877scvM","Downtown Los Angeles"
"Marugame Monzo","Los Angeles",34.0499476,-118.2400437,"329 1st St, Los Angeles, CA 90012, USA","ChIJfYSGw0fGwoARyMqh31EfoXg","Downtown Los Angeles"
"Maccheroni Republic","Los Angeles",34.0500306,-118.2485361,"332 S Broadway, Los Angeles, CA 90013, USA","ChIJvVvovUvGwoARYrOMSp23rpQ","Downtown Los Angeles"
"San Laurel","Los Angeles",34.0551769,-118.2485837,"100 S Grand Ave, Los Angeles, CA 90012, USA","ChIJuwYFlk3GwoARTs1-5w3IoJI","Downtown Los Angeles"
"Orsa & Winston","Los Angeles",34.0484248,-118.2480162,"FARMERS AND MERCHANTS BANK BUILDING, 122 4th St, Los Angeles, CA 90013, USA","ChIJh9W-NkrGwoARmn2KQbXkdhg","Downtown Los Angeles"
"715","Los Angeles",34.0454637,-118.2367476,"738 E 3rd St, Los Angeles, CA 90013, USA","ChIJyweGFPLHwoAR2CIY63KgPqU","Downtown Los Angeles"
"Yunomi Handroll","Los Angeles",34.0457256,-118.2359452,"806 E 3rd St #100, Los Angeles, CA 90013, USA","ChIJSXug65vHwoARL7woRsKWBV0","Downtown Los Angeles"
"Manuela","Los Angeles",34.0464599,-118.2348337,"907 E 3rd St, Los Angeles, CA 90013, USA","ChIJ1c-IyT7GwoARIYcIK2TyJ3k","Downtown Los Angeles"
"Lynx","Los Angeles",34.0427531,-118.2353592,"427 S Hewitt St, Los Angeles, CA 90013, USA","ChIJXf9uiTvGwoARqVzFarXO4yI","Downtown Los Angeles"
"Q Sushi","Los Angeles",34.0471236,-118.2561055,"521 W 7th St, Los Angeles, CA 90014, USA","ChIJdVr6UrTHwoARPa44y99pcs8","Downtown Los Angeles"
"The Factory Kitchen","Los Angeles",34.0389831,-118.2358783,"1300 Factory Pl, Los Angeles, CA 90013, USA","ChIJKdvOsiTGwoAROdFrQHvqplE","Downtown Los Angeles"
"Girl & the Goat Los Angeles","Los Angeles",34.0402258,-118.2331693,"555-3 Mateo St, Los Angeles, CA 90013, USA","ChIJXVodUFfHwoARe63Z7LSuUnY","Downtown Los Angeles"
"Morihiro","Los Angeles",34.0671021,-118.2489228,"1115 Sunset Blvd Ste 100, Los Angeles, CA 90012, USA","ChIJ4-k-iiDBwoARPT_AOvL9pIc","Echo Park"
"Pizzeria Bianco Los Angeles","Los Angeles",34.0343553,-118.2415658,"1320 E 7th St Suite 100, Los Angeles, CA 90021, USA","ChIJU4B7dFzHwoARzYn5dctIk0I","Downtown Los Angeles"
"Dama","Los Angeles",34.0352687,-118.2531717,"612 E 11th St, Los Angeles, CA 90015, USA","ChIJP0XXzpnHwoAR3rxS5t6diqY","Downtown Los Angeles"
"Rossoblu","Los Angeles",34.034925,-118.2533583,"1124 San Julian St, Los Angeles, CA 90015, USA","ChIJc6BaWc3HwoARjoG2U9gMA3Q","Downtown Los Angeles"
"Grá","Los Angeles",34.0665901,-118.2608467,"1524 Pizarro St, Los Angeles, CA 90026, USA","ChIJ35H4d-fHwoARK-W7Ikwq5VU","Westlake"
"kodō","Los Angeles",34.0341404,-118.2296539,"710 S Santa Fe Ave, Los Angeles, CA 90021, USA","ChIJV1jAhnvHwoARZ9dxuVaVvU4","Downtown Los Angeles"
"SORA Craft Kitchen","Fashion District",34.031229,-118.2474104,"1109 E 12th St, Los Angeles, CA 90021, USA","ChIJSS2BSADHwoARymeurjdA2GM","Downtown Los Angeles"
"majordōmo","Los Angeles",34.0690822,-118.2261672,"1725 Naud St, Los Angeles, CA 90012, USA","ChIJJxloG2HGwoARrnxMRe2L_ik","Central LA"
"Guisados","Los Angeles",34.0482592,-118.2114677,"2100 E Cesar E Chavez Ave, Los Angeles, CA 90033, USA","ChIJJa92LAnGwoARwH4CYPv5T6k","Central LA"
"Langer's","Los Angeles",34.0561783,-118.2767993,"704 S Alvarado St, Los Angeles, CA 90057, USA","ChIJP1rAZZ_HwoARAcX96y-BrjY","Westlake"
"Rasarumah","Los Angeles",34.0721039,-118.2824117,"3107 Beverly Blvd, Los Angeles, CA 90026, USA","ChIJ5fd-NQDHwoARKiTGuaNIeco","Westlake"
"Yong Su San","Los Angeles",34.053888,-118.2913861,"950 S Vermont Ave, Los Angeles, CA 90006, USA","ChIJbUuYUYLHwoARCMxYI_5enJs","Koreatown"
"Carnes Asadas Pancho Lopez","Los Angeles",34.0837836,-118.2130832,"3328 Pasadena Ave, Los Angeles, CA 90031, USA","ChIJU5QfL6LHwoARElU2Bdi-hLY","Lincoln Heights"
"Komal","Los Angeles",34.0173113,-118.2781477,"3655 S Grand Ave, Los Angeles, CA 90007, USA","ChIJN2ZjSwDJwoARKK1-GW6NSg4","South Los Angeles"
"Danbi","Los Angeles",34.0639719,-118.296799,"3465 W 6th St Suite 90-100, Los Angeles, CA 90020, USA","ChIJuTPeFhzHwoARI7fwwRTGm6o","Koreatown"
"Quarters BBQ","Los Angeles",34.064016,-118.297709,"3465 W 6th St #C-130, Los Angeles, CA 90020, USA","ChIJoz3QPH3HwoAR-eUJ2juVyzQ","Koreatown"
"ALTO","Studio City",34.1457282,-118.4160882,"12969 Ventura Blvd, Studio City, CA 91604, USA","ChIJUd5vqbS9woARTZn4vZ1iRR4","Studio City"
"CASA LEO","Los Angeles",34.111469,-118.2876817,"4500 Los Feliz Blvd ste c, Los Angeles, CA 90027, USA","ChIJ4WpfIPTBwoARcEUx0OQb93E","Central LA"
"Dha Rae Oak","Los Angeles",34.0505559,-118.3087721,"1106 S Western Ave, Los Angeles, CA 90006, USA","ChIJE4V_cn24woARWMvbbXPqXgw","Central LA"
"Pollo a la Brasa","Los Angeles",34.0578089,-118.308724,"764 S Western Ave, Los Angeles, CA 90005, USA","ChIJy7zNpMi5woARzzZwdauukV0","Koreatown"
"Jeong Yuk Jeom","Los Angeles",34.0629721,-118.3095601,"621 S Western Ave #100, Los Angeles, CA 90005, USA","ChIJCVZYpIy5woARnN-7t9XK0FA","Koreatown"
"Chosun Galbee","Los Angeles",34.0524295,-118.310468,"3330 W Olympic Blvd, Los Angeles, CA 90019, USA","ChIJYYyO5Ye4woAR0qhSVgRmlvE","Central LA"
"Kismet","Los Angeles",34.1002247,-118.2907264,"4648 Hollywood Blvd, Los Angeles, CA 90027, USA","ChIJD1Q7U6zAwoAR5-VymMH76V0","East Hollywood"
"Bar Etoile","Los Angeles",34.0828373,-118.3088885,"632 N Western Ave, Los Angeles, CA 90004, USA","ChIJwyI49am5woARRUmsecc_08U","East Hollywood"
"Villa's Tacos","Los Angeles",34.1086054,-118.1968497,"5455 N Figueroa St, Los Angeles, CA 90042, USA","ChIJEWvw-dLBwoARkYj5myw6LmY","Highland Park"
"Hippo","Los Angeles",34.1106445,-118.1903416,"5916 1/2 N Figueroa St, Los Angeles, CA 90042, USA","ChIJKfzc1hTFwoARglWDAZ2qTXA","Highland Park"
"Mae Malai Thai House of Noodles","Los Angeles",34.1025651,-118.3087001,"5445 Hollywood Blvd unit a, Los Angeles, CA 90027, USA","ChIJO3gbprC_woARmkeOlkdmYKY","Central LA"
"Chifa","Los Angeles",34.1236725,-118.2210263,"4374 N Eagle Rock Blvd, Los Angeles, CA 90041, USA","ChIJIU8Bc0_BwoAROGY7LCFmwak","Northeast Los Angeles"
"Kali","Los Angeles",34.0833493,-118.3244936,"5722 Melrose Ave, Los Angeles, CA 90038, USA","ChIJdfiEi8m4woAR82sc6js_AXs","Larchmont"
"Flavors from Afar","Los Angeles",34.1015848,-118.313241,"5652 Hollywood Blvd, Hollywood, CA 90028, USA","ChIJ4bBUgAu5woARBXjZoiwNzCo","Hollywood"
"République","Hollywood",34.0641589,-118.343697,"624 S La Brea Ave, Los Angeles, CA 90036, USA","ChIJqaA5zt-4woARHGIEp3XlsZo","Central LA"
"Pizzeria Mozza","Los Angeles",34.0831169,-118.3388666,"641 Highland Ave, Los Angeles, CA 90036, USA","ChIJbWvuoNO4woARx2Xy5MvJ138","Melrose"
"Meteora","Los Angeles",34.0837081,-118.3399396,"6703 Melrose Ave, Los Angeles, CA 90038, USA","ChIJ9-5CroC5woARfbFyVsudp1c","Melrose"
"Lugya'h","Los Angeles",34.025759,-118.343252,"4301 W Jefferson Blvd, Los Angeles, CA 90016, USA","ChIJVVXJjWzIwoARR1j7748wsTw","South Los Angeles"
"Gwen","Los Angeles",34.097749,-118.333428,"6600 Sunset Blvd, Los Angeles, CA 90028, USA","ChIJLz5MuTq_woARNr7ORKQW7-4","Central LA"
"Angelini Osteria","Los Angeles",34.0763922,-118.3491316,"7313 Beverly Blvd, Los Angeles, CA 90036, USA","ChIJIw18dSm5woARA1m3GjDhyR8","Fairfax"
"Ronan","Los Angeles",34.0837054,-118.3492464,"7315 Melrose Ave, Los Angeles, CA 90046, USA","ChIJu4wpBcm_woARVYpXzbD6yaU","Fairfax"
"Zhengyalov Hatz","Glendale",34.1461556,-118.2517715,"318 E Broadway, Glendale, CA 91205, USA","ChIJHYMMY5jBwoARuWyMBml6kdM","Downtown"
"Zira Uzbek Kitchen","Los Angeles",34.083373,-118.3518271,"7422 Melrose Ave, Los Angeles, CA 90046, USA","ChIJCx90FgC_woARX-Q76u19ppc","Fairfax"
"Alta Adams","Los Angeles",34.0326964,-118.3599832,"5359 W Adams Blvd, Los Angeles, CA 90016, USA","ChIJ5XZfNW65woARIhG9hN44XQ4",""
"Lalibela","Los Angeles",34.0574011,-118.3645025,"1025 S Fairfax Ave, Los Angeles, CA 90019, USA","ChIJQ2hu7xW5woARDzFGVM33-qA","Little Ethiopia"
"Lunasia Dim Sum House","Alhambra",34.0922794,-118.1321981,"500 W Main St, Alhambra, CA 91801, USA","ChIJj76MBSHFwoARhit_xu1N6y0",""
"Jon & Vinny’s","Los Angeles",34.0786444,-118.3612833,"412 N Fairfax Ave, Los Angeles, CA 90036, USA","ChIJA2LuJDO5woARuhCFGBZy40o","Fairfax"
"Ipoh Kopitiam","Alhambra",34.0779726,-118.1232398,"1411 S Garfield Ave #104, Alhambra, CA 91801, USA","ChIJ9RjhzfrFwoARWsgrp0yY50o",""
"Connie & Ted’s","West Hollywood",34.0911444,-118.3672167,"8171 Santa Monica Blvd, West Hollywood, CA 90046, USA","ChIJ25aVB8e-woAROgPaea77dCU","Central LA"
"Longo Seafood","Rosemead",34.0623826,-118.1046597,"7540 Garvey Ave, Rosemead, CA 91770, USA","ChIJ7_aTw6nawoARLZyk4LRQ46Y","Garvey"
"Rocio's Mexican Kitchen","Bell Gardens",33.9600291,-118.1565775,"7891 Garfield Ave, Bell Gardens, CA 90201, USA","ChIJMyeYDNPNwoARhfz95zN8DwU","South Montebello"
"Destroyer","Culver City",34.0246417,-118.3813241,"3578 Hayden Ave, Culver City, CA 90232, USA","ChIJv4oUtZq5woARx5Em5PykPOY","Hayden Tract"
"Vespertine","Culver City",34.0241968,-118.3818786,"3599 Hayden Ave, Culver City, CA 90232, USA","ChIJVd04SYW5woAROE52K0dXeYE","Hayden Tract"
"Agnes","Pasadena",34.1442966,-118.151331,"40 W Green St, Pasadena, CA 91105, USA","ChIJHX5Is3zDwoAR-tMO5OyIYZY","South Arroyo"
"Union","Pasadena",34.1469979,-118.1496377,"37 Union St, Pasadena, CA 91103, USA","ChIJ6bJimnHDwoARLVTrXTHBoVY","Old Pasadena"
"Perle","Pasadena",34.1470275,-118.1494717,"43 Union St, Pasadena, CA 91103, USA","ChIJx8_PBB7DwoARG_C4RBoc76g","Old Pasadena"
"Juliet","Culver City",34.0266284,-118.3887992,"8888 Washington Blvd Suite 102, Culver City, CA 90232, USA","ChIJp83c4u-5woARMugh11k9v8c","Lucerne - Higuera"
"Ardor","West Hollywood",34.0903366,-118.3895812,"9040 Sunset Blvd, West Hollywood, CA 90069, USA","ChIJH50jK7q_woARoGL0jC_3YCA","Sunset Strip"
"matū","Beverly Hills",34.0636143,-118.3993775,"239 S Beverly Dr Suite 100, Beverly Hills, CA 90212, USA","ChIJ27FZ6zm7woAR6YoHNkISc_E",""
"Adana Restaurant","Glendale",34.1736487,-118.2984803,"6918 San Fernando Rd, Glendale, CA 91201, USA","ChIJ4x86kQDAwoARboNmzzM6WUM","Grandview"
"Avra","Beverly Hills",34.0677857,-118.400167,"233 N Beverly Dr, Beverly Hills, CA 90210, USA","ChIJR5Pz5_i7woARtWdGNLs1PGA",""
"CUT","Beverly Hills",34.0668328,-118.4010341,"9500 Wilshire Blvd, Beverly Hills, CA 90212, USA","ChIJz-22Hfm7woARxyqG7hQ_rts",""
"Kusano","Culver City",34.0021592,-118.3925679,"10726 Jefferson Blvd, Culver City, CA 90230","ChIJIdwvYcO5woARTwjGp_mDuRQ","Blanco - Culver Crest"
"IMA","Los Angeles",34.0690784,-118.40684,"9669 S Santa Monica Blvd #1, Beverly Hills, CA 90210, USA","ChIJB7RMK8e9woARj0juQCDxUiI",""
"Tempura Endo","Beverly Hills",34.0675996,-118.4090648,"9777 Santa Monica Blvd, Beverly Hills, CA 90210, USA","ChIJw4ER4Am8woAR9gdE_QUzg5A",""
"Lumière","Los Angeles",34.0574708,-118.4157903,"2025 Ave of the Stars, Los Angeles, CA 90067, USA","ChIJ1ebP_g27woARkTzWjtho9Hw","Century City"
"Leona’s Sushi House","Studio City",34.1420234,-118.3897292,"11814 Ventura Blvd, Studio City, CA 91604, USA","ChIJAaMAGce_woARENwqwFZ__Ik","Studio City"
"Asanebo","Studio City",34.1435667,-118.3918694,"11941 Ventura Blvd, Studio City, CA 91604, USA","ChIJO6ES4ge-woARQ-_ip6PvEUk","Studio City"
"Ayara Thai","Los Angeles",33.9586744,-118.3945255,"6245 W 87th St, Los Angeles, CA 90045, USA","ChIJtXVoYM2wwoARJTEciXGSZ5s","Westchester"
"KOJIMA","Los Angeles",34.0390561,-118.4414552,"United States, California, Los Angeles, Sawtelle Blvd, Suite 211","ChIJ0ybze4W7woARnWibOHEoHPU","Sawtelle"
"Hatchet Hall","Los Angeles",33.9970039,-118.4316061,"12517 Washington Blvd, Los Angeles, CA 90066, USA","ChIJ9bOUX2a6woARMexni9pIRdU","Culver - West"
"Killer Noodle","Los Angeles",34.040324,-118.4428499,"2030 Sawtelle Blvd, Los Angeles, CA 90025, USA","ChIJ2_gA43S7woARjScbyy51Lyc","Sawtelle"
"Lulu","Los Angeles",34.0596216,-118.443614,"10899 Wilshire Blvd, Los Angeles, CA 90024, USA","ChIJk2YUd_m9woARHeliq1FRRS4","Westwood"
"Electric Bleu","Los Angeles",34.0099319,-118.4386257,"3523 S Centinela Ave, Los Angeles, CA 90066, USA","ChIJbyaCjJC7woAR_xvFzbIPxX8","Mar Vista"
"Sweet Rice","Gardena",33.8882679,-118.3052257,"1630 W Redondo Beach Blvd #4, Gardena, CA 90247, USA","ChIJA1Tcvf21woAR1ZaqxOxjUWE",""
"Pizzana","Los Angeles",34.0533058,-118.4660211,"11712 San Vicente Blvd, Los Angeles, CA 90049, USA","ChIJVZvhf1-7woARcqyyuL-2qjw","Brentwood"
"Sushi Sonagi","Gardena",33.8735088,-118.3012037,"1425 Artesia Blvd UNIT 27, Gardena, CA 90248, USA","ChIJiQId4c21woAR7Na-g3TATdA",""
"Dear Jane's","Marina del Rey",33.9787614,-118.4532484,"13950 Panay Way, Marina Del Rey, CA 90292, USA","ChIJzX6LSeW7woAR24LBW-Ws-64",""
"Charcoal Venice","Venice",33.9816272,-118.4629432,"425 Washington Blvd, Venice, CA 90292, USA","ChIJX41ccC67woARuk-Im7V-TVo","Venice"
"Fia Steak","Santa Monica",34.0349572,-118.478426,"2458 Wilshire Blvd, Santa Monica, CA 90403, USA","ChIJbUBxaQ27woARxrznBtjpzX0","Mid-City"
"Fia","Santa Monica",34.0349451,-118.4784436,"2454 Wilshire Blvd, Santa Monica, CA 90403, USA","ChIJJ0x7pdi7woARke8PSz8SC7k","Mid-City"
"Chulita","Venice",33.99886,-118.47311,"533 Rose Ave, Venice, CA 90291, USA","ChIJsXSoxpy7woAREsfVn7N9Q2w","Venice"
"Rustic Canyon","Santa Monica",34.0250795,-118.4913174,"1119 Wilshire Blvd, Santa Monica, CA 90401, USA","ChIJVSrXF8qkwoARXxeoyWyDrHk","Wilshire Montana"
"Colapasta","Santa Monica",34.0191082,-118.4959872,"1241 5th St, Santa Monica, CA 90401, USA","ChIJbWaqjXOlwoAR5wGv80g7xng","Downtown"
"The Lobster","Santa Monica",34.0110642,-118.4949955,"1602 Ocean Ave, Santa Monica, CA 90401, USA","ChIJFZfRvdmkwoARBOMGLWwqfk0",""
"Tūmbi","Santa Monica",34.0145687,-118.4977306,"115 Santa Monica Blvd, Santa Monica, CA 90401, USA","ChIJd9n4_c-kwoAR3N2OYZpI6a8",""
"Élephante","Santa Monica",34.0152447,-118.4979996,"1332 2nd St Rooftop, Santa Monica, CA 90401, USA","ChIJ0YbI98-kwoARR9xzsPQ28cE",""
"Fishing with Dynamite","Manhattan Beach",33.8853543,-118.4109165,"1148 Manhattan Ave, Manhattan Beach, CA 90266, USA","ChIJx8Fqf-uzwoARNgjsQAO6kV0",""
"Manhattan Beach Post","Manhattan Beach",33.8852472,-118.4107417,"1142 Manhattan Ave, Manhattan Beach, CA 90266, USA","ChIJ1xvteOuzwoAR4YYewt0xbzU",""
"Pasta|Bar","Encino",34.1571442,-118.4840268,"16101 Ventura Blvd #255, Encino, CA 91436, USA","ChIJO84WyaaXwoARGH9mHWHN5mw","Encino"
"RYLA","Hermosa Beach",33.8627001,-118.3997198,"1220 Hermosa Ave, Hermosa Beach, CA 90254, USA","ChIJ0XOGcKuzwoAR7UuOyKmZ3XU",""
"Little Fish &#8211; Melrose Hill","Melrose Hill",34.0836353,-118.3101961,"5035 Melrose Ave, Los Angeles, CA 90038, USA","ChIJR8UUnN-5woARHNJPX8OymE0","Central LA"
"Regalade","Los Angeles",34.0720973,-118.3672188,"8136 W 3rd St, Los Angeles, CA 90048, USA","ChIJwUycEAC5woAR_XfBzVFg2WI","Central LA"
"baby bistro","Victor Heights",34.0656213,-118.2469651,"1027 Alpine St, Los Angeles, CA 90012, USA","ChIJpboOd2HHwoAR0kwNDqK4cgw","Chinatown"
"Wilde's","Los Feliz",34.104621,-118.2872792,"1850 Hillhurst Ave, Los Angeles, CA 90027, USA","ChIJSY9FqevBwoARaGk7DgHCPqs","Central LA"
"Ine Bistro","Eagle Rock",34.1227173,-118.2141486,"4672 York Blvd, Los Angeles, CA 90041, USA","ChIJax-kDpTBwoARfHl8XjaL1SA","Highland Park"
"Joyce","Los Angeles",34.046269,-118.2571646,"770 S Grand Ave A, Los Angeles, CA 90017, USA","ChIJc4H1gjPHwoARAsH-iMaH3OI","Downtown Los Angeles"
"Bar Sinizki","Atwater Village",34.1172031,-118.2622504,"3147 Glendale Blvd, Los Angeles, CA 90039, USA","ChIJhcdeTADBwoARsrBGnXNSG8E","Northeast Los Angeles"
"Miga","Hackney",51.5345336,-0.0576598,"1 Mare St, London E8 4RP, UK","ChIJtUWINwAddkgRZpNHXJfDHaE",""
"OMA","Borough",51.505349,-0.090019,"3 Bedale St, London SE1 9AL, UK","ChIJ4co2k5kDdkgROKjVBk6wD8k",""
"Plates London","Old Street",51.5265887,-0.0820097,"320 Old St, London EC1V 9DR, UK","ChIJ8UUT9LscdkgRUpwod2WlxEg",""
"Mambow","Clapton",51.5528436,-0.0527743,"78 Lower Clapton Rd, Lower Clapton, London E5 0RN, UK","ChIJyZEVG4YddkgRhZtMxBaAFAw","Lower Clapton"
"The Dover","Mayfair",51.5088915,-0.1429985,"33 Dover St, London W1S 4NF, UK","ChIJxdsYFy0FdkgRho04Glik8uI",""
"Cafe Mondo","Camberwell",51.4734765,-0.0811846,"42 Peckham Rd, London SE5 8PX, UK","ChIJL8FtHCkDdkgR2ydcEmEOD74",""
"Tollington's","Finsbury Park",51.5682827,-0.1109213,"172 Tollington Park, Finsbury Park, London N4 3AJ, UK","ChIJL3zjupAbdkgR7SC_AKmoGYY","Finsbury Park"
"Mauby","Brockley",51.4637742,-0.0357929,"1 Harefield Rd, London SE4 1LW, UK","ChIJE-SHjV8DdkgRC7l1gs_Vwqc",""
"Speedboat Bar","Chinatown",51.5111755,-0.1326545,"30 Rupert St, London W1D 6DL, UK","ChIJbX_Fhx8FdkgRbTfFDICmOhQ",""
"Brunswick House","Vauxhall",51.4847537,-0.1265278,"30 Wandsworth Rd, London SW8 2LG, UK","ChIJGYRZ5pUFdkgRXen44JUgN00",""
"Bouchon Racine","England EC1M 6BP",51.5200328,-0.1038862,"Upstairs, 66 Cowcross St, London EC1M 6BP, UK","ChIJyUtvKA0bdkgRSlDGC0DA5VM",""
"BiBi","London",51.5124392,-0.1533455,"42 N Audley St, London W1K 6ZP, UK","ChIJYWoeDNwFdkgRO0iJcsoOUQM",""
"St. JOHN","London",51.5204534,-0.1014304,"26 St John St, Barbican, London EC1M 4AY, UK","ChIJFzO5YVEbdkgR1zdv5_hzZwg","Barbican"
"Kurisu Omakase","London",51.4613031,-0.1114052,"58D Atlantic Rd, London SW9 8PY, UK","ChIJEy90jC4FdkgRbDp-IFD2BQA",""
"Normah's","London",51.5110391,-0.1873739,"23, 25 Queensway, London W2 4QJ, UK","ChIJpcvq8lUFdkgRqJwg19F7cLY",""
"Trattoria Brutto","London",51.5198142,-0.102394,"35-37 Greenhill Rents, London EC1M 6BN, UK","ChIJA_ddD44bdkgR0SzfkKGmIZ4",""
"Akoko","London",51.5177129,-0.1368354,"21 Berners St, London W1T 3LP, UK","ChIJU7uHDYcbdkgRttS28-dNO7E",""
"One Club Row","London",51.5240027,-0.074219,"1 Club Row, London E1 6JX, UK","ChIJLTPl7JIddkgR76bZYSpbA2A",""
"HIMI","London",51.5135356,-0.1384739,"4 Newburgh St, Carnaby, London W1F 7RF, UK","ChIJ55chIgAFdkgR88fqT5B_wsM","Carnaby"
"Sonora Taquería","London",51.5626591,-0.0733332,"208 Stoke Newington High St, London N16 7HU, UK","ChIJrwOaCxEddkgREB54Uznpbaw",""
"BELLY","London",51.5454542,-0.1418067,"157 Kentish Town Rd, London NW1 8PD, UK","ChIJtQrXZhMbdkgRJxv-z_nrNnI",""
"Zeret Kitchen","Camberwell",51.4786911,-0.0946898,"216-218 Camberwell Rd, London SE5 0ED, UK","ChIJJd_nKX4DdkgRdsLXS_Ey8As",""
"Tasty Jerk","London",51.3986955,-0.0885156,"88 Whitehorse Ln, London SE25 6RQ, UK","ChIJ04etHy4BdkgRFYSp2NzSvu0",""
"Ikoyi","England SW1Y 4AH",51.5123709,-0.1155466,"180 Strand, Temple, London WC2R 1EA, UK","ChIJkw2CZtEEdkgRgiNBxbdniHE","Temple"
"CORE by Clare Smyth","London",51.5127727,-0.2031335,"92 Kensington Park Rd, London W11 2PN, UK","ChIJVVU8V-IPdkgRzKjRtNrdvDw",""
"Donia","London",51.512541,-0.1389043,"2.5, Top Floor, Kingly Ct, Carnaby St, Carnaby, London W1B 5PW, UK","ChIJTUoBsQAFdkgRNfxmFv7zQIU","Carnaby"
"The Devonshire","London",51.5106275,-0.1353358,"The Devonshire, 17 Denman St, London W1D 7HW, UK","ChIJsc95TQcFdkgRDgDjFkIJCz8",""
"Eat Vietnam Bar-B-Grill","London",51.4838792,-0.0322988,"234 Evelyn St, London SE8 5BZ, UK","ChIJKTgy0-8CdkgRSiJSWKM0Jmk",""
"Trullo","Islington",51.546265,-0.1015699,"300-302 St Paul's Rd, London N1 2LH, UK","ChIJjVaytWQbdkgRKi6VkI5G4fM",""
"Bar Etna","London",51.5517926,-0.085977,"47 Newington Grn, Newington Green, London N16 9PX, UK","ChIJ4-IK9rEddkgRJ17qx-zJ8Xw","Newington Green"
"Garden Bar Grill & Smokehouse By Cue Point","London",51.5130283,-0.2179423,"41 Bramley Rd, London W10 6SZ, UK","ChIJ637zpK0PdkgR-JcxvdWnl4I",""
"Tavern","London",51.5271018,-0.0797259,"374-378 Old St, London EC1V 9LT, UK","ChIJ36mWTv0cdkgR5b7OPZ84Gto",""
"Weezie’s","London",51.4933919,-0.1493819,"14, 15 Eccleston Yards, London SW1W 9AZ, UK","ChIJ7bFaTTYFdkgRQ8e3qtagZqw",""
"Kumori","London",51.5107028,-0.134683,"26 Denman St, London W1D 7HX, UK","ChIJ75Vqvp8bdkgR5KQgOp6K5_A",""
"Teal By Sally Abé","London",51.5455406,-0.061112,"52 Wilton Way, London E8 1BG, UK","ChIJzVKG4F8ddkgRqoOKQAXRTpo",""
"Edami","London",51.552544,-0.0713602,"Unit Ab004, 73-75 Shacklewell Ln, London E8 2EB, UK","ChIJyQAD4jcddkgRu6NVQ-1ygl0",""
"Burro","London",51.5117667,-0.1251297,"2, Floral Court, Floral St, London WC2E 9FB, UK","ChIJn0cIykwFdkgRkJL_xSjcqYI",""
"Impala","London",51.5147517,-0.1331213,"13-14 Dean St, London W1D 3RS, UK","ChIJ7-ZZXQAFdkgRSTL7vNlRbzs",""
"Simpson’s in the Strand","London",51.5106138,-0.1205496,"100 Strand, London WC2R 0EZ, UK","ChIJCyGjxMsEdkgR56s8-gFqDnU",""
"Berenjak","London",51.5130327,-0.1307591,"27 Romilly St, London W1D 5AL, UK","ChIJm2ZLEzMFdkgRZrDcaZENVrw",""
"Maza","London",51.5110302,-0.1447857,"21-23 Bruton Pl, London W1J 6NB, UK","ChIJqy-cHwAFdkgRoABu3g3UlM8",""
"Logma","London",51.5331534,-0.0654155,"81 Goldsmiths Row, London E2 8QR, UK","ChIJf1NBKgAddkgRiEJ2rOa19o8",""
"Pophams","Islington",51.53685,-0.0964446,"19 Prebend St, London N1 8PF, UK","ChIJ6ah3ZWAbdkgRnIohEE0UryM",""
"Farha","London",51.5522102,-0.0045147,"42 High Road, London E15 2BP, UK","ChIJJ3iWuJ8ddkgRptNXL_Mit3E",""
"Onsu","London",51.512517,-0.1319059,"55A Dean St, London W1D 6AG, UK","ChIJweFlL5AFdkgRMp6vfBirxAE",""
"Suba Bakery","London",51.5794366,-0.0182321,"372 Hoe St, London E17 9AA, UK","ChIJu7rb0FcddkgRycuf6rnxO0Y",""
"Fortitude Bakehouse","London",51.5228207,-0.1242042,"35 Colonnade, London WC1N 1JD, UK","ChIJVxsH2DAbdkgRONMO5bA31EA",""
"Zeit Für Brot","London",51.5320665,-0.1065183,"1 Islington High St, London N1 9LQ, UK","ChIJl3cOF_4bdkgRFoy9Y8-GgTE",""
"Nagare Bankside","London",51.5070673,-0.0972708,"Unit A, Eastern Building, 2 Triptych Pl, London SE1 9RD, UK","ChIJtZCQdeMFdkgRr8Ei5ovFdNs",""
"Le Choux","London",51.52539,-0.2144265,"332 Ladbroke Grove, London W10 5AD, UK","ChIJR-kQDAUQdkgRRHjNGslIvOI",""
"August Bakery","London",51.4611209,-0.1628359,"4-6a Battersea Rise, London SW11 1ED, UK","ChIJ1wGLh_oFdkgRwq_-G4Bkv4U",""
"Common Breads","London",51.4939671,-0.1470608,"110 Buckingham Palace Rd, London SW1W 9SA, UK","ChIJ-xBcaZEFdkgRZ6htuvgyCWI",""
"Layla Bakery","London",51.5216871,-0.2104802,"332 Portobello Rd, London W10 5SA, UK","ChIJXTm9ihQRdkgRhUkzWtyZCuc",""
"Mahali Bakery","London",51.4763807,-0.1487075,"Ground Floor Retail, 24 Battersea Park Rd, London SW11 4HY, UK","ChIJf2zNer0FdkgR2Ge0-4bDJCI",""
"Kuro Bakery","London",51.5087027,-0.1975489,"95 Notting Hill Gate, London W11 3JZ, UK","ChIJAWhRYQkPdkgRoa5gCrJawjM",""
"Bunhead Bakery","London",51.4525594,-0.1023694,"145 Dulwich Rd, London SE24 0NG, UK","ChIJqd3zMcHOaW8RA_nwua1WH0s",""
"Tarn Bakery","London",51.5719614,-0.1297883,"83 Hazellville Rd, London N19 3NB, UK","ChIJQar9tYQbdkgRsfy1hko_eoo",""
"Quince Bakery","London",51.5372031,-0.0911467,"267 New N Rd, London N1 7AA, UK","ChIJQ-vJfdYddkgRJvAtJjsJKxA",""
"Maya's Bakehouse","London",51.4541245,-0.1130471,"37 Tulse Hill, London SW2 2TJ, UK","ChIJob38vxoFdkgRDoiQbcHuB88",""
"Eric's","London",51.45712,-0.0691984,"20 Upland Rd, London SE22 9EF, UK","ChIJ-6CoCFYDdkgRq5vZjwjrNMA",""
"Forno","London",51.5346029,-0.0577733,"322 Andrews Rd, London E8 4RP, UK","ChIJIVtLdb4ddkgRSxKCld0Z_To",""
"Ararat Bread","Greater London",51.5479697,-0.0715018,"132 Ridley Rd, London E8 2NR, UK","ChIJuVXvOI0cdkgRgT0e2p7hN0M",""
"Adoh!","London",51.5108962,-0.1230152,"36 Maiden Ln, London WC2E 7LJ, UK","ChIJt4bz9MsEdkgRMrZkaraglEM",""
"Junk Soho","London",51.5126541,-0.1323859,"49 Old Compton St, London W1D 6HL, UK","ChIJq7x86joFdkgRM6RaQHkGbt0",""
"Wong Kei","London",51.5114754,-0.1323797,"41-43 Wardour St, London W1D 6PX, UK","ChIJz-VvsdMEdkgR1lQfyxijRMw",""
"Roti King","London",51.5290963,-0.1319957,"40 Doric Way, Euston Rd., London NW1 1LH, UK","ChIJtRRu9iQbdkgRqt8jDR1osYw",""
"Tongue & Brisket","London",51.5197222,-0.1091667,"24-26 Leather Ln, London EC1N 7SU, UK","ChIJaxs7LkwbdkgRT0NN-NL4gxw",""
"Dzo! Viet Kitchen","London",51.5407805,-0.1029576,"163 Upper St, London N1 1US, UK","ChIJUxzbp9IbdkgRSR8De70YlMY",""
"Andy's  Greek Taverna","London",51.5377469,-0.139848,"23 Pratt St., London NW1 0BG, UK","ChIJRyzDxB8bdkgRSHoXhUaj5gk",""
"Indian Veg","London",51.5332763,-0.1105098,"92-93 Chapel Market, London N1 9EX, UK","ChIJU2FpzUMbdkgR66gSDIr4Ofs",""
"Blankita","London",51.5827407,-0.0732578,"711 Seven Sisters Rd, South Tottenham, London N15 5JT, UK","ChIJu-fZ6z8ddkgRxVKy4yIBJkI","South Tottenham"
"Durak Tantuni","West Green",51.5863725,-0.0948777,"390 W Green Rd, London N15 3PX, UK","ChIJe8kfzvcbdkgRzNuOyHx5Kj8",""
"Bar D4100","London",51.4657739,-0.0574378,"BAR D4100, 143 Evelina Rd, London SE15 3HB, UK","ChIJ6b_9krMDdkgRQbRak4QlA0M",""
"Lebo Lebanese Grill","London",51.494302,-0.0920129,"173 New Kent Rd, London SE1 4AG, UK","ChIJrdhW2V8DdkgRS3Uijc8ToHc",""
"Guacamoles","London",51.4711788,-0.0701887,"48 Rye Ln, London SE15 5BY, UK","ChIJi5OoMwADdkgR3-aZ3TopttQ",""
"Silk Road","Camberwell",51.4739001,-0.0893852,"47 Camberwell Church St, London SE5 8TR, UK","ChIJobyta38DdkgRIpSH5gbZlZg",""
"Dr.Noodle","London",51.4709394,-0.0293777,"187 Lewisham Way, London SE4 1UY, UK","ChIJG0F4E_cDdkgRpLhLfAgYowg",""
"JB's Soul Food","London",51.473688,-0.0723508,"27A Peckham High St, London SE15 5EB, UK","ChIJN4O8b3UDdkgREvH9MRaH6H4",""
"Atush Uyghur Cuisine","London",51.5235849,-0.1110963,"20 Rosebery Ave, London EC1R 4SX, UK","ChIJyXMckB4bdkgRmuHHytb_fEo",""
"E. Pellicci","E2 0AG",51.5264757,-0.0634292,"332 Bethnal Grn Rd, London E2 0AG, UK","ChIJPezp68UcdkgR7-XRi5OAXZ4",""
"Bánh","London",51.5458928,-0.0755404,"592 Kingsland Rd, London E8 4AH, UK","ChIJZVjj6qIddkgR7cLIHIYZwXo",""
"Rock & Sole Plaice","London",51.5148151,-0.1251287,"47 Endell St, London WC2H 9AJ, UK","ChIJ6wsgLTMbdkgRObEIyzQf10g",""
"The Golden Hind","Marylebone",51.5180089,-0.1510111,"71a, 73 Marylebone Ln, London W1U 2PN, UK","ChIJMdRcXNIadkgRbP2CvZv70ng",""
"King Neptune Fish & Chip Shop Edgware","London",51.6161193,-0.2608574,"131A Deans Ln, Edgware HA8 9NY, UK","ChIJUcW_ab8WdkgRs6CfPLcmQp4",""
"The Fryer's Delight","London",51.520379,-0.1173112,"19 Theobalds Rd, London WC1X 8SL, UK","ChIJbdMAAzYbdkgRICjp99400zA",""
"Marlow Fish Bar","London",51.4043901,-0.0599431,"57 Marlow Rd, London SE20 7YG, UK","ChIJc-hnixEBdkgRjZyIXtvf1FY",""
"The SeaShell Of Lisson Grove","London",51.5227185,-0.165802,"49-51 Lisson Grove, London NW1 6UH, UK","ChIJZ7rcNLYadkgR9MFSAbGgQu4",""
"Fish Central","London",51.5275453,-0.0971321,"149-155 Central St, King Square, London EC1V 8AP, UK","ChIJodgyrlkbdkgRpTkiN78fBlc",""
"Toff’s of Muswell Hill","London",51.5895954,-0.1445096,"38 Muswell Hill Broadway, Muswell Hill, London N10 3RT, UK","ChIJ6zvRDS0adkgRqUvkNI2vhoI","Muswell Hill"
"The Kingfisher","London",51.5488266,-0.0407033,"147 Homerton High St, London E9 6AS, UK","ChIJWziIhgQddkgRGAnTJmDjEZ4",""
"Towpath","London",51.5372063,-0.081233,"42 De Beauvoir Cres, London N1 5SB, UK","ChIJzW9UwZccdkgRbr82boCZzNE",""
"Mae + Harvey","London",51.5317321,-0.0351212,"414 Roman Rd, Bow, London E3 5LU, UK","ChIJOTOptDwddkgR5IFuioDXAkY","Bow"
"Papo’s Bagels","London",51.5494592,-0.0608995,"Amhurst Rd, London E8 2AJ, UK","ChIJW_XPA8gddkgRukwH04QDwf0",""
"Nour","London",51.5805259,-0.0182495,"275 Hoe St, London E17 9PT, UK","ChIJ8fbPQwAddkgRJEUDQ4n0V4Q",""
"Bad Manners","London",51.5270442,-0.0773764,"Shoreditch Church, 119 Shoreditch High St, London E1 6JN, UK","ChIJv_IwaYUddkgRp8VvAtYngr4",""
"Stepney's","London",51.5171734,-0.0432744,"Stepney Way, Stepney Green, London E1 3DG, UK","ChIJwyj3BSsddkgRQRZQkClzQ_8","Stepney Green"
"Inis","London",51.5410913,-0.0229543,"13 Rookwood Way, Fish Island, London E3 2XT, UK","ChIJH96jGFcddkgRInVxveMCx04","Fish Island"
"Corrochio's","London",51.5526651,-0.0746363,"70-74 Stoke Newington Rd, London N16 7XB, UK","ChIJuVb3Nf4ddkgRsLKQYx8o44c",""
"215 Hackney","London",51.5633137,-0.0734523,"215 Stoke Newington High St, London N16 0LH, UK","ChIJY6aASbAddkgRda6Hx_NGCgQ",""
"Esters","Stoke Newington",51.5600656,-0.0780277,"55 Kynaston Rd, London N16 0EB, UK","ChIJsx1ZtmMcdkgRNpAH_DdQj3E",""
"Bake Street","London",51.5587243,-0.066617,"58 Evering Rd, Lower Clapton, London N16 7SR, UK","ChIJyYx1EV8cdkgR54x0E70VjlQ","Lower Clapton"
"Brunswick East","London",51.5491949,-0.0768933,"Ground Floor Cafe, ❒ STAMFORD WORKS, London N16 8JH, UK","ChIJi7RVh44cdkgRChZT1U9_t9s",""
"The Dusty Knuckle Bakery","London",51.5470859,-0.074094,"Abbot St, London E8 3DP, UK","ChIJOVkn7o0cdkgRByZ9dlIWeUA",""
" Ozone Coffee - London Fields","London",51.532553,-0.0611383,"Emma St, London E2 9AP, UK","ChIJ8YA-c6YddkgRcawb4bL1W6c",""
"Bistrotheque","London",51.5341701,-0.0559454,"23-27 Wadeson St, London E2 9DR, UK","ChIJpVjlBd0cdkgRYhqMTg_Ozmw",""
"Pavilion Cafe","Bow",51.5334069,-0.0428899,"Victoria Park, Old Ford Rd., London E9 7DE, UK","ChIJa71iSSIddkgRjPNFBoYqrKk",""
"Dishoom Shoreditch","London",51.5245002,-0.0765998,"7 Boundary St, London E2 7JE, UK","ChIJxYs1ArocdkgR-G13PLmofec",""
"Bolland & Crust","London",51.5944452,-0.0917523,"Crawley Road Studios, 38 Crawley Rd, London N22 6AG, UK","ChIJeyokJP0bdkgRZDpn3VwZOfk",""
"Corner Shop 180","London",51.5113685,-0.113956,"7 Arundel St, Temple, London WC2R 3DA, UK","ChIJS8KOSwAFdkgRtCKtf2Qa5_A","Temple"
"Comalera","London",51.5806077,-0.0327236,"Unit 31, Crate, 35 St James St, London E17 7FY, UK","ChIJy7g5ZQAddkgR19BhKczaCaQ",""
"Pyro","London",51.5046502,-0.0948041,"53b Southwark St, London SE1 1RU, UK","ChIJNU_J-D8FdkgRubseG6wcm9Q",""
"Wild Tavern","London",51.4907187,-0.1658202,"2 Elystan St, London SW3 3NS, UK","ChIJWxa4PlEFdkgRIULkrd0GUv0",""
"Tatar Bunar","London",51.5268939,-0.0801531,"152 Curtain Rd, London EC2A 3AT, UK","ChIJfxYFtJQddkgRbSUI_OpCweg",""
"Coal Office","London",51.5348719,-0.1262121,"2 Bagley Walk, London N1C 4PQ, UK","ChIJ1VnckU8bdkgRyBKFAs4NHus",""
"The Lacy Nook","Waltham Forest",51.585192,-0.0035848,"Wood Street Studios, Barrett Rd, London E17 3FU, UK","ChIJ01vqE2ccdkgR4EE7xj2H0gM",""
"The River Café Café","London",51.4839988,-0.2242253,"Thames Wharf, Rainville Rd, London W6 9HA, UK","ChIJxxa_ELAPdkgRF2wx7RLroiY",""
"Forza Wine at the National Theatre","London",51.5071785,-0.1147264,"National Theatre, London SE1 9PX, UK","ChIJKVkeSUgFdkgR8UsviST8mtM",""
"Rake @ the Compton Arms","London",51.5436575,-0.1020094,"Compton Arms, 4 Compton Ave, London N1 2XD","ChIJub3CWWQbdkgRIIxL6yYu9aw",""
"El Pastor Battersea","London",51.4829377,-0.1459025,"El Pastor Battersea Circus West Village Battersea Power Station Unit 21-22, Nine Elms, London SW11 8EZ, UK","ChIJCeNAOLMFdkgRSh6IrGxyRTA","Nine Elms"
"Toklas","London",51.5120126,-0.1152601,"1 Surrey St, Temple, London WC2R 2ND, UK","ChIJYzS7CpcFdkgRWjzUhmUGrYs","Temple"
"Tsiakkos & Charcoal","London",51.523397,-0.194675,"5 Marylands Rd, London W9 2DU, UK","ChIJi_R2dQYQdkgRrzGzFUDgrSE",""
"The Railway Tavern","London",51.4401098,-0.1052757,"The Railway, 7 Station Rise, Norwood, London SE27 9BW, UK","ChIJM73FyxoEdkgR3GKt-XqTDaQ","Norwood"
"The Herne Tavern","East Dulwich",51.4540859,-0.0631882,"2 Forest Hill Rd, London SE22 0RR, UK","ChIJxd2E8rgDdkgREtpCdkjZAT4",""
"The Landor","London",51.4656863,-0.1260694,"70 Landor Rd, London SW9 9PH, UK","ChIJWy5VslsEdkgRh0RoprXzddk",""
"The Mayflower","London",51.5018403,-0.0536173,"117 Rotherhithe St, London SE16 4NF, UK","ChIJo3GMMiQDdkgRLEL6Mu4LR8s",""
"The Castle","Tooting",51.4285657,-0.1677209,"38 Tooting High St, London SW17 0RG, UK","ChIJ3cD4TQoGdkgRo0OrhEv1YVo",""
"Khun Pakin Thai","London",51.4928805,-0.2332343,"154 King St, London W6 0QU, UK","ChIJr8BUF0QPdkgR5PQrNjC766c",""
"The Crabtree","Fulham",51.482107,-0.2233518,"Rainville Rd, London W6 9HA, UK","ChIJT0VfHbAPdkgRyDecpTkwHGY",""
"The Windsor Castle","Kensington",51.5062783,-0.1986356,"114 Campden Hill Rd, London W8 7AR, UK","ChIJqWZt3PoPdkgRDPKhKc_l0PI",""
"The Builders Arms","London",51.4994438,-0.188314,"1 Kensington Ct Pl, Greater, London W8 5BJ, UK","ChIJ2xcyHPYPdkgRuTc4LY57Ceg",""
"The Red Lion & Sun","London",51.5726274,-0.1501335,"25 North Rd, London N6 4BE, UK","ChIJ2yaCKk8adkgRTT3QOxE-aLs",""
"The Spaniards Inn","Hampstead",51.569884,-0.1740278,"Spaniards Rd, London NW3 7JJ, UK","ChIJix2arm8adkgR6AQ5Md_aF8Y",""
"Ferry Boat Inn Tottenham","London",51.5868611,-0.0524694,"Ferry Ln, London N17 9NG, UK","ChIJMx4DJDIcdkgRxOVl_zEjmCE",""
"The Flask","Highgate",51.5698758,-0.1508286,"77 Highgate W Hill, London N6 6BU, UK","ChIJfRUvB08adkgRI-5y3eEGN8s",""
"Bank of Friendship","Highbury",51.558357,-0.0986983,"226 Blackstock Rd, London N5 1EA, UK","ChIJ970r64EbdkgRQA2Gtx5rhPY",""
"The Faltering Fullback","Finsbury Park",51.56855,-0.1082097,"19 Perth Rd, Finsbury Park, London N4 3HB, UK","ChIJqaYaYZAbdkgRDEOzEbBRzds","Finsbury Park"
"Princess Of Wales","London",51.5618717,-0.0457816,"146 Lea Bridge Rd, Lower Clapton, London E5 9RB, UK","ChIJjQX3T6sddkgRt-e8wYemD_Y","Lower Clapton"
"Pub On The Park","London",51.5420925,-0.0582721,"19 Martello St, London E8 3PE, UK","ChIJJ_b_8OUcdkgRe50aD2Mcvuk",""
"The Crooked Billet","Hackney",51.56223,-0.0572878,"84 Upper Clapton Rd, London E5 9JP, UK","ChIJM2sgPFccdkgRIUjfW5OFgF0",""
"The Chesham Arms","London",51.5476074,-0.0501159,"East London Public House, 15 Mehetabel Rd, London E9 6DU, UK","ChIJpxNi3PwcdkgRixNM8IKk74U",""
"The Scolt Head","Islington",51.5433408,-0.0816201,"107A Culford Rd, London N1 4HT, UK","ChIJvW2TmpAcdkgRwqo6EQUBeCU",""
"Dukes Bar","London",51.5055381,-0.1396885,"35 St James's Pl, London SW1A 1NY, UK","ChIJLds3OEkFdkgRcYk3My6S59o",""
"Bao","England W1F 9AS",51.5132162,-0.1365562,"53 Lexington St, Carnaby, London W1F 9AS, UK","ChIJxc4vk9QEdkgRjJ2al7_P9uw","Carnaby"
"Sweetings","EC4N 4SF",51.5124864,-0.0927329,"39 Queen Victoria St, London EC4N 4SF, UK","ChIJrYrCfaoEdkgRiZeNxTC3JZc",""
"The French House","London",51.5127471,-0.1317318,"49 Dean St, London W1D 5BG, UK","ChIJBUj2-9IEdkgRmSNxHI1mals",""
"Three Sheets Soho","London",51.5147541,-0.1309626,"13 Manette St, London W1D 4AP, UK","ChIJxZHPBAAFdkgR-HXCu1vnNQM",""
"Jumbi","London",51.469883,-0.065583,"Unit 4.1, Copeland Park, 133 Copeland Rd, London SE15 3SN, UK","ChIJQTSKNzIDdkgRjiHxRgITOFc",""
"Bar Italia","London",51.5134134,-0.1312402,"22 Frith St, London W1D 4RF, UK","ChIJBbKU6NIEdkgRkC_IDZgxT1Y",""
"Sons","London",51.5483335,-0.05351,"St John at Hackney Courtyard, Lower Clapton Rd, London E5 0PD, UK","ChIJ-0KzZIAddkgRD07arjRLkUw",""
"Cafe Linea","London",51.4911073,-0.159291,"90, duke of york square, London SW3 4LY, UK","ChIJZcMl8HsFdkgR2Y-LeeoH30g",""
"Weirdough Bakery","London",51.5789823,-0.0325498,"17A Station Rd, London E17 8AA, UK","ChIJ21T2iioddkgRqhvfs9QMsJk",""
"Katsute 100","London",51.5342224,-0.1044229,"100 Islington High St, London N1 8EG, UK","ChIJPxGlPV0bdkgR18Fl-0PeIcc",""
"Morocco Bound Bookshop","London",51.5003916,-0.082088,"1A Morocco St, London SE1 3HB, UK","ChIJm2SgzO8DdkgRJ4MEC4ao-ag",""
"Kissa Wa Café","London",51.547777,-0.101214,"15 Corsica St, London N5 1JT, UK","ChIJ_8wyQHsbdkgRlcrAdWNK0bc",""
"Heidi","London",51.4867345,-0.1601228,"Soane Stable Yard, via Chelsea Gate (next to the National Army Museum, Royal Hospital Chelsea, Royal Hospital Rd, London SW3 4SR, UK","ChIJZZzUVuMFdkgRkYqLb5QRYIA",""
"District - Battersea Park","London",51.4791943,-0.166997,"49 Parkgate Rd, London SW11 4NP, UK","ChIJZbOSAycFdkgR93Pp6pa8XIc",""
"Running Late Coffee","London",51.5425802,-0.0554537,"249b Mare St, London E8 3NS, UK","ChIJSzONaygddkgRVR1m8PaQRQk",""
"Nostos Coffee","London",51.4770413,-0.146927,"Next to, Battersea Park Railway Station, 10a Battersea Park Rd, Nine Elms, London SW8 4FF, UK","ChIJoe9JnRUFdkgRl4xa0jriGJI","Nine Elms"
"Kuro Coffee","London",51.5085897,-0.1976056,"3 Hillgate St, London W8 7SP, UK","ChIJ6XuM3LgPdkgRyZVYPiLEBrs",""
"Fred Coffee & Bakery","London",51.5221967,-0.1141465,"1 Northington St, London WC1N 2JE, UK","ChIJIQNhe3MbdkgRTKDLkSJj6BQ",""
"Burnt","London",51.5018907,-0.2416305,"163 Askew Rd, London W12 9AU, UK","ChIJ05SeMJoPdkgRGRsXv2ngiAE",""
"Trampoline","London",51.5349713,-0.1037844,"27 Camden Passage, London N1 8EA, UK","ChIJraNRP9YbdkgRnCayox2xX90",""
"Amaya","London",51.499305,-0.1570985,"Off Lowndes St, London SW1X 8JT, UK","ChIJp_GF9TsFdkgR-LPVooRUYyE",""
"Violet Cakes","London",51.5454834,-0.0640996,"47 Wilton Way, London E8 3ED, UK","ChIJOd435u0cdkgRfZtUjmTNMqE",""
"Goodbye Horses","London",51.5402393,-0.0898325,"21 Halliford St, London N1 3HB, UK","ChIJVYg1WgAddkgRW6OWEZeDtLM",""
"Paradox Design + Coffee","London",51.5375921,-0.0587374,"Unit A, Market, Netil House, 13 - 23 Westgate St, London E8 3RL, UK","ChIJyRyDs5gddkgRciwH516VRFs",""
"The Elder Press Cafe","London",51.4901543,-0.2420846,"3 S Black Lion Ln, London W6 9TJ, UK","ChIJK8oXVTUPdkgRQjpszfHYr7k",""
"Pulp","London",51.5072755,-0.30529,"20 St Mary's Rd, London W5 5ES, UK","ChIJP9-zL_MNdkgRCtGmdisfdgs",""
"Planque","E8 4DG",51.5383741,-0.0758184,"322-324 Acton Mews, London E8 4EA, UK","ChIJRyXlH_AddkgRse-Pb_kbtnA",""
"Otto's French Restaurant","England WC1X 8EW",51.5229187,-0.114261,"182 Gray's Inn Rd, London WC1X 8EW, UK","ChIJu28R_kgbdkgRpXymfzLPsOA",""
"Noizé","W1T 2SF",51.5201024,-0.1351144,"39 Whitfield St, London W1T 2SF, UK","ChIJFbeK_ysbdkgRtaAzrMpYRJk",""
"Comptoir Gascon","EC1M 6HJ",51.5198405,-0.1037428,"63 Charterhouse St, London EC1M 6HJ, UK","ChIJXauoMlIbdkgRD45FW5i0Zms",""
"Noble Rot Soho","W1D 4NB",51.51488,-0.1311741,"2 Greek St, London W1D 4NB, UK","ChIJ2_uQBQ0FdkgRH7PG-Ymmcms",""
"Mon Plaisir","WC2H 9DD",51.5145136,-0.1267387,"21 Monmouth St, London WC2H 9DD, UK","ChIJJ5p8Ls0EdkgRrtA7GsU0iZs",""
"L'Escargot Restaurant","England W1D 4EF",51.5139706,-0.1309972,"48 Greek St, London W1D 4EF, UK","ChIJv2nJxtIEdkgR5BVDRcOlpog",""
"Gauthier - Soho","W1D 5AF",51.5127783,-0.1314676,"21 Romilly St, London W1D 5AF, UK","ChIJP8v1-tIEdkgRAdetOMmCKDg",""
"Brasserie Zédel","W1F 7ED",51.5105561,-0.1355974,"20 Sherwood St, London W1F 7ED, UK","ChIJl-cjD9QEdkgRVkkQt3pySRI",""
"Maison François","SW1Y 6DF",51.5076051,-0.1381801,"34 Duke Street St James's, London SW1Y 6DF, UK","ChIJj6UUV9YEdkgRV51E2yC1YJY",""
"The Ritz Restaurant","England W1J 9BR",51.5069213,-0.1419737,"150 Piccadilly, London W1J 9BR, UK","ChIJV8gP0ykFdkgRbsmzJFpywNA",""
"Casse-Croûte","SE1 3XB",51.50053,-0.0816008,"109 Bermondsey St, London SE1 3XB, UK","ChIJq-3ryUQDdkgRSZrC9yowifE",""
"Pique-Nique","SE1 3LD",51.4997342,-0.0794879,"Tanner St, London SE1 3LD, UK","ChIJmaO06kQDdkgRRajv-Fk3Tao",""
"Claude Bosi at Bibendum","England SW3 6RD",51.493331,-0.16893,"Michelin House, 81 Fulham Rd., London SW3 6RD, UK","ChIJr2MFDWoFdkgRsUDJT3bIDUo",""
"Medlar","SW10 0LJ",51.483142,-0.177734,"438 King's Rd, London SW10 0LJ, UK","ChIJlRcZynoFdkgR0we2mTUEuTs",""
"Sinabro Restaurant","England SW11 1EE",51.4610188,-0.1644685,"28 Battersea Rise, London SW11 1EE, UK","ChIJ3fpU55cFdkgR3-fHCVX5Wig",""
"Naughty Piglets","SW2 1PE",51.4551136,-0.1131099,"28 Brixton Water Ln, London SW2 1PE, UK","ChIJNxSsvGsEdkgRf3_4y_4ajzc",""
"Chez Bruce","SW17 7EG",51.4460039,-0.1656468,"2 Bellevue Rd, London SW17 7EG, UK","ChIJFTMRjekFdkgRNMUgOPPr5VY",""
"Oslo Court","England NW8 7AA",51.5331672,-0.1669393,"Charlbert St., London NW8 7EN, UK","ChIJDZbaB78adkgRdFGa_pOHBiw",""
"Quo Vadis","W1D 3LL",51.5141128,-0.1326476,"26-29 Dean St, London W1D 3LL, UK","ChIJQdL1JNMEdkgRxbWzk_RxYHI",""
"Regency Cafe","SW1P 4BY",51.4937725,-0.132194,"17-19 Regency St, London SW1P 4BY, UK","ChIJ565hgN0EdkgRMhOboIZ7uJ8",""
"Café Deco","WC1E 7DB",51.5201835,-0.1305243,"43 Store St, London WC1E 7DB, UK","ChIJXfFmCi4bdkgRsVdN6uqy7LE",""
"Rules","WC2E 7LB",51.510833,-0.1231694,"35 Maiden Ln, London WC2E 7LB, UK","ChIJbUnC58oEdkgR4pwzPtYGrbY",""
"Rochelle Canteen","E2 7FA",51.5257669,-0.0742918,"16 Playground Gardens, London E2 7FA, UK","ChIJNfBU2bkcdkgRJoQiLng7HHY",""
"St. JOHN Bread and Wine","E1 6LZ",51.5197373,-0.0742167,"94-96 Commercial St, London E1 6LZ, UK","ChIJ5_ONJLQcdkgRW3THMc7fBOg",""
"Cafe Cecilia","E8 4FX",51.534556,-0.060123,"32 Andrews Rd, London E8 4FX, UK","ChIJCX4xlukddkgR8tsZRDamZIY",""
"BOKAN 37","England E14 9TP",51.5011994,-0.0233871,"40 Marsh Wall, London E14 9TP, UK","ChIJu5zXnLgCdkgRROqDe4NzAgc",""
"Dishoom Canary Wharf","England E14 5GX",51.5031242,-0.0135691,"Wood Wharf, 13 Water St, Canary Wharf Estate, London E14 5GX, UK","ChIJe0JmmEUDdkgRhyBBKRQW0f0","Canary Wharf Estate"
"M Canary Wharf","E14 4BH",51.5040864,-0.0250644,"Newfoundland Place, Canary Wharf Estate, London E14 4BJ, UK","ChIJp1KYoQMDdkgRSvBZItapbHc","Canary Wharf Estate"
"Zia Lucia - Canary Wharf","E14 9WS",51.5009914,-0.0174059,"Unit 75, South Quay Plaza, 3 Marsh Wall, London E14 9WS, UK","ChIJwYRFLKoDdkgRY344Jl_Pnl4",""
"Chai Ki","E14 5AR",51.5061255,-0.0178372,"1 Crossrail Pl, Canary Wharf Estate, London E14 5AR, UK","ChIJwdd2NLcCdkgRrB82VIqIw1E","Canary Wharf Estate"
"Caravan Canary Wharf","E14 5AJ",51.5042061,-0.0194987,"Reuters Plaza, Canary Wharf Estate, London E14 5AJ, UK","ChIJkQ3E6swDdkgRuFY-iKFPZYU","Canary Wharf Estate"
"Uoichi","E14 9FF",51.5004066,-0.0134662,"122 Meridian Pl, London E14 9FF, UK","ChIJFyLPHZMDdkgR231-Ru9PUJQ",""
"The Lowback","E14 5GX",51.5031762,-0.0148557,"1 Water St, Canary Wharf Estate, London E14 5GX, UK","ChIJLTzrgwkDdkgRdWav3A0NpS4","Canary Wharf Estate"
"Market Halls Cargo Canary Wharf","England E14 5HD",51.505642,-0.0201135,"25 N Colonnade, Canary Wharf Estate, London E14 5HD, UK","ChIJWdRllwIDdkgR5VFsTq8Cn_c","Canary Wharf Estate"
"Pedler","E14 5AB",51.5049833,-0.019248,"1 Canada Square, Canary Wharf Estate, London E14 5AB, UK","ChIJXwzTZEsDdkgRygurnf43ZyA","Canary Wharf Estate"
"Marugame Udon Canary Wharf","England E14 4QT",51.5050646,-0.0205122,"Upper Floor, The Atrium Kitchen, Cabot Square, Canary Wharf Estate, London E14 4QT, UK","ChIJw2o03dwDdkgRpBVafpbUckI","Canary Wharf Estate"
"The Pearson Room","E14 5ER",51.5046423,-0.0166978,"Second Floor, 16-19 Canada Square, Canary Wharf Estate, London E14 5ER, UK","ChIJY5JYoLACdkgRn83yWShJUVE","Canary Wharf Estate"
"Plateau","E14 5ER",51.5047861,-0.0167412,"Third Space Canary Wharf, 16-19 Canada Square, Canary Wharf Estate, London E14 5ER, UK","ChIJAxlrrrACdkgRzeaU0eO-PEY","Canary Wharf Estate"
"Goodman Canary Wharf","E14 9RU",51.5143522,-0.0905011,"11 Old Jewry, London EC2R 8DU, UK","ChIJAW502lQDdkgRVtsHX674ttQ",""
"Amerigo Vespucci","E14 4QA",51.5044947,-0.0236796,"25 Mackenzie Walk, Canary Wharf Estate, London E14 4QA, UK","ChIJZ7h0_scCdkgR2vK0OaP4dNU","Canary Wharf Estate"
"Boisdale of Canary Wharf","E14 4QT",51.5052654,-0.0222051,"Unit 14 Cabot Sq, Canary Wharf Estate, London E14 4QT, UK","ChIJf6wFkrcCdkgR65zVMAn8y-c","Canary Wharf Estate"
"Piggy’s","E14 5ST",51.506235,-0.0128097,"Trafalgar Wy., London E14 5ST","ChIJK_ex97ACdkgRGJLJV_JwpCE",""
"Endo at The Rotunda","England W12 7FR",51.5103398,-0.2260348,"8th Floor, The Helios, Television Centre, 101 Wood Ln, London W12 7FR, UK","ChIJlxPhXggPdkgRe5kKolcB0tg",""
"The River Café","W6 9HA",51.4839988,-0.2242253,"Thames Wharf, Rainville Rd, London W6 9HA, UK","ChIJxxa_ELAPdkgRF2wx7RLroiY",""
"Locanda Locatelli","W1H 7JZ",51.5152046,-0.15712,"8 Seymour St, London W1H 7JZ, UK","ChIJqYRPtswadkgRp8CIE-kbpH0",""
"Trishna","W1U 3DG",51.5182976,-0.1530744,"15-17 Blandford St, London W1U 3DG, UK","ChIJ8fHhiM0adkgR5dxGPhTVlvA",""
"Hunan","SW1W 8NE",51.4904558,-0.1527765,"51 Pimlico Rd, London SW1W 8NE, UK","ChIJAz_ZYhcFdkgRvs31bOm2Omc",""
"A. Wong","SW1V 1DE",51.493006,-0.1405639,"70 Wilton Rd, Pimlico, London SW1V 1DE, UK","ChIJkQhKHeAEdkgRbgw0TGfq-W8","Pimlico"
"El Asador At Sabor","England W1B 4BP",51.5113964,-0.1396951,"35-37 Heddon St, London W1B 4BR, UK","ChIJoXHzltUEdkgRc7QLGWRren0",""
"Noble Rot","England WC1N 3NB",51.5218778,-0.1186975,"51 Lamb's Conduit St, London WC1N 3NB, UK","ChIJ5x0xOTYbdkgRrqbJFkt8uEI",""
"Quality Chop House","EC1R 3EA",51.5247718,-0.1100117,"92-94 Farringdon Rd, London EC1R 3EA, UK","ChIJSblyaE8bdkgRI36jwz2mSas",""
"Westerns Laundry","N5 1PB",51.5515495,-0.107265,"34 Drayton Park, London N5 1PB, UK","ChIJeXHuy3AbdkgR0THEcwYGBd4",""
"Singburi","E11 4PA",51.5243193,-0.0783523,"Unit 7, Montacute Yards, 185‑186 Shoreditch High St, London E1 6HU, UK","ChIJMVmTd3mn2EcRp_LpiaZaM_Q",""
"Richard Haward Oysters","London SE1",51.5053861,-0.091019,"35 Stoney St, London SE1 9AA, UK","ChIJi_XTdVcDdkgRrjp2XK_GYBg",""
"Hawksmoor Borough","SE1 9AQ",51.5063844,-0.0911931,"16 Winchester Walk, London SE1 9AQ, UK","ChIJ0zCdplcDdkgRrc-ZT1oA8zw",""
"BAO Borough","SE1 9AD",51.5057149,-0.0916797,"13 Stoney St, London SE1 9AD, UK","ChIJ2-1WGMwDdkgRxGqNanU9Wys",""
"Elliot's","SE1 9AD",51.5056664,-0.0915962,"12 Stoney St, London SE1 9AD, UK","ChIJA6RcmFcDdkgRhKbA3VHeY5U",""
"Arabica Bar and Kitchen","SE1 9AF",51.5057861,-0.0912786,"Borough Market, 3 Rochester Walk, London SE1 9AF, UK","ChIJfyFwdVcDdkgRCLu48V9Kc74",""
"Wright Brothers Oyster & Porter House","SE1 9AD",51.5056055,-0.0915883,"Borough Market, Stoney St, London SE1 9AD, UK","ChIJXdNUmFcDdkgRNG5BcqfDdgI",""
"El Pastor","SE1 9AA",51.5052687,-0.0911635,"7A Stoney St, London SE1 9AA, UK","ChIJkwBYnFcDdkgRM3NwbxfKzHY",""
"Padella","SE1 1TQ",51.5051655,-0.0899202,"6 Southwark St, London SE1 1TQ, UK","ChIJdZ6paFcDdkgRpPUHPngIeq8",""
"Tapas Brindisa","SE1 9AH",51.5049869,-0.090488,"18-20 Southwark St, London SE1 1TJ, UK","ChIJm93JfNEEdkgRk_tGIgd5I-0",""
"The Borough Market Kitchen","England SE1 1TL",51.5060834,-0.0905566,"Winchester Walk, London SE1, UK","ChIJbzb8b2ADdkgRGOZB1qtoNcA",""
"Casa do Frango","SE1 1TU",51.504892,-0.092748,"32 Southwark St, London SE1 1TU, UK","ChIJfY7AT_UDdkgRF2ch8sfQVJg",""
"Kappacasein Dairy","SE1 9AA",51.5049953,-0.0907663,"1 Stoney St, London SE1 9AA, UK","ChIJnxzKgj8DdkgRV8mWdlJmvJE",""
"Maria's Market Cafe","SE1 9AA",51.5052877,-0.0907851,"9 Stoney St, London SE1 9AA, UK","ChIJKYo6dlcDdkgRQtFc4H_Hxo4",""
"Monmouth Coffee Company","SE1 9AB",51.5055334,-0.0914069,"2 Park St, London SE1 9AB, UK","ChIJ94DTm1cDdkgRibmgxzXy2EQ",""
"Gelateria 3Bis Borough Market","England SE1 9AB",51.5054678,-0.091512,"Borough Market, 4 Park St, London SE1 9AB, UK","ChIJLeA7mlcDdkgRewJcFqiAtIc",""
"Biang Biang Noodles at Xi'an Impression","N7 7BW",51.553816,-0.1103526,"117 Benwell Rd, London N7 7BW, UK","ChIJkfIXjXYbdkgRomIMKvJV1CA",""
"Squid ink flatbread at Black Axe Mangal","N1 2UP",51.5459918,-0.1020112,"156 Canonbury Rd, London N1 2UP, UK","ChIJPcg1zmQbdkgRb_1L1HAPtco",""
"The Clove Club","EC1V 9LT",51.5270972,-0.0793385,"Shoreditch Town Hall, 380 Old St, London EC1V 9LT, UK","ChIJkbGoX7ocdkgRgfrpjeC7xzM",""
"Chilli fish sauce wings at Smoking Goat Shoreditch","E1 6JJ",51.524224,-0.0769238,"64 Shoreditch High St, London E1 6JJ, UK","ChIJC_TBt7AcdkgRhkmL-r9VwRU",""
"Brat","England E1 6JL",51.5242042,-0.0767031,"4 Redchurch St, London E1 6JL, UK","ChIJ7XVltrAcdkgRISmskLX7lbw",""
"Bone Marrow and Parsley Salad at St. John","EC1M 4AY",51.5204534,-0.1014304,"26 St John St, Barbican, London EC1M 4AY, UK","ChIJFzO5YVEbdkgR1zdv5_hzZwg","Barbican"
"Beef wellington at Holborn Dining Room","WC1V 7EN",51.5176487,-0.117915,"252 High Holborn Rosewood, London WC1V 7EN, UK","ChIJi-8-gTUbdkgRFVsJm-IVpLI",""
"English breakfast udon at Koya Soho","England W1D 4SQ",51.51364,-0.131701,"50 Frith St, London W1D 4SQ, UK","ChIJOVNb59IEdkgR4MHN89sf5aI",""
"Fish Pie at J Sheekey","WC2N 4AL",51.5108994,-0.1278082,"28-32 St Martin's Ct, London WC2N 4AL, UK","ChIJkfaU6s0EdkgRANlMp3C1f68",""
"Scott's","W1K 2HE",51.5098953,-0.1508345,"20 Mount St, London W1K 2HE, UK","ChIJcf7z3i0FdkgRp8viwzBRRn8",""
"Gymkhana","W1S 4JH",51.5084912,-0.1414724,"42 Albemarle St, London W1S 4JH, UK","ChIJtwn55ikFdkgRAvOuPIWeLM0",""
"Omelette Arnold Bennett at The Wolseley","W1J 9EB",51.5074427,-0.1409233,"160 Piccadilly, London W1J 9EB, UK","ChIJr_4cVy8FdkgRIrNbO93eUFM",""
"Meat Fruit at Dinner by Heston Blumenthal","SW1X 7LA",51.502161,-0.159964,"66 Knightsbridge, London SW1X 7LA, UK","ChIJRzX0mDkFdkgR-qAx8kL982A",""
"Ribollita at The River Café","W6 9HA",51.4839988,-0.2242253,"Thames Wharf, Rainville Rd, London W6 9HA, UK","ChIJxxa_ELAPdkgRF2wx7RLroiY",""
"Posto Indian","England HA2 9EF",51.5720786,-0.3715731,"383 Alexandra Ave, Rayners Lane, Harrow HA2 9EF, UK","ChIJS9RYy_MTdkgRL6myNewa8qY","Rayners Lane"
"Hyderabadi Spice","E12 6SL",51.5428918,0.0497004,"309 High St N, London E12 6SL, UK","ChIJ0zceYEym2EcRTZPy1Q4iqsk",""
"Priya Maamala's","England E12 6SJ",51.5406339,0.0504827,"241b High St N, London E12 6SJ, UK","ChIJO-wTd0ym2EcR-oTN6V1WID4",""
"Thattukada","England E6 1JG",51.5346301,0.0522018,"UNIT 3B, THE MARKET PLACE, London E6 1HU, UK","ChIJn3VAPACn2EcRjGHvHkg67kE",""
"Taste of Punjab","W10 5NQ",51.5138278,-0.3727676,"91a North Rd., Southall UB1 2JW, UK","ChIJcR8PjlUNdkgRXgO3oth2CCY",""
"Chourangi","W1H 7AF",51.5139427,-0.1580301,"3 Old Quebec St, London W1H 7AF, UK","ChIJMV4dUTMFdkgRMc_mUdqS0ao",""
"Cinnamon Bazaar","WC2E 7JS",51.5106194,-0.123701,"28 Maiden Ln, London WC2E 7JS, UK","ChIJMyKwDswEdkgRlLsZAjZBRu4",""
"Rangrez Indian Restaurant","England W6 9PH",51.4909004,-0.2239695,"32 Fulham Palace Rd, London W6 9PH, UK","ChIJj8AhZbcPdkgRoK8QnmIXhdI",""
"Pathiri","England SE10 9TX",51.4844804,0.0020861,"119 Trafalgar Rd, London SE10 9TX, UK","ChIJVUrjxSeo2EcR9hr67zoQIFM",""
"Hyderabadi Zaiqa Indian Restaurant","England SW17 7EW",51.4306878,-0.1655296,"228 Upper Tooting Rd, London SW17 7EW, UK","ChIJ9ailLRUHdkgRiuEDvqvRSlY",""
"Madras Accent","BR2 9HW",51.3963389,0.0247244,"149 Masons Hill, Bromley BR2 9HW, UK","ChIJVVVemF2q2EcR8fBFK3jvd8o",""
"Mauro Colagreco at Raffles London at The OWO","London",51.5056523,-0.1254587,"57 Whitehall, London SW1A 2BX, UK","ChIJs8xCnzIFdkgR_zipkqUZols",""
"Kioku by Endo","London",51.5053728,-0.1260693,"6th Floor, The OWO, 57 Whitehall, London SW1A 2BX, UK","ChIJHZzCDhMFdkgRJgvv7LnnSTU",""
"Ekstedt at The Yard","London",51.5064253,-0.1261457,"3-5 Great Scotland Yard, London SW1A 2HN, UK","ChIJL-HmB88EdkgRfH-wI_8ELLQ",""
"Yaatra","London",51.4965049,-0.1341658,"4 Greycoat Pl, London SW1P 1SB, UK","ChIJq7K3M9wEdkgRu2ruj5uzhro",""
"Mezzogiorno by Francesco Mazzei","London",51.5066936,-0.1243347,"10a Northumberland Ave, London WC2N 5AE, UK","ChIJ5615TRIFdkgRYFD2AzN0eYc",""
"Kerridge's Bar & Grill","London",51.5067787,-0.1246626,"10 Northumberland Ave, London WC2N 5AE, UK","ChIJCyKWDpwFdkgR7XZi5S0fod8",""
"Quilon","London",51.4987366,-0.1377048,"41 Buckingham Gate, London SW1E 6AF, UK","ChIJu3jc0d4EdkgRmVLp_Cwwti4",""
"Wild Honey St James","London",51.5074924,-0.1322098,"6 Waterloo Pl, London SW1Y 4AN, UK","ChIJCXHRB9EEdkgRrOgHyE2YKbs",""
"Claro","London",51.5076196,-0.1332274,"12 Waterloo Pl, London SW1Y 4AU, UK","ChIJa0lD7foFdkgRbWHThMeKaCY",""
"Ochre","London",51.5089559,-0.1273777,"National Gallery, Trafalgar Sq, London WC2N 5DN, UK","ChIJ4y24cs4EdkgRLxebNYSEplk",""
"Imperial Treasure","London",51.5079222,-0.1328036,"9 Waterloo Pl, London SW1Y 4BE, UK","ChIJpbwBCY4FdkgR4DAgeXXfXro",""
"Locatelli at the National Gallery","London",51.5089153,-0.1299993,"Sainsbury Wing National Gallery, Trafalgar Sq, London WC2N 5DN, UK","ChIJ-SiZfjwFdkgR0DKFjOHbcSU",""
"Bancone","London",51.5095795,-0.1264051,"39 William IV St, London WC2N 4DD, UK","ChIJL5RXfs4EdkgRe0KWUsAHugI",""
"Chutney Mary","London",51.5057071,-0.1387172,"73 St James's St, London SW1A 1PH, UK","ChIJlf7qr30FdkgRO_GDYpaNlR4",""
"Scully","London",51.508665,-0.1330131,"4 St James's Market, London SW1Y 4AH, UK","ChIJr4SsXNEEdkgRK-Tjo-eEEl4",""
"Sael","London",51.5088908,-0.1332191,"1 St James's Market, London SW1Y 4QQ, UK","ChIJJ3nC0IcFdkgRtbwyO_J5B-k",""
"FOWL","London",51.5090941,-0.1331097,"3 Norris St, London SW1Y 4RJ, UK","ChIJHbncO0cFdkgRDzuoRiIV3yc",""
"Lasdun","London",51.5075507,-0.1139929,"Upper Ground, London SE1 9PX, UK","ChIJVyHtvZEFdkgRwG5hkyJaxZ0",""
"Fallow","London",51.50941,-0.1327837,"52 Haymarket, London SW1Y 4RP, UK","ChIJSWN4ldUEdkgRGqo3OSnf1CY",""
"Michael Caines at The Stafford","London",51.5058915,-0.1402452,"16-18 St James's Pl, London SW1A 1NJ, UK","ChIJE7N9g70FdkgROu5U4NT5b5A",""
"Ginza St James's","London",51.5072878,-0.1387597,"15 Bury St, London SW1Y 6QB, UK","ChIJb_ccUtYEdkgRma0-dSpseFk",""
"The River Restaurant by Gordon Ramsay","London",51.5102485,-0.120672,"The Savoy Hotel, Strand, London WC2R 0EU, UK","ChIJk8eVsN0FdkgRZ-QTjkP_Ffs",""
"1890 by Gordon Ramsay","London",51.5102397,-0.1206429,"Savoy Hotel, Strand, London WC2R 0EU, UK","ChIJpYnCw78FdkgRoVHfIfSrTas",""
"Savoy Grill","London",51.5106095,-0.1205802,"100 Strand, London WC2R 0EZ, UK","ChIJPyb_JskEdkgRfrReO4J7lhc",""
"45 Jermyn St","London",51.5080107,-0.1382948,"45 Jermyn St, London SW1Y 6DN, UK","ChIJgyJHWdYEdkgRX_4TkG1PT9o",""
"J.Sheekey","London",51.5108994,-0.1278082,"28-32 St Martin's Ct, London WC2N 4AL, UK","ChIJkfaU6s0EdkgRANlMp3C1f68",""
"Quaglino's","London",51.5074913,-0.1388928,"16 Bury St, London SW1Y 6AJ, UK","ChIJiwDyTtYEdkgR-n9I3koyBCQ",""
"Frog by Adam Handling","London",51.5108084,-0.1220355,"34-35 Southampton St, London WC2E 7HG, UK","ChIJww-u68sEdkgR3lqhkcsnvBY",""
"Arlington","London",51.5065241,-0.1405237,"20 Arlington St, London SW1A 1RJ, UK","ChIJjXwvJ10FdkgRTMUyHZ9BZIo",""
"Franco's","London",51.5075059,-0.1396998,"61 Jermyn St, London SW1Y 6LX, UK","ChIJk5ZRzFMDdkgR6djRkq27pl4",""
"Cora Pearl","London",51.5112194,-0.1236318,"30 Henrietta St, London WC2E 8NA, UK","ChIJpXVfg3QFdkgR3QFeKXdNHEQ",""
"Lorne","London",51.4927754,-0.1403468,"76 Wilton Rd, Pimlico, London SW1V 1DE, UK","ChIJDbAEGeAEdkgRljS1ZwkdGmg","Pimlico"
"Clos Maggiore","London",51.5116945,-0.1247301,"33 King St, London WC2E 8JD, UK","ChIJFWhXXcwEdkgRkKBKheUNnC4",""
"Alex Dilling at Hotel Café Royal","London",51.510042,-0.135853,"68 Regent St., London W1B 4DY, UK","ChIJt8UvMj4FdkgRYv-IhfUpsqg",""
"Evelyn's Table","London",51.5111259,-0.1326177,"28 Rupert St, London W1D 6DJ, UK","ChIJtZpbttMEdkgRl7-te2KdeSg",""
"YiQi","London",51.5115094,-0.1308137,"14 Lisle St, London WC2H 7BE, UK","ChIJy23uOwAFdkgRii6cDLJ0Z8k",""
"The Wolseley","London",51.5074427,-0.1409233,"160 Piccadilly, London W1J 9EB, UK","ChIJr_4cVy8FdkgRIrNbO93eUFM",""
"Poon's","London",51.5108064,-0.1182532,"Lancaster Pl, London WC2R 1LA, UK","ChIJ45URD80FdkgRoC_j4r-_hSY",""
"Palomar","London",51.5112365,-0.1326885,"34 Rupert St, London W1D 6DN, UK","ChIJ37AHt9MEdkgRDVY9ZuyydVA",""
"Spring","London",51.510983,-0.1183386,"Lancaster Pl, London WC2R 1LA, UK","ChIJw38uE8oEdkgR9hD3azVChzM",""
"Kricket","London",51.5108075,-0.1351688,"12 Denman St, London W1D 7HJ, UK","ChIJXWnxCtQEdkgRcG32UcQZFVQ",""
"Veeraswamy","London",51.509983,-0.1378045,"Victory House, 99 Regent St., London W1B 4RS, UK","ChIJnVRkK9QEdkgRz8uiqq2HfjM",""
"Rucola","London",51.5131999,-0.125107,"Rucola at The Conduit, 6 Langley St, Greater, London WC2H 9JA, UK","ChIJU0sj7MwEdkgRLKeStKLR-cg",""
"Cometa","London",51.5185906,-0.1350233,"19-21 Charlotte St., London W1T 1RW, UK","ChIJ5xXNZQAbdkgRfHnQ8-4e1vc",""
"Dining Room at The Goring","London",51.4975261,-0.145622,"15 Beeston Pl, London SW1W 0JW, UK","ChIJXalKaSEFdkgRFq49_DDicaA",""
"Bocca di Lupo","London",51.5116537,-0.13395,"12 Archer St, London W1D 7BB, UK","ChIJfcEFmtMEdkgR9pwP7Z6jOko",""
"Anchor & Hope","London",51.5034563,-0.1065778,"36 The Cut, London SE1 8LP, UK","ChIJzee0vroEdkgRsWQAXWfSU5Q",""
"Dovetale","London",51.5077423,-0.1421935,"1 Dover Yard, London W1J 8NE, UK","ChIJHYri9S0FdkgRTrf2CrGs95s",""
"Kiln","London",51.5114007,-0.136059,"58 Brewer St, London W1F 9TL, UK","ChIJ_7nqbtQEdkgRuNOUsTUwfTI",""
"HIDE","London",51.5061931,-0.1444369,"85 Piccadilly, London W1J 7NB, UK","ChIJn1DE_XsFdkgR6NyYk4IWd64",""
"Langan's","London",51.5070855,-0.1435579,"Stratton St, London W1J 8LB, UK","ChIJ9ylaUygFdkgRhLi_gm28zyU",""
"KHAO BIRD","London",51.5122244,-0.1344777,"24 Brewer St, London W1F 0SN, UK","ChIJDeETgk8FdkgRGrj8GedCjnE",""
"Barshu","London",51.5128389,-0.1308,"28 Frith St, London W1D 5LF, UK","ChIJc8i289IEdkgRdlS2ZozZPAM",""
"Charlie's","London",51.5090807,-0.1422245,"33 Albemarle St, London W1S 4BP, UK","ChIJ2XbZpaEFdkgRzvm0FfiR98o",""
"Row on 5","London",51.510497,-0.1398547,"5 Savile Row, London W1S 3PB, UK","ChIJu8QEs-8FdkgRE0znNGEGBoQ",""
"Cicoria","London",51.5129211,-0.1221976,"5th Floor, Royal Opera House, Bow St, London WC2E 9DD, UK","ChIJT6opgYwFdkgRrK7Ld542A8U",""
"Aragawa","London",51.5067259,-0.1452208,"38 Clarges St, London W1J 7EN, UK","ChIJVVXJ4CgFdkgR5WkocroD3jk",""
"Ormer Mayfair","London",51.5064492,-0.1451358,"Flemings Mayfair, 7-12 Half Moon St, 7-12 Half Moon St, London W1J 7BH, UK","ChIJQxoh3SgFdkgRqFi4kGLn29c",""
"SO|LA","London",51.5131265,-0.1323505,"64 Dean St, London W1D 4QQ, UK","ChIJI1jlHNMEdkgR5iNEDgGNnpU",""
"Olivomare","London",51.4963738,-0.1474325,"10 Lower Belgrave St, London SW1W 0LJ, UK","ChIJefbGLSIFdkgRQ_pa1M5E3n8",""
"Park Chinois","London",51.5086692,-0.1436032,"17 Berkeley St, London W1J 8EA, UK","ChIJvYYqnCkFdkgRpJro2gbpZMs",""
"Fonda","London",51.5112,-0.1396217,"12 Heddon St, London W1B 4BZ, UK","ChIJz5cqMpsFdkgRhFTxy5uq87w",""
"Nopi","London",51.5117272,-0.1384399,"21-22 Warwick St, London W1F 9LD, UK","ChIJiYjWsdUEdkgRF9gDUUHqQl4",""
"MOI","London",51.5133319,-0.133661,"84 Wardour St, London W1F 0TQ, UK","ChIJoyJt6lgFdkgRdrFS60ScRGQ",""
"MiMi Mei Fair","London",51.5072934,-0.1454076,"55 Curzon St, London W1J 8PG, UK","ChIJl77szvwFdkgRakYuSU8ESds",""
"Hoppers","London",51.5136031,-0.1316696,"49 Frith St, London W1D 4SG, UK","ChIJr0tb59IEdkgRv-YdFGtD1CA",""
"Sabor","London",51.5113964,-0.1396951,"35-37 Heddon St, London W1B 4BR, UK","ChIJoXHzltUEdkgRc7QLGWRren0",""
"Delaunay","London",51.5131702,-0.1182237,"55 Aldwych, London WC2B 4BB, UK","ChIJXa4DOrEFdkgRCIL8VuFkFK4",""
"Ambassadors Clubhouse","London",51.5110982,-0.1397908,"25 Heddon St, London W1B 4BH, UK","ChIJ9wPPUaQFdkgRV6fcyggxHng",""
"Il Gattopardo","London",51.5095418,-0.1426393,"27 Albemarle St, London W1S 4HZ, UK","ChIJEc8E5BAFdkgRJbomCtYuWsA",""
"Bob Bob Ricard Soho","London",51.51237,-0.137334,"1 Upper James St, London W1F 9DF, UK","ChIJNzsd-NQEdkgRmrDZyr1DPUg",""
"NIJŪ","London",51.5089928,-0.1438217,"20 Berkeley St, London W1J 8EE, UK","ChIJixOprFkFdkgRfSpKJGmWets",""
"Mountain","London",51.5120181,-0.1382302,"16-18 Beak St, London W1F 9RD, UK","ChIJGXGPYsEFdkgRAIIfSSET698",""
"Humble Chicken","London",51.5138327,-0.1317855,"54 Frith St, London W1D 4SJ, UK","ChIJj2LUnbgFdkgRs__gtpjkPRg",""
"Maru","London",51.5066938,-0.1462888,"18 Shepherd Market, London W1J 7QH, UK","ChIJgUkU7K0FdkgRfVvyQBXwWAI",""
"yeni","London",51.5126712,-0.1371098,"55 Beak St, Carnaby, London W1F 9SH, UK","ChIJtX0iw2kFdkgRrI0GZv1edk0","Carnaby"
"Story Cellar","London",51.5143221,-0.1260554,"17 Neal's Yard, London WC2H 9DP, UK","ChIJ04HDf_IFdkgRJyhOGv1f7YQ",""
"The Barbary","London",51.5144401,-0.126181,"16 Neal's Yard, London WC2H 9DP, UK","ChIJFQE6KM0EdkgRlUwerzMDqR8",""
"Pinna","London",51.506724,-0.1467829,"43 Curzon St, London W1J 7UF, UK","ChIJPQJ-AzcFdkgRc9e4UZBgQsY",""
"Barrafina","London",51.51411,-0.1326671,"26-27 Dean St, London W1D 3LL, UK","ChIJqeYp3NIEdkgRl9hMI8pRL8U",""
"Sexy Fish","London",51.5092932,-0.1443304,"Berkeley Square House, Berkeley Square, London W1J 6BR, UK","ChIJYVq92CsFdkgRVOTD3hS1L2Y",""
"Cornus","London",51.4941079,-0.147956,"27c Eccleston Pl, London SW1W 9NF, UK","ChIJhTXjCSIFdkgRENUSN1Qxkos",""
"Imad's Syrian Kitchen","London",51.512691,-0.1386036,"2.5, Top Floor, Kingly Ct, Carnaby St, Carnaby, London W1B 5PW, UK","ChIJyXXbWy4FdkgR3G2EFlyFu3M","Carnaby"
"Yauatcha Soho","London",51.513587,-0.1351682,"15-17 Broadwick St, London W1F 0DL, UK","ChIJhfAKn9QEdkgRBBKDiFubnrA",""
"Murano","London",51.5071387,-0.1471746,"20 Queen St, London W1J 5PP, UK","ChIJTUlS0S4FdkgRAGTHjEn0wF4",""
"Dear Jackie","London",51.5138508,-0.1354063,"Lower Ground, 20 Broadwick St, London W1F 9NE, UK","ChIJL_FjtrsFdkgRxwwwN7_f_XQ",""
"Alta","London",51.5127213,-0.1389203,"Ground Floor, Kingly Ct, Carnaby, London W1B 5PW, UK","ChIJafbmZIkFdkgRqp8wbAgkSaE","Carnaby"
"TOWN","London",51.5150945,-0.12289,"26-29 Drury Ln, London WC2B 5RL, UK","ChIJgTNXqc8bdkgRSlZrDPT89Qo",""
"Aulis","London",51.5143774,-0.1343204,"16 St Anne's Ct, London W1F 0BF, UK","ChIJyZd6oCcFdkgR8CXAKet9630",""
"Amazónico","London",51.5095799,-0.1447093,"10 Berkeley Square, London W1J 6BR, UK","ChIJYS50-HsFdkgRGEdK8iJCmAQ",""
"Benares","London",51.5098466,-0.1450789,"12a Berkeley Square, London W1J 6BS, UK","ChIJAStk3ysFdkgR8XBBK_CEfuU",""
"Darjeeling Express","London",51.5112978,-0.1327965,"36-40 Rupert St, London W1D 6DW, UK","ChIJedBoD9UEdkgRnEfxjGeFIpY",""
"Wild by Tart","London",51.4935975,-0.1483909,"Eccleston Yards, London SW1W 9AZ, UK","ChIJ73kqpe0FdkgRyqPmj79y7qQ",""
"Lilibet's","London",51.5104785,-0.1445696,"17 Bruton St, London W1J 6QB, UK","ChIJT9u6kt0FdkgR4bjKKXEeIbg",""
"Muse by Tom Aikens","London",51.4994772,-0.1509024,"38 Groom Pl, London SW1X 7BA, UK","ChIJp65UQTAFdkgREFotZ21mwPs",""
"Pavyllon London","London",51.5041707,-0.1499475,"Hamilton Pl, London W1J 7DR, UK","ChIJBfOjfiUFdkgRvsanD9nfpA0",""
"Bala Baya","London",51.5032699,-0.1018623,"Arch 25, Old union yard arches, 229 Union St, London SE1 0LR, UK","ChIJAQAAAKUEdkgRQ-1aRUC5Ao0",""
"Labombe by Trivet","London",51.50504,-0.1500276,"19 Old Park Ln, London W1K 1LB, UK","ChIJV0irD_MFdkgR6zRi3FNkXQM",""
"Sketch, The Lecture Room and Library","London",51.5127642,-0.1416428,"9 Conduit St, London W1S 2XG, UK","ChIJk4chQY4FdkgRDxmXasfbHlc",""
"Zahter","London",51.5137848,-0.138785,"30, 32 Foubert's Pl, Carnaby, London W1F 7PS, UK","ChIJEVzWPNUEdkgR7nWzdRdGb1M","Carnaby"
"The Cocochine","London",51.5108323,-0.1450583,"27 Bruton Pl, London W1J 6NQ, UK","ChIJiaD7CO4FdkgRD3TU2uCicsQ",""
"Umu","London",51.5113865,-0.1444028,"14-16 Bruton Pl, London W1J 6LX, UK","ChIJ9cBDsSsFdkgR79Fc_1y6_cI",""
"Brooklands by Claude Bosi","London",51.5018235,-0.1522025,"The Peninsula, 1 Grosvenor Pl, London SW1X 7HJ, UK","ChIJn6GfuNgFdkgRVm_XNMCoaCM",""
"Silva","London",51.5111611,-0.1448762,"26-28 Bruton Pl, London W1J 6NG, UK","ChIJ6Y3nMwAFdkgROoy8wqxJP-E",""
"Sucre","London",51.5143745,-0.1384772,"47b Great Marlborough St, London W1F 7JP, UK","ChIJmW7ikrgFdkgRAMNppV_gcFo",""
"Bombay Bustle","London",51.5129166,-0.1420739,"29 Maddox St, London W1S 2PA, UK","ChIJNTVzkioFdkgRlneHbptnKLc",""
"Kanishka","London",51.5132284,-0.1417736,"17-19 Maddox St, London W1S 2QH, UK","ChIJ3fvX0jwFdkgR4zfyvSGfZco",""
"Plaza Khao Gaeng","London",51.516275,-0.1292201,"103-105 New Oxford St, London WC1A 1DB, UK","ChIJvQutyiMbdkgRH9iuZGcbIvY",""
"The Lanesborough Grill","London",51.5023626,-0.1524159,"Hyde Park Corner, London SW1X 7TA, UK","ChIJvcaqMiUFdkgRH3I284WxJoY",""
"Little Social","London",51.5133166,-0.1422717,"13 Pollen St, London W1S 1NH, UK","ChIJY1ewVisbdkgRqfpdXrOUnuw",""
"Sushi Kanesaka","London",51.506465,-0.151693,"45 Park Ln, London W1K 1PN, UK","ChIJz6Z6V5wFdkgRQ9AZGAlIpzU",""
"Jamavar","London",51.510334,-0.148399,"8 Mount St, London W1K 3NF, UK","ChIJmyw0PSwFdkgRTdpWlbA5OmU",""
"The Connaught Grill","London",51.5100105,-0.1498007,"The Connaught, 16 Carlos Pl, London W1K 2AL, UK","ChIJGxonjGEFdkgRWvAxuowh4to",""
"Hélène Darroze at The Connaught","London",51.5101843,-0.1497608,"The Connaught, Carlos Pl, London W1K 2AL, UK","ChIJNdaqLSwFdkgRcp3iqGlL6Ek",""
"Alain Ducasse at The Dorchester","London",51.507412,-0.1523328,"The Dorchester, 53 Park Ln, London W1K 1QA, UK","ChIJDaP2Ky4FdkgR7VspCxVWiDk",""
"Tendril","London",51.5146122,-0.1427628,"5 Princes St, London W1B 2LF, UK","ChIJ116rKF4PdkgRJylL-GGjPDo",""
"Prince Arthur","London",51.4907891,-0.1508322,"11 Pimlico Rd, London SW1W 8NA, UK","ChIJT1U0wPgFdkgRHgUHHC7k3bA",""
"Arros QD","London",51.5166661,-0.1370539,"64 Eastcastle St, London W1W 8NQ, UK","ChIJVbcVEIkbdkgRjq2c232Mjjk",""
"Kai","London",51.5087508,-0.1516793,"65 S Audley St, London W1K 2QU, UK","ChIJJ2HpEy4FdkgR-ZxFLGDPpcg",""
"Lima","London",51.5177444,-0.1343306,"31 Rathbone Pl, London W1T 1JH, UK","ChIJZ-XhYiwbdkgRyIZPRR9ubOY",""
"Mount St.","London",51.5097059,-0.1515884,"First Floor, 41-43 Mount St, London W1K 2RX, UK","ChIJd8Vf0-UFdkgRbSaCIpLtUXo",""
"Chishuru","London",51.5166188,-0.1399187,"3 Great Titchfield St., London W1W 8AX, UK","ChIJbTkU-5obdkgR8MpRXunujW4",""
"Cord by Le Cordon Bleu","London",51.5139387,-0.105942,"85 Fleet St, London EC4Y 1AE, UK","ChIJoSa8jZAFdkgR4FD9ZHZhzSU",""
"Elsa","London",51.518393,-0.1344098,"10 Charlotte St., London W1T 2LT, UK","ChIJC5lhdwAbdkgROUHR4UtoSf0",""
"Norma","London",51.5183399,-0.1343925,"8 Charlotte St., London W1T 2LS, UK","ChIJYaCsemYbdkgRjzlIMV5qa4c",""
"Pétrus by Gordon Ramsay","London",51.4995924,-0.1567467,"1 Kinnerton St, London SW1X 8EA, UK","ChIJBWbG7DsFdkgRUoGawp2ooK8",""
"Wildflowers","London",51.4904464,-0.1529966,"Newson's Yard, 57 Pimlico Rd, London SW1W 8NE, UK","ChIJRa9OLAAFdkgRbRQuzQxptT8",""
"The Ninth","London",51.5187346,-0.1348487,"22 Charlotte St., London W1T 2NB, UK","ChIJl9_NdCwbdkgRpKEhBGIYGmU",""
"LUSO","London",51.5190239,-0.1350558,"30 Charlotte St., London W1T 2NG, UK","ChIJc7bMMVUbdkgRuiK_2aHFMrg",""
"pahli hill","London",51.5176102,-0.1409363,"79-81 Mortimer St, London W1W 7SJ, UK","ChIJQ0ggkKQbdkgR8H1lxMkVB6I",""
"Pied à Terre","London",51.5190723,-0.1351421,"34 Charlotte St., London W1T 2NH, UK","ChIJh8IKCiwbdkgRiefHU7gpZfU",""
"Lucky Cat Mayfair by Gordon Ramsay","London",51.5124382,-0.1510069,"10 Grosvenor Sq, London W1K 6JP, UK","ChIJe69rmycFdkgRatZ3qO54t4g",""
"Tobi Masa","London",51.511116,-0.15351,"30 Grosvenor Sq, London W1K, UK","ChIJxVKhczIFdkgRZ9Ao33RlxkU",""
"Kinkally","London",51.5191902,-0.1356577,"43 Charlotte St., London W1T 1RS, UK","ChIJuwgH4JMbdkgRRZQP9lLobSY",""
"64 Goodge Street","London",51.5190656,-0.1369085,"64 Goodge St, London W1T 4NF, UK","ChIJVVUuwSsbdkgRRSNEGe3BRBU",""
"The Wigmore","London",51.5174988,-0.1432782,"15 Langham Pl, London W1B 3DE, UK","ChIJq6oaqNUadkgRpZOzYplQjq4",""
"Aces foodcraft","London",51.5190006,-0.1379204,"8 Pearson Square, London W1T 3BF, UK","ChIJ65S5NbAbdkgRwwoZL6UmWq8",""
"Motorino","London",51.5188933,-0.138051,"1 Pearson Square, London W1T 3BF, UK","ChIJBa2GnBobdkgRgzXHma198LU",""
"The Twenty Two","London",51.5119665,-0.1531446,"22 Grosvenor Sq, London W1K 6LF, UK","ChIJD9emZxoFdkgRbufvYAEoUYA",""
"Apricity","London",51.5135846,-0.1513096,"68 Duke St, London W1K 6JU, UK","ChIJV5Njg-MFdkgRiz0R-O-Dh6M",""
"Cantinetta Antinori","London",51.5001614,-0.1594667,"4 Harriet St, London SW1X 9JR, UK","ChIJ9Sq62JgFdkgRqOv-MyjSlDI",""
"Corenucopia by Clare Smyth","London",51.4902713,-0.1554745,"18-22 Holbein Pl, London SW1W 8NL, UK","ChIJBxZMvIQFdkgRaG_9eyLTRvY",""
"Les 110 de Taillevent","London",51.5170281,-0.1457884,"16 Cavendish Square, London W1G 9DD, UK","ChIJ3bFhjtQadkgR8hgO14rp-lg",""
"Rosi","London",51.5128548,-0.1523648,"8 Balderton St, Brown Hart Gardens, London W1K 6TF, UK","ChIJiT3IOmMFdkgRhAKU7tiqqc4",""
"Corrigan's Mayfair","London",51.5101224,-0.1554148,"28 Upper Grosvenor St, London W1K 7EH, UK","ChIJV5MULDIFdkgRLMQpgfnYIM8",""
"The Fuji Grill","London",51.4947671,-0.158484,"Beaverbrook Town House, Sloane St, London SW1X 9PJ, UK","ChIJ13U2Lr8FdkgRHMpwkjkxm-8",""
"Dinner by Heston Blumenthal","London",51.502161,-0.159964,"66 Knightsbridge, London SW1X 7LA, UK","ChIJRzX0mDkFdkgR-qAx8kL982A",""
"Bonheur by Matt Abé","London",51.5112767,-0.1551598,"43 Upper Brook St, London W1K 7QR, UK","ChIJmx5ydgAFdkgRr871ONe-sks",""
"Three Darlings","London",51.4937152,-0.1584157,"241B Pavilion Rd, London SW1X 0BP, UK","ChIJCVdqxMAFdkgRYpy56gR6GCk",""
"Kitchen Table","London",51.5203787,-0.1365322,"70 Charlotte St., London W1T 4QG, UK","ChIJ3aa-YCkbdkgRo5LPUQzy0hI",""
"The Sea, The Sea","London",51.4935654,-0.1586638,"243 Pavilion Rd, London SW1X 0BP, UK","ChIJB7vIckAFdkgRj5JzyWm-v-s",""
"74 Charlotte Street by Ben Murphy","London",51.5205208,-0.1366021,"74 Charlotte St., London W1T 4QH, UK","ChIJx9yLCRwbdkgR7PQ6kL30qJk",""
"Cavita","London",51.5163825,-0.1495688,"56-60 Wigmore St, London W1U 2RZ, UK","ChIJ1-ByNTkbdkgRwi6Z6EHwE_c",""
"Tom Brown at The Capital","London",51.5001747,-0.1616047,"22-24 Basil St, London SW3 1AT, UK","ChIJcxfV3jgFdkgRPIzugJ79Ki0",""
"Portland","London",51.5197892,-0.1427257,"113 Great Portland St, London W1W 6QQ, UK","ChIJUQmz3dUadkgRGnD2W-pGoFM",""
"Kolae","London",51.5054582,-0.0916343,"6 Park St, London SE1 9AB, UK","ChIJawZwMzUDdkgRTmInf-sKA8g",""
"Rambutan","London",51.5055609,-0.0915199,"10 Stoney St, London SE1 9AD, UK","ChIJnZxnVJUDdkgRs7i5rhmIjwM",""
"Honey & Co","London",51.5219456,-0.1184179,"54 Lamb's Conduit St, London WC1N 3LW, UK","ChIJq0DYJigbdkgRzbM2gAvqJPs",""
"Camille","London",51.5050373,-0.0908082,"2-3 Stoney St, London SE1 9AA, UK","ChIJM8wydFcDdkgR1VMuBfgCMjo",""
"Nanyang Blossom","London",51.5014371,-0.1624734,"12 Knightsbridge Grn, London SW1X 7QL, UK","ChIJU6ZLJ5QFdkgRYD9koPKExGg",""
"Akara","London",51.5064213,-0.0916092,"Arch 208, 18 Stoney St, London SE1 9AD, UK","ChIJUzxOg8UDdkgRiPdFh00wBOQ",""
"Zoilo","London",51.5160581,-0.1520935,"9 Duke St, London W1U 3EG, UK","ChIJhVmwSS0FdkgRwbEV9P0y78U",""
"Clipstone","London",51.5208314,-0.1421667,"5 Clipstone St, London W1W 6BB, UK","ChIJKZ34DdYadkgRc77GSMZZBmc",""
"Zuma","London",51.5009309,-0.163136,"5 Raphael St, London SW7 1DL, UK","ChIJZdN_kTgFdkgR0NR3z813cBw",""
"AGORA","London",51.505369,-0.0899916,"4 Bedale St, London SE1 9AL, UK","ChIJO-l8RlUDdkgRtQdsyN3j7ho",""
"Mareida","London",51.5212453,-0.142929,"160 Great Portland St, London W1W 5QA, UK","ChIJBaQSZAAbdkgRKnZt6rOuEpE",""
"Stem + Stem","London",51.5127832,-0.0936986,"12 Bow Ln, London EC4M 9AL, UK","ChIJLU5vLckDdkgRGqlSQD3XBH8",""
"KOL","London",51.5147644,-0.1575224,"9 Seymour St, London W1H 7BA, UK","ChIJvfnOCgUbdkgR3FvbixhS2cw",""
"Ibai","London",51.5177979,-0.0989976,"90 Bartholomew Cl, London EC1A 7BN, UK","ChIJk3pEE20bdkgReS3Ye_l5sRQ",""
"Brutto","London",51.5198142,-0.102394,"35-37 Greenhill Rents, London EC1M 6BN, UK","ChIJA_ddD44bdkgR0SzfkKGmIZ4",""
"Brigadiers","London",51.5126036,-0.0916715,"1-5 Bloomberg Arcade, London EC4N 8AR, UK","ChIJU1e3CVUDdkgRbWhGVEiDv0Y",""
"The Chalk Freehouse","London",51.490751,-0.1631525,"27 Tryon St, London SW3 3LG, UK","ChIJV37cOUAFdkgRRqR3FzizItg",""
"St. Barts","London",51.518365,-0.0992852,"63 Bartholomew Cl, London EC1A 7BF, UK","ChIJ921POt8bdkgRwx80KJsqCRk",""
"Cloth","London",51.5188691,-0.1000864,"44 Cloth Fair, London EC1A 7JQ, UK","ChIJObQrEcgbdkgRaFyLFN5C6rM",""
"Aqua Shard","London",51.5042311,-0.0865624,"Level 31, The Shard, 31 St Thomas St, London SE1 9RY, UK","ChIJl5tV7FoDdkgR6UIgihrVM4c",""
"The Hart","London",51.5184232,-0.1547934,"56 Blandford St, London W1U 7JA, UK","ChIJORrfka8bdkgRKELOG6g3k0Q",""
"Kudu","London",51.5197206,-0.152286,"7 Moxon St, London W1U 4EP, UK","ChIJWTIkDggDdkgRwo3fbxXdVkc",""
"Trivet","London",51.5022466,-0.0846975,"36 Snowsfields, London SE1 3SU, UK","ChIJhZkSsNQDdkgRwGJZ7Z2rMjg",""
"Sollip","London",51.5026227,-0.0847903,"Unit 1, 8 Melior St, London SE1 3QP, UK","ChIJsZvatGQDdkgR8-eqk7XdOsw",""
"Donostia","London",51.5147134,-0.1610036,"10 Seymour Pl, London W1H 7ND, UK","ChIJ7-kYWMoadkgR9tJjg_AiRQk",""
"Cabotte","London",51.5149331,-0.0916843,"48 Gresham St, London EC2V 7AY, UK","ChIJ3U9mLVUDdkgRdfbt1z2qjXQ",""
"AngloThai","London",51.5151342,-0.1611017,"22-24 Seymour Pl, London W1H 7NL, UK","ChIJf1zYBOYbdkgRpisa6lDN5es",""
"Lita","London",51.5208085,-0.1526925,"7-9 Paddington St, London W1U 5QH, UK","ChIJpyhiLAAbdkgRGUaeAOxxRLc",""
"Volta Do Mar","London",51.4935297,-0.1673696,"100 Draycott Ave, London SW3 3AD, UK","ChIJ6fVUyS4FdkgR3nMf_jJn2F0",""
"Archway","London",51.4774738,-0.1478249,"Arch 65 Queen's Circus, Nine Elms, London SW8 4NE, UK","ChIJD9a7GEUFdkgRosqUhSPHabg","Nine Elms"
"Fischer's","London",51.5216222,-0.1516157,"50 Marylebone High St, London W1U 5HN, UK","ChIJdXacwdEadkgR-FWbcyqk_xU",""
"Restaurant Gordon Ramsay","London",51.4853968,-0.1620078,"68 Royal Hospital Rd, London SW3 4HP, UK","ChIJkUBQqPAFdkgRtPhH7EIvzJU",""
"Mayha","London",51.5198421,-0.1555195,"43 Chiltern St, London W1U 6LS, UK","ChIJTY-7kvwbdkgRapPLQ-2Z5c0",""
"Luca","London",51.5220361,-0.1016722,"88 St John St, London EC1M 4EH, UK","ChIJpyQHEFEbdkgR1KctxC2Recc",""
"Elystan Street","London",51.4915801,-0.1677161,"43 Elystan St, London SW3 3NT, UK","ChIJyYH9U2oFdkgRCr9oJuLmHiA",""
"Myrtos","London",51.4941023,-0.1690429,"260-262 Brompton Rd, South Kensington, London SW3 2AS, UK","ChIJ5eVFDK8FdkgR7xxxLxiZzro","South Kensington"
"José","London",51.5006031,-0.0819395,"104 Bermondsey St, London SE1 3UB, UK","ChIJjfxVy0QDdkgRyz3NnxLFaLU",""
"Garrison","London",51.5007398,-0.0816794,"99-101 Bermondsey St, London SE1 3XB, UK","ChIJ4ah4yUQDdkgR5_tsr26TmZo",""
"Moro","London",51.5258822,-0.1090022,"34-36 Exmouth Market, London EC1R 4QE, UK","ChIJ96E0gkUbdkgRVXuRduEV-Nw",""
"Pizarro","London",51.4984124,-0.0813361,"194 Bermondsey St, London SE1 3TQ, UK","ChIJf6QZWkMDdkgRPwGD_jQMUbc",""
"Santo Remedio","London",51.5036308,-0.0809753,"152 Tooley St, London SE1 2TU, UK","ChIJnVPRUqUcdkgRcLgam6bOw94",""
"Morchella","London",51.5266656,-0.1085559,"86 Rosebery Ave, London EC1R 4QY, UK","ChIJ32FZACcbdkgRdTQY9tfLbnM",""
"Decimo","London",51.5294876,-0.1243018,"10th Floor, 10 Argyle St, London WC1H 8EG, UK","ChIJ_VB55DAbdkgR0xpANj2LtSg",""
"Stanley's","London",51.4875752,-0.1692573,"151 Sydney St, London SW3 5UE, UK","ChIJK7aYUOsFdkgRKgJYM07RLuw",""
"City Social","London",51.5151783,-0.0840458,"Tower 42, 25 Old Broad St, London EC2N 1HQ, UK","ChIJf2x6Nq0cdkgRyMCCDlobLxM",""
"Restaurant Story","London",51.5027614,-0.0777802,"199 Tooley St, London SE1 2JX, UK","ChIJcb5nuUUDdkgRp2TnVMSprT0",""
"The Lavery","London",51.4950887,-0.1746188,"First Floor, 4 Cromwell Pl, South Kensington, London SW7 2JE, UK","ChIJJeMdwEIFdkgRkT2m5SBaeko","South Kensington"
"Bob Bob Ricard City","London",51.513829,-0.0823606,"Level 3, 122 Leadenhall St, London EC3V 4AB, UK","ChIJbwcxF98DdkgRHW_UOG6Oy60",""
"Dim Sum Duck","London",51.5302393,-0.1163888,"124 King's Cross Rd, London WC1X 9DS, UK","ChIJ_VaSF-EbdkgRzhykHlZzu6E",""
"Angler","London",51.5190865,-0.0864165,"3 South Pl, London EC2M 2AF, UK","ChIJU07oP6wcdkgRxecDS1lBdlc",""
"Pravaas","London",51.493587,-0.1758392,"PRAVAAS, 3 Glendower Pl, South Kensington, London SW7 3DU, UK","ChIJ__9DAWgFdkgRj0UKhMpiz4I","South Kensington"
"No. Fifty Cheyne","London",51.4833537,-0.1694099,"50 Cheyne Walk, London SW3 5LR, UK","ChIJ7dsWCHIFdkgR0l78z0NcBrs",""
"Supawan","London",51.5319549,-0.1205036,"38 Caledonian Rd, London N1 9DT, UK","ChIJe7Dr3z4bdkgRUmbggSDRRNw",""
"Legare","London",51.5034925,-0.0740402,"Cardamom Bldg, 31G Shad Thames, Tower Bridge, London SE1 2YR, UK","ChIJIWTiZiEDdkgR2BGTzzgcnAc",""
"Le Pont de la Tour","London",51.5036641,-0.0735662,"36D Shad Thames, London SE1 2YE, UK","ChIJT1ILM0YDdkgRw6emjIQI8Yo",""
"Chapel Market Kitchen Oyster Bar & Grill","London",51.5334753,-0.1107874,"2 Chapel Market, London N1 9EZ, UK","ChIJzahTvqgbdkgRe5XoSniZAdQ",""
"Kerfield Arms","London",51.4729489,-0.0898573,"16 Grove Ln, London SE5 8SY, UK","ChIJExecbgADdkgRfhIBRRGzEb8",""
"Josephine Bouchon","London",51.4865618,-0.1794704,"315A Fulham Rd., London SW10 9QH, UK","ChIJDezRSQAFdkgRGpiHhcnAPOQ",""
"Galvin La Chapelle","London",51.5202204,-0.0781198,"35 Spital Square, London E1 6DY, UK","ChIJg5eH2LMcdkgRIY4RDHmB8RA",""
"Plaquemine Lock","London",51.532637,-0.10055,"139 Graham St, London N1 8LB, UK","ChIJD3xaJVwbdkgR4OM_eQm_gi8",""
"Llama Inn","London",51.5253601,-0.0836159,"1 Willow St, London EC2A 4BH, UK","ChIJ3-CzCYoddkgRb6-LMuHRoyM",""
"Duchy","London",51.5240274,-0.0815671,"18 Phipp St, London EC2A 4NU, UK","ChIJ45EuAwAddkgR2okF7eqMx9U",""
"Sorella","London",51.4638061,-0.1350679,"148 Clapham Manor St, London SW4 6BX, UK","ChIJ_8jBIVIEdkgRVpCMg_y7ISI",""
"Island","London",51.5370585,-0.1264027,"1st Floor, Mare Street Market, 2 Lewis Cubitt Walk, London N1C 4DY, UK","ChIJCfrARwAbdkgRcDL3vrYW520",""
"Gunpowder Spitalfields","London",51.518286,-0.07474,"11 White's Row, London E1 7NF, UK","ChIJA3MOaLQcdkgRlkFw-Mm0_jM",""
"Bubala","London",51.517834,-0.0741481,"65 Commercial St, London E1 6BD, UK","ChIJS0P_0TwddkgR7Ksa4U9jcnU",""
"manteca","London",51.5240154,-0.0805726,"49-51 Curtain Rd, London EC2A 3PT, UK","ChIJG9ssOq8FdkgRGTu5-ErLMaI",""
"Osteria Angelina","London",51.5218823,-0.077497,"1, Nicholls Clarke Yard, London E1 6SH, UK","ChIJu9OE0WkddkgR9zHqOJ9L4II",""
"Popolo","London",51.5260155,-0.0820997,"26 Rivington St, London EC2A 3DU, UK","ChIJW37RUqUcdkgRJsCh8E9Pcsc",""
"Trinity","London",51.4634942,-0.1414242,"4 The Polygon, London SW4 0JG, UK","ChIJHdc2Rq0FdkgRNkQ9YeRS1ig",""
"Hawksmoor","London",51.5214445,-0.0759586,"157A Commercial St, London E1 6BJ, UK","ChIJIdp1goQddkgRqsg8nRzd8Gc",""
"Upstairs (at Trinity)","London",51.4635207,-0.1415201,"4 The Polygon, London SW4 0JG, UK","ChIJ36APYg0FdkgR8DRF4-44s_k",""
"Zaika","London",51.5021553,-0.1874963,"1 Kensington High St, London W8 5NP, UK","ChIJnbhVw_YPdkgR2FvRK5V9lUc",""
"Legado","London",51.5244244,-0.0783523,"Unit 1C Montacute, Yards, London E1 6HU, UK","ChIJie6cOxsddkgRwMuFOl3itdI",""
"The Park","London",51.5104763,-0.186868,"2 Queensway, London W2 3RX, UK","ChIJOxvAaJAFdkgRyTxvwB8xP3Y",""
"Bellanger","London",51.53658,-0.1027991,"9 Islington Grn, London N1 2XH, UK","ChIJcf1TeGcbdkgRJ9UDGGTS_9c",""
"Pig and Butcher","London",51.5373966,-0.10674,"80 Liverpool Rd, London N1 0QD, UK","ChIJWQP2EmgbdkgRScFFWbQpF1A",""
"Cycene","London",51.5245509,-0.0752265,"Cycene, 9 Chance St, London E2 7JB, UK","ChIJsxeqTo4ddkgRJq0WOb2AgvE",""
"Krokodilos","London",51.5031869,-0.1913554,"28a Kensington Church St, Lancer Sq, London W8 4EP, UK","ChIJY4V2ysEPdkgRpFSEBMiLprk",""
"Smokestak","London",51.5237461,-0.0729121,"35 Sclater St, London E1 6LB, UK","ChIJoVjVfDMddkgRb9dyhTLOh_I",""
"Akira","London",51.5013559,-0.1916288,"101-111 Kensington High St, London W8 5SA, UK","ChIJbYF04XsPdkgRYuY_9zvfWp8",""
"Bar Valette","London",51.5279462,-0.0778441,"28 Kingsland Rd, London E2 8AA, UK","ChIJfQLLbJkddkgRxcDnPJcuCqM",""
"The Tamil Prince","London",51.5409321,-0.1137141,"115 Hemingford Rd, London N1 1BZ, UK","ChIJf-CNm5gbdkgRM5-J1EaYN4w",""
"Drapers Arms","London",51.5405235,-0.1084712,"44 Barnsbury St, London N1 1ER, UK","ChIJfeov2mgbdkgRlsuCvg281hU",""
"Clarke's","London",51.5070486,-0.1943834,"124 Kensington Church St, London W8 4BH, UK","ChIJ01L60vsPdkgRB-UGY6_FoF0",""
"Pippin's","London",51.492304,-0.1953872,"1-15 Templeton Pl, London SW5 9NB, UK","ChIJV1Eb4TAPdkgR5RSCX_XFuHg",""
"The Baring","London",51.5371024,-0.0885047,"55 Baring St, London N1 3DS, UK","ChIJsyJpATMddkgRN1nHZbE9uWA",""
"Kitchen W8","London",51.4990824,-0.1968328,"11-13 Abingdon Rd, London W8 6AH, UK","ChIJ1-By1fMPdkgRHFSgAdcS41Y",""
"Paulette","London",51.5245646,-0.1851326,"18 Formosa St, London W9 1EE, UK","ChIJ43gFVnIbdkgR0aO_Re8ioko",""
"The Holland","London",51.498178,-0.1978859,"25 Earls Ct Rd, London W8 6EB, UK","ChIJibmQvoMPdkgRK71kyUczsis",""
"Brawn","London",51.528968,-0.070239,"49 Columbia Rd, London E2 7RG, UK","ChIJr0I4YsccdkgRxIajTnwBuUs",""
"Mazi","London",51.5081577,-0.197692,"12-14 Hillgate St, London W8 7SR, UK","ChIJ2ayVEvsPdkgRHvnypxIhc_Q",""
"Naïfs","London",51.4755039,-0.065267,"56 Goldsmith Rd, London SE15 5TN, UK","ChIJD4Ej9WwDdkgRsIaLtlVaDzU",""
"Fan","London",51.5155357,-0.1950075,"6 Chepstow Rd, London W2 5BH, UK","ChIJeTiYWSURdkgRcLTUsh8nA24",""
"Akub","London",51.5084652,-0.1983637,"27 Uxbridge St, London W8 7TQ, UK","ChIJATbscqsPdkgRCYAYH3uom80",""
"La Palombe","London",51.4986222,-0.1996693,"267 Kensington High St, London W8 6NA, UK","ChIJZ-1k6w4PdkgRlrbyvfQJcQU",""
"The Hero","London",51.5243227,-0.1887564,"55 Shirland Rd, London W9 2JD, UK","ChIJbZyeMwARdkgRVwNMuMakX74",""
"Sumi","London",51.514804,-0.1963739,"157 Westbourne Grove, London W11 2RS, UK","ChIJK0pYPVIPdkgRYVsAqpEMD6M",""
"Kruk","London",51.4694317,-0.0698972,"213 Blenheim Grove, London SE15 4QL, UK","ChIJneqXI9MDdkgR2IDZjE910rs",""
"Ploussard","London",51.4608989,-0.1666914,"97 St John's Rd, London SW11 1QY, UK","ChIJebPWITYFdkgRdJGPtz5gpa0",""
"Marksman","London",51.5309165,-0.0695148,"254 Hackney Rd, London E2 7SB, UK","ChIJo74Bs8AcdkgRg7RlvkGVKrM",""
"The Harwood Arms","London",51.4829152,-0.1964884,"Walham Grove, London SW6 1QJ, UK","ChIJYbZdgoUPdkgRrBtAYcMgkBc",""
"Artusi","London",51.4666652,-0.0727202,"161 Bellenden Rd, London SE15 4DH, UK","ChIJL2Od25gDdkgRJPb87bzqpks",""
"Tamila","London",51.4596722,-0.1662462,"39 Northcote Rd, London SW11 1NJ, UK","ChIJXU5VdfcFdkgR4IKuTRWUFmo",""
"The Ledbury","London",51.516655,-0.200063,"127 Ledbury Rd, London W11 2AQ, UK","ChIJe29QNB0QdkgR5Kkx_0-jdo4",""
"Lai Rai","London",51.4681265,-0.0671263,"181 Rye Ln, London SE15 4TP, UK","ChIJnVLUQU4DdkgRQNTPSnTff0o",""
"Llewelyn's","London",51.4532882,-0.1027412,"293-295 Railton Rd, London SE24 0JP","ChIJ35SN4HIEdkgR2J0HhGI6RMo",""
"Dorian","London",51.5166016,-0.2006305,"105, 107 Talbot Rd, London W11 2AT, UK","ChIJR1l41mURdkgRZuhK2hbBxRM",""
"Eel Sushi","London",51.5168417,-0.2007619,"118 Talbot Rd, London W11 1JR, UK","ChIJLeS7GwARdkgR5XFZQ3rnUtU",""
"Peckham Cellars","London",51.4737837,-0.0588596,"125 Queen's Rd, London SE15 2ND, UK","ChIJB_HC72ADdkgRyurEvkR0e1s",""
"Caractère","London",51.5178122,-0.2008395,"209 Westbourne Park Rd, London W11 1EA, UK","ChIJEbr-hcMRdkgR-hV6o35EUno",""
"The Parakeet","London",51.5497816,-0.1404891,"256 Kentish Town Rd, London NW5 2AA, UK","ChIJnZet8bsbdkgRN6CDJw7msAw",""
"Holy Carrot","London",51.5151789,-0.2043253,"156 Portobello Rd, London W11 2EB, UK","ChIJHUylZR4RdkgRqtRHULzIPbI",""
"Six Portland Road","London",51.507218,-0.207879,"6 Portland Rd, London W11 4LA, UK","ChIJb7Pe-eYPdkgRCS9KuK5RoWk",""
"Empire Empire","London",51.5179723,-0.2035558,"16 All Saints Rd, London W11 1HH, UK","ChIJYZTHoCgRdkgResU548KLYtU",""
"Sino","London",51.5177681,-0.203745,"7 All Saints Rd, London W11 1HA, UK","ChIJi43VN2kRdkgR4c-wuiSxY9w",""
"Dove","London",51.5153921,-0.2059362,"31 Kensington Park Rd, London W11 2EU, UK","ChIJEbbdrIoRdkgRJEO8R14LUxI",""
"2210 by NattyCanCook","London",51.4507586,-0.1004842,"75 Norwood Rd, London SE24 9AA, UK","ChIJrQv1JI4FdkgRLJAkCh7PsLA",""
"The Pelican","London",51.5187926,-0.2047072,"45 All Saints Rd, London W11 1HE, UK","ChIJU9qpFRwQdkgRJNJV_9nKxs0",""
"Rogues","London",51.5321836,-0.058934,"460 Hackney Rd, London E2 9EG, UK","ChIJ0d9HoTUddkgRyg0oRpC_c3U",""
"Sune","London",51.5354104,-0.0627228,"129A Pritchard's Rd, London E2 9AP, UK","ChIJXRnwPAkddkgR6-a-4vu5Umc",""
"Da Terra","London",51.5304336,-0.0559824,"8 Patriot Square, London E2 9NF, UK","ChIJn-wx7LQddkgRMWv5bVEiEfQ",""
"Julie's","London",51.5101298,-0.2105453,"135 Portland Rd, London W11 4LW, UK","ChIJfc2Arn0FdkgRegJM8kS9G4c",""
"Elis","London",51.5304798,-0.0557422,"1st floor, Town Hall Hotel, 8 Patriot Square, London E2 9NF, UK","ChIJ77jFwHwddkgR_34fn1v8I8s",""
"The Water House Project","London",51.5337226,-0.058718,"1 Corbridge Cres, Cambridge Heath, London E2 9DT, UK","ChIJtcPF7sUcdkgR2lkThoKSBXA","Cambridge Heath"
"Caia","London",51.5226641,-0.20761,"46 Golborne Rd, London W10 5PR, UK","ChIJ_fpMZjIRdkgRiac_zdVgpBE",""
"Straker's","London",51.5215206,-0.2087091,"91 Golborne Rd, London W10 5NL, UK","ChIJUwfpqzMRdkgRDv9h3mXZFLA",""
"Canteen","London",51.5210022,-0.2093261,"310 Portobello Rd, London W10 5TA, UK","ChIJ02QECgkRdkgR_4meeUf8Kws",""
"Cadet","London",51.5513399,-0.0860448,"57 Newington Grn, Newington Green, London N16 9PX, UK","ChIJ6QTbOHcddkgRnzvnEL-Y-mU","Newington Green"
"Jolene","London",51.5513088,-0.0844365,"21 Newington Grn, Mayville Estate, London N16 9PU, UK","ChIJcyhmThsddkgRVwvy3LVIJys","Mayville Estate"
"Angelina","London",51.5461368,-0.0712472,"56 Dalston Ln, London E8 3AH, UK","ChIJMVn0pZIcdkgRhP999ah47qk",""
"Behind","London",51.5392655,-0.0574991,"20 Sidworth St, London E8 3SD, UK","ChIJdyD4g3MddkgRu4WVVDnjZv8",""
"Lupa","London",51.5561367,-0.0982325,"73 Highbury Park, London N5 1UA, UK","ChIJ1UowMwAbdkgR3VOzwnoZcD0",""
"Primeur","London",51.554482,-0.090094,"Barnes Motors, 116 Petherton Rd, London N5 2RT, UK","ChIJI8gV4oAcdkgRta50vBcCBuM",""
"Farang","London",51.5570231,-0.0977481,"72 Highbury Park, London N5 2XE, UK","ChIJRQ4C2IEbdkgR7h4L8oxsFqI",""
"Bull & Last","London",51.5589095,-0.1486424,"168 Highgate Rd, London NW5 1QS, UK","ChIJ9YPwQlYadkgRDPXRCtg-Om8",""
"Don't Tell Dad","London",51.5373519,-0.203387,"10-14 Lonsdale Rd, London NW6 6RD, UK","ChIJM4CzbeMRdkgR9tHRMt9yZd0",""
"Pollini at Ladbroke Hall","London",51.5232509,-0.2201255,"79 Barlby Rd, London W10 6AZ, UK","ChIJqwNh-yQQdkgRBDGd67B4UTA",""
"Casa Fofō","London",51.5499411,-0.0641369,"158 Sandringham Rd, London E8 2HS, UK","ChIJq_N9NKgddkgRPmF9XapQArk",""
"River Café","London",51.4839988,-0.2242253,"Thames Wharf, Rainville Rd, London W6 9HA, UK","ChIJxxa_ELAPdkgRF2wx7RLroiY",""
"Oren","London",51.5526306,-0.0706506,"89 Shacklewell Ln, London E8 2EB, UK","ChIJIQW7Mm8ddkgRGrp_BCK67i8",""
"Sam's Riverside","London",51.488237,-0.2279886,"1 Crisp Rd, London W6 9DN, UK","ChIJU384RGQPdkgRVf21TehGvy8",""
"Brasserie Constance","London",51.4744493,-0.222182,"Level 1, Fulham Pier, Stevenage Rd, London SW6 6HH, UK","ChIJTQ1FPAAPdkgRkaGa8RXRd40",""
"Heritage Dulwich","London",51.4371497,-0.0948425,"101 Rosendale Rd, Norwood, London SE21 8EZ, UK","ChIJRTWxcOEFdkgRTBPwg7j9bHs","Norwood"
"The Clarence Tavern","London",51.5622651,-0.0788784,"102 Stoke Newington Church St, London N16 0LA, UK","ChIJTcqbgGMcdkgRyHgsT9A1xFc",""
"Roe","London",51.5023057,-0.0152132,"One Park Drive, 5 Park Dr, Canary Wharf Estate, London E14 9GG, UK","ChIJ2xMBYYIDdkgR4aYnWkJ9vG8","Canary Wharf Estate"
"Calong","London",51.5620057,-0.0753861,"35 Stoke Newington Church St, London N16 0NX, UK","ChIJLQdehE4ddkgRxLFhX21MWJQ",""
"NORA","London",51.5024121,-0.0112005,"7 West Ln, Canary Wharf Estate, London E22 3AA, UK","ChIJU4SlYQADdkgRc_JZ1I6TsvM","Canary Wharf Estate"
"Giulia","London",51.5041143,-0.2434161,"77 Askew Rd, London W12 9AH, UK","ChIJU9GMeq0PdkgRD7sEkK4r0z4",""
"Smoke & Salt","London",51.4259562,-0.1697463,"115 Tooting High St, London SW17 0SY, UK","ChIJ5ShNfUEbdkgRVTyAWFtKliE",""
"La Trompette","London",51.4918899,-0.2560897,"3-7 Devonshire Rd, Chiswick, London W4 2EU, UK","ChIJgaR1WkAOdkgRh32MzysCr2Y","Chiswick"
"Les 2 Garçons","London",51.5810718,-0.1235583,"14 Middle Ln, London N8 8PL, UK","ChIJBUmrulwbdkgREyF_urZP6Dc",""
"The Waterman's Arms","London",51.4736501,-0.2511029,"375 Lonsdale Rd, London SW13 9PY, UK","ChIJKx2CP0APdkgRUX_W8j3ymBw",""
"Through the Woods","London",51.5866547,-0.121754,"212 Middle Ln, London N8 7LA, UK","ChIJh-8RnHQbdkgRh7CxAa6V_vQ",""
"ssam ssam","London",51.4182655,-0.193159,"149 Merton Rd, London SW19 1ED, UK","ChIJb7fEdcAJdkgR_J41VbStot0",""
"Takahashi","London",51.4163067,-0.1922664,"228 Merton Rd, London SW19 1EQ, UK","ChIJpY_svaYIdkgRc65GX8kYtDQ",""
"Black Radish","London",51.4134483,-0.183263,"12 Watermill Wy, Merton Abbey, London SW19 2RD, UK","ChIJIZEJXv4HdkgRozQ46lD1GMU","Merton Abbey"
"The Victoria","London",51.4610744,-0.275605,"10 W Temple Sheen, London SW14 7RT, UK","ChIJQUW5XpsOdkgRm65ZO4Dok64",""
"Mignonette","London",51.4653565,-0.299476,"109 Kew Rd, Richmond TW9 2PN, UK","ChIJBdWCns4NdkgRroAaWJ-K8N4",""
"Dysart Petersham","London",51.4465883,-0.3002246,"135 Petersham Rd, Richmond TW10 7AA, UK","ChIJDauqLMw0cEERuqNQ5irvxGk",""
"Provender","London",51.5797963,0.0241588,"17 High St., London E11 2AA, UK","ChIJYckujD-n2EcR9BrjhtiGt-o",""
"Café Spice Namasté","London",51.5055112,0.0746752,"1-2 Lower Dock Walk, London E16 2GT, UK","ChIJTfPydkoDdkgRhLWVO1ym3xg",""
"Petersham Nurseries Café","London",51.4470676,-0.302242,"Off Church Ln, Petersham Rd, Richmond TW10 7AB, UK","ChIJPxmP76ENdkgR1wYZTx0KUJ8",""
"Madhu's Southall","London",51.5097148,-0.3760846,"39 South Rd, Southall UB1 1SW, UK","ChIJ3bvHBbFydkgRyj3SZax8xJs",""
"Gina","Chingford",51.6330437,0.0077656,"92 Station Rd, London E4 7BA, UK","ChIJw1lF9Kqh2EcRJLtDCJu9Q60",""
"Chapter One","London",51.36575,0.053041,"Farnborough Common, Locksbottom, Orpington BR6 8NF, UK","ChIJ-ybHLiKr2EcRUJXnPtmjtg8","Locksbottom"
"Minnie Bell’s Soul Movement","SAN FRANCISCO",37.7821663,-122.4327686,"1375 Fillmore St, San Francisco, CA 94115, USA","ChIJcYgzNSOBhYARPI-O97Gqi1g","Western Addition"
"Mariposa",NA,21.2903397,-157.843928,"1450 Ala Moana Blvd Level Three, Honolulu, HI 96814","ChIJcWKjRfBtAHwRGIuqPq-Ql5I","Ala Moana"
"Taqueria el Azul",NA,21.2959733,-157.7987116,"1827 Palolo Ave, Honolulu, HI 96816","ChIJr11hDABtAHwRuN--RyhudWs","Palolo"
"Carnitas Valley","Arleta",34.2349468,-118.4508532,"1812, 9067 Van Nuys Blvd, Panorama City, CA 91402, USA","ChIJa2EsR9uQwoARtODilFtLts4","Panorama City"
"Cuevita","Long Beach",34.1106864,-118.1901857,"5922 N Figueroa St, Los Angeles, CA 90042, USA","ChIJ-SGuuBHEwoAROIlisfBN6Xk","Highland Park"
NA,NA,NA,NA,NA,NA,NA
"Faria",NA,21.3961129,-157.7413029,"308 Kuulei Rd, Kailua, HI 96734","ChIJ_TdcMgAVAHwRrgI9aJxLEws",""
"Tess Kitchen",NA,47.7208715,-122.1920007,"Building Q, 11400 NE 132nd St, Kirkland, WA 98034","ChIJb2iNwA0NkFQR_CT-NzLn6PA","Inglewood-Finn Hill"
"Bistro Na's","Temple City",34.1045616,-118.0724572,"9055 E Las Tunas Dr #105, Temple City, CA 91780","ChIJtRTy5_vawoAR7nXPsJ5tXLw",""
"Chef Tian's","Industry",33.9954932,-117.9063865,"18248 Gale Ave, City of Industry, CA 91748","ChIJkTvwbXgrw4AR_Yx61dioGX8",""
"Good Alley","Rosemead",34.0799875,-118.0844964,"8450 E Valley Blvd #108, Rosemead, CA 91770","ChIJiTmNRgDbwoARtgC8kjajw9E",""
"Dai Ho","Temple City",34.1052727,-118.0692357,"9148 E Las Tunas Dr, Temple City, CA 91780","ChIJHfhyO_nawoARLs8ITHVvEYY",""
"Chong Qing Special Noodles","San Gabriel",34.10303,-118.091739,"708 E Las Tunas Dr, San Gabriel, CA 91776","ChIJ-7B5Vd7awoART5RmRyS4DLI",""
"Sushi Chitose","Redondo Beach",33.8360921,-118.3849239,"402 S Pacific Coast Hwy, Redondo Beach, CA 90277","ChIJ3-x1EK-0woARgjyiHTjgw8A","South Redondo"
"Sushi Kisen","Arcadia",34.1272921,-118.0542398,"1108 S Baldwin Ave B6, Arcadia, CA 91007","ChIJAxmyMojbwoARQDN6CvMHYCo",""
"Pho Ngoon","San Gabriel",34.080631,-118.0910821,"741 E Valley Blvd, San Gabriel, CA 91776","ChIJ26vs173awoARvC7kZwKSgRE",""
"A&J Seafood Shack","Long Beach",33.7827341,-118.1544652,"3201 E Anaheim St, Long Beach, CA 90804","ChIJfc93S_sx3YARMFMzqKUVQ5s","Eastside"
"San & Wolves","Long Beach",33.7715479,-118.1470914,"3900 E 4th St, Long Beach, CA 90814","ChIJWyhGqnQNd2QRGrcacLLQdsI","Belmont Heights"
"Taquearte California","Pico Rivera",34.0087162,-118.0802477,"4518 1/2 Rosemead Blvd, Pico Rivera, CA 90660","ChIJIR8l8wHRwoAR_QMXC6dUcqU","El Rancho"
"Taco Nazo","South El Monte",34.0624796,-118.0623468,"9516 Garvey Ave, South El Monte, CA 91733","ChIJqbuM4oXQwoARl94v4F-nv4o",""
"Burritos La Palma","El Monte",34.0957961,-118.0117699,"5120 Peck Rd, El Monte, CA 91732","ChIJxztAvPDZwoARUKqI04RO2uE",""
"Tacos de Cabrito y Machito El Lagunero","CA 92407",34.1431069,-117.3357776,"2598 N State St, Muscoy, CA 92407","ChIJoX5GaF5Tw4AR2FoWfUTCZ58",""
"Kitchen Istanbul","San Francisco",37.7828985,-122.4632343,"349 Clement St, San Francisco, CA 94118","ChIJ-7fy-juHhYARKnsUGLldH3Q","Inner Richmond"
"Sea Harbour","Rosemead",34.0798326,-118.0734805,"3939 Rosemead Blvd, Rosemead, CA 91770","ChIJ_TQYZY_awoARAjrVzsNYoYo",""
"Chef Tony","Arcadia",34.1272338,-118.054358,"1108 S Baldwin Ave, Arcadia, CA 91007","ChIJ8ahcKprbwoAR1Z8H2eRvy20",""
"LaoXi Noodle House","Arcadia",34.1087757,-118.0179352,"600 E Live Oak Ave, Arcadia, CA 91006","ChIJSeNee33ZwoARE6wGkfkasEA",""
"Luscious Dumplings","Monrovia",34.131785,-118.0181391,"919 W Duarte Rd, Monrovia, CA 91016","ChIJae12gX3ZwoAR2seun-Qfe_w",""
"Sushi Inaba","Torrance",33.8398115,-118.3530711,"20920 Hawthorne Blvd, Torrance, CA 90503","ChIJx7NewtO0woARCEk05DbH2tA","Delthorne"
"Amor y Tacos","Cerritos",33.8602552,-118.047106,"13333 South St, Cerritos, CA 90703","ChIJD79qrVws3YARmHv-Mf11nqk",""
"Manohar’s Delhi Palace","La Puente",34.0118284,-117.9246713,"581 Azusa Way, La Puente, CA 91744","ChIJ9yFWIQgqw4ARjWaoWHsBc98",""
"Bess","Sierra Madre",34.1616512,-118.0538346,"48 W Sierra Madre Blvd, Sierra Madre, CA 91024","ChIJz3H3ZDPdwoARS_M7Q3MGOuk",""
"Pipit","Pottsville",-28.389444,153.5637758,"Shop 4/8 Coronation Ave, Pottsville NSW 2489","ChIJW-rZMXX3kGsRUvl-jnzjNTc",""
"Coco Deck Lahaina",NA,20.8876589,-156.6846072,"1312 Front St, Lahaina, HI 96761","ChIJq6o66KMrVXkRTws6W7NqnaM",""
"Miller & Lux Hualālai",NA,19.8277681,-155.991625,"72 100 Ka`upulehu Drive, Kailua-Kona, HI 96740","ChIJ6eXJM25zVHkRMWXi6EOhHZ8",""
"Mama’s Fish House",NA,20.9289879,-156.3670266,"799 Poho Pl, Paia, HI 96779","ChIJgz9Agw8zq34RRR2Qw8LrM5A",""
"Dear Sainte Éloise","Potts Point",-33.8723527,151.2243579,NA,NA,NA
"Cricketers Arms","Surry Hills",-33.8856807,151.2172674,"Cricketers Arms Hotel, 106, Fitzroy Street, Surry Hills, Sydney CBD, Sydney, New South Wales, 2010, Australia","way/892441469","Sydney CBD"
"Mapo","Darlinghurst",-33.8787672,151.2150206,"72, Oxford Street, Darlinghurst, Sydney CBD, Sydney, New South Wales, 2010, Australia","way/605490931","Sydney CBD"
"Market Lane Coffee","Prahran",-37.8464762,144.9921466,NA,NA,NA
"Top Paddock","Richmond",-37.8330508,144.9951477,NA,NA,NA
"Entrecôte Greville Street","Prahran",-37.849427,144.991519,NA,NA,NA
"Jim's Greek Tavern","Collingwood",-37.798973,144.985783,NA,NA,NA
"Bar Ampere","Melbourne",-37.8135603,144.9673858,"Bar Ampere, 16, Russell Place, Greek Precinct, Melbourne, Victoria, 3000, Australia","node/3860293391","Greek Precinct"
"Av Restaurant",NA,21.2825452,-157.800158,NA,NA,NA
"Mandalay Restaurant",NA,21.3081712,-157.8600058,NA,NA,NA
"Noi Thai Cuisine",NA,21.2779061,-157.827948,"Noi Thai Cuisine, 2301, Kalākaua Avenue, Kalakaua Shopping District, Waikīkī, East Honolulu, Honolulu, Honolulu County, Hawaii, 96815, United States","node/9824082317",""
"Theodora","Fort Greene",40.686057,-73.973108,NA,NA,NA
"Sushi Nakazawa","West Village",40.731802,-74.004491,NA,NA,NA
"K'Far","Williamsburg",40.720963,-73.958594,NA,NA,NA
"Place des Fêtes","Clinton Hill",40.686805,-73.962869,NA,NA,NA
"Sailor","Fort Greene",40.689383,-73.970311,NA,NA,NA
"Oxomoco",NA,40.72977,-73.9554604,"Oxomoco, 128, Greenpoint Avenue, Greenpoint, Brooklyn, Kings County, New York, 11222, United States","way/280132272","Greenpoint"
"Shu Jiao Fu Zhou Cuisine","Brooklyn",40.7174059877275,-73.9920866153845,NA,NA,NA
"Bong","New York 11216",40.6726865,-73.9546665,NA,NA,NA
"Vato","New York",40.6702616,-73.9790211,NA,NA,NA
"Torrisi Bar & Restaurant","New York",40.72432,-73.995255,NA,NA,NA
"Fausto","New York",40.675937,-73.971814,NA,NA,NA
"Cervo's","New York",40.7148737413988,-73.9913521707225,NA,NA,NA
"Ly Ly","New York",40.7742534,-73.9537344,NA,NA,NA
"Raf’s","New York",40.724693,-73.993155,NA,NA,NA
"Ingas Bar","Brooklyn",40.6999858054033,-73.9937197318945,NA,NA,NA
"Mari Vanna","New York",40.7387711163,-73.9886829638,NA,NA,NA
"Cafe Commerce","NY 10021",40.769418794733,-73.96320104599,NA,NA,NA
"Gallaghers Steakhouse","New York",40.762797,-73.98391,NA,NA,NA
"Ernesto’s","New York",40.71428,-73.985419,NA,NA,NA
"Rolo’s","NY 11385",40.701942,-73.903534,NA,NA,NA
"Cafe Carmellini","New York 10001",40.744912,-73.987526,NA,NA,NA
"Daphne’s","New York 11216",40.682994,-73.941118,NA,NA,NA
"Sushi Sho","NY 10017",40.749615,-73.996497,NA,NA,NA
"Yoshino","NY 10012",40.726227,-73.992165,NA,NA,NA
"Ito","NY 10007",40.713085,-74.010139,NA,NA,NA
"Café Sabarsky","NY 10028",40.781235,-73.960258,NA,NA,NA
"ARIARI","East Village",40.7272531,-73.9858155,NA,NA,NA
"Park’s BBQ","Koreatown",34.054242,-118.291966,NA,NA,NA
"Henry’s Cuisine","Alhambra",34.079002,-118.119542,NA,NA,NA
"Gjelina","Los Angeles",33.990497,-118.4649651,NA,NA,NA
"Quarter Sheets Pizza Club","Los Angeles",34.075756,-118.254351,NA,NA,NA
"Cafe Stella","Los Angeles",34.0921675483869,-118.280372612368,NA,NA,NA
"Sichuan Impression","Los Angeles",34.048198,-118.44325,NA,NA,NA
"Newport Seafood ","San Gabriel",34.1022329376553,-118.106830991484,NA,NA,NA
"Liu’s Cafe","Los Angeles",34.0636407,-118.3084142,NA,NA,NA
"Pine & Crane DTLA ","Los Angeles",34.04045,-118.262,NA,NA,NA
"Shin Sushi","Los Angeles",34.1579957007,-118.493487574,NA,NA,NA
"Saffy's Coffee & Tea","Los Angeles",34.0956042,-118.295345,NA,NA,NA
"Milo & Olive","Santa Monica",34.037552,-118.476076,NA,NA,NA
"Shunji","Santa Monica",34.0201744775917,-118.453742817644,NA,NA,NA
"Melisse","Santa Monica",34.02447,-118.4913,NA,NA,NA
"Cobi’s","Santa Monica",34.006181,-118.488152,NA,NA,NA
"Barra Santos ","Los Angeles",34.0956403,-118.2280612,NA,NA,NA
"Vin Folk","California 90254",33.864583,-118.400854,NA,NA,NA
"Lapaba","California 90020",34.063715,-118.308905,NA,NA,NA
"Sora Craft Kitchen","Fashion District",34.0315801109,-118.247319228,NA,NA,NA
"Komal","LOS ANGELES",34.0173472,-118.2781747,"KOMAL, 3655, South Grand Avenue, Jefferson, Historic South-Central, Los Angeles, Los Angeles County, California, 90007, United States","node/12981847101","Jefferson"
"Oma","Borough",51.505369,-0.089992,NA,NA,NA
"Plates","Old Street",51.526589,-0.08201,NA,NA,NA
"Bibi","London",51.512369,-0.153104,NA,NA,NA
"St. John","London",51.520469876016,-0.101440233135228,NA,NA,NA
"Himi","London",51.51353,-0.13847,NA,NA,NA
"Belly Bistro","London",51.5454299,-0.1418581,NA,NA,NA
"Core By Clare Smyth","London",51.513175,-0.204266,NA,NA,NA
"Berenjak Mayfair","London",51.5129908500508,-0.150912682209012,NA,NA,NA
"The Compton Arms","London",51.543492,-0.102126,NA,NA,NA
"Café Kitsuné","London",51.49917,-0.15721,NA,NA,NA
"Day Trip","London",51.540188,-0.0898539,NA,NA,NA
"Gauthier Soho","W1D 5AF",51.5127597,-0.1314418,NA,NA,NA
"The Ritz London","England W1J 9BR",51.5070782,-0.1416273,NA,NA,NA
"St John Bread and Wine","E1 6LZ",51.5197373,-0.0742167,NA,NA,NA
"Endo at the Rotunda","England W12 7FR",51.5102851,-0.2259936,NA,NA,NA
"Noble Rot Lamb's Conduit","England WC1N 3NB",51.5218778,-0.1186975,NA,NA,NA
"The Quality Chop House","EC1R 3EA",51.5246849,-0.1098886,NA,NA,NA
"Silka Borough Market","SE1 1TQ",51.505090321143,-0.0896104833068266,NA,NA,NA
"Buttermilk Chicken and Pine Salt at The Clove Club","EC1V 9LT",51.5272122284103,-0.0795489549636841,NA,NA,NA
"Whole Turbot at Brat","England E1 6JL",51.5242404,-0.0767169,NA,NA,NA
"Dover Sole at Scott's","W1K 2HE",51.5097497486315,-0.150862678450703,NA,NA,NA
"Muntjac Biryani at Gymkhana","W1S 4JH",51.5085721802913,-0.14145165681839,NA,NA,NA
"Noodle In A Haystack","Inner Richmond",37.780648,-122.468707,NA,NA,NA
"Zuni Cafe","Hayes Valley",37.773602,-122.421997,NA,NA,NA
"Sun Moon Studio","OAKLAND",37.8147585,-122.2863762,"Sun Moon Studio, 1940, Union Street, West Oakland, Oakland, Alameda County, California, 94607, United States","node/12321180897",""
"Groundwork Coffee","Los Angeles",33.9886749,-118.4748831,"Groundwork Coffee, Westminster Avenue, Venice, Los Angeles, Los Angeles County, California, 90291, United States","node/4438348995",""
"Caffe Luxxe","Los Angeles",34.0534695,-118.4625413,"Caffe Luxxe, West San Vicente Boulevard, Brentwood, Los Angeles, Los Angeles County, California, 90049, United States","node/11472263945",""
"Maru Coffee","Los Angeles",34.0309499,-118.2301459,"Maru Coffee, 1019, South Santa Fe Avenue, Arts District, Boyle Heights, Los Angeles, Los Angeles County, California, 90021, United States","node/6479109314","Arts District"
"Civil Coffee","Los Angeles",34.1094879,-118.193404,"Civil Coffee, 5629, North Figueroa Street, Highland Park, Los Angeles, Los Angeles County, California, 90042, United States","node/7570783786",""
"1802 Roasters","Los Angeles",34.0952337,-118.2283986,"1802 Roasters, Cypress Avenue, Cypress Park, Los Angeles, Los Angeles County, California, 90065, United States","way/429113912","Cypress Park"
"The Wheelhouse","Los Angeles",34.0387977,-118.2339418,"The Wheelhouse, 1375, East 6th Street, Arts District, Downtown, Los Angeles, Los Angeles County, California, 90013, United States","node/5127650276","Arts District"
"Scenery","London",51.488179,-0.32428,"Sky Scenery Store, Harlequin Avenue, Sky Studios, Spring Grove, London Borough of Hounslow, Greater London, England, TW8 9EX, United Kingdom","way/655463532","London Borough of Hounslow"
"Carbon Kopi","London",51.4864393,-0.2148518,"Carbon Kopi, 11, Margravine Road, Hammersmith, London Borough of Hammersmith and Fulham, Greater London, England, W6 8LS, United Kingdom","way/1058675432","London Borough of Hammersmith and Fulham"
"Ngopi","London",51.5460821,-0.0702437,"Ngopi, 78, Dalston Lane, De Beauvoir Town, Dalston, London Borough of Hackney, Greater London, England, E8 3AH, United Kingdom","node/13315532801","De Beauvoir Town"
"Saint Nine Coffee","London",51.5052607,-0.098579,"Saint Nine Coffee, Lavington Street, Bankside, Southwark, London Borough of Southwark, Greater London, England, SE1 0JA, United Kingdom","node/12082875769","Bankside"
"Workshop Coffee","London",51.5223551,-0.1023652,"Workshop Coffee Co., 27, Clerkenwell Road, Farringdon, Clerkenwell, London Borough of Islington, Greater London, England, EC1M 5RN, United Kingdom","way/113694288","Farringdon"
"Golden Age Cinema and Bar","Surry Hills",-33.8794179,151.2109298,NA,NA,NA
"The Barber Shop","Sydney",-33.8695779,151.2061182,NA,NA,NA
"Now & Then","Sydney",-33.8721876,151.2058977,NA,NA,NA
"Centro 86","Sydney",-33.8669849,151.2088077,NA,NA,NA
"Willie the Boatman","St Peters",-33.9133166,151.1725618,NA,NA,NA
"Akasha Brewing Co","Five Dock",-33.869544,151.118213,NA,NA,NA
"Wildflower Brewing & Blending","Marrickville",-33.9049595,151.1653997,NA,NA,NA
"Philter Brewing","Marrickville",-33.9102514,151.1626457,NA,NA,NA
"Young Henrys","Newtown",-33.898132,151.17447,NA,NA,NA
"Curly Lewis Brewing Co","Bondi Beach",-33.8914543,151.2733081,NA,NA,NA
"7th Day Brewery","Brookvale",-33.7670756,151.2725537,NA,NA,NA
"Freshwater Brewing Co","Brookvale",-33.7662517,151.2735033,NA,NA,NA
"Mary's","Newtown",-33.8960854,151.1797467,NA,NA,NA
"Wayward Brewing Co.","Camperdown",-33.8857455,151.1748604,NA,NA,NA
"Kittyhawk","Sydney",-33.8648795,151.2121336,NA,NA,NA
"Where's Nick","Marrickville",-33.9116987,151.1585297,NA,NA,NA
"She Loves You","Newtown",-33.9025414,151.1794745,NA,NA,NA
"Paski Vineria Popolare","Darlinghurst",-33.8814995,151.2182345,NA,NA,NA
"The Baxter Inn","Sydney",-33.869872,151.205392,NA,NA,NA
"B. Lucky & Sons","Sydney",-33.8945331,151.2272117,NA,NA,NA
"El Primo Sanchez","Paddington",-33.8829236,151.2203964,NA,NA,NA
"White Bay Beer Co","Rozelle",-33.864482,151.1770242,NA,NA,NA
"Bar 83 at Sydney Tower","Sydney",-33.8704485,151.2087218,NA,NA,NA
"Calle Rey","Newtown",-33.8929178,151.1860566,NA,NA,NA
"Una Mas","Coogee",-33.9184725,151.2583183,NA,NA,NA
"Arcadia Liquors","Redfern",-33.892682,151.20075,NA,NA,NA
"Employees Only","Sydney",-33.8679352,151.2060556,NA,NA,NA
"Big Poppa's","Darlinghurst",-33.8793006,151.2156736,NA,NA,NA
"The Clare Bar","Chippendale",-33.8844439,151.2014225,NA,NA,NA
"Archie Rose Distillery","Rosebery",-33.916843,151.20245,NA,NA,NA
"The Bearded Tit","Redfern",-33.894498,151.199663,NA,NA,NA
"The Lobo","Sydney",-33.87,151.205,NA,NA,NA
"Uncle Ming's","Sydney",-33.867268,151.2057131,NA,NA,NA
"Button Bar","Sydney",-33.8718874,151.2052009,NA,NA,NA
"Stitch Bar","Sydney",-33.8674061,151.2056941,NA,NA,NA
"Aster Cocktail & Wine","Melbourne",-37.8115822,144.9653589,NA,NA,NA
"Cru Wine Bar","Kew",-37.8081638,145.0382203,NA,NA,NA
"Evies Disco Diner","Fitzroy",-37.806407,144.9822926,NA,NA,NA
"Welcome to Brunswick","Brunswick",-37.7684972,144.9631316,NA,NA,NA
"Milton Wine Shop","Malvern",-37.8530014,145.0418507,NA,NA,NA
"Old Palm Liquor","Brunswick East",-37.7739601,144.9708855,NA,NA,NA
"Baby Snakes Bar","Footscray",-37.8004634,144.8998578,NA,NA,NA
"Waxflower","Brunswick",-37.7755595,144.9707564,NA,NA,NA
"Heartbreaker","Melbourne",-37.810928,144.967457,NA,NA,NA
"The Everleigh","Fitzroy",-37.806199,144.979691,NA,NA,NA
"Yarra Falls","Melbourne",-37.8182244,144.9613757,NA,NA,NA
"Kewpie — CLOSED","Fitzroy",-37.7959425217686,144.979019097505,NA,NA,NA
"Ponyfish Island","Melbourne",-37.8245483,144.963937,NA,NA,NA
"Union Electric","Melbourne",-37.811847,144.966742,NA,NA,NA
"Lulie Tavern","Abbotsford",-37.8000784,144.993596,NA,NA,NA
"Bar Oussou","Victoria",-37.761793,144.962681,NA,NA,NA
"Paradise Alley","Collingwood",-37.7979147,144.9860532,NA,NA,NA
"The Catfish","Fitzroy",-37.805789,144.975148,NA,NA,NA
"Loop Roof","Melbourne",-37.812075,144.972084,NA,NA,NA
"Double Happiness","Melbourne",-37.811182,144.971263,NA,NA,NA
"Eau de Vie","Melbourne",-37.8155338,144.9715511,NA,NA,NA
"Goldilocks","Melbourne",-37.8118543,144.9650427,NA,NA,NA
"Lily Blacks","Melbourne",-37.812254,144.9723256,NA,NA,NA
"Kurumac","Marrickville",-33.9014079,151.1613362,"Addison Road, Marrickville, Inner West, Sydney, New South Wales, 2204, Australia","way/174594096","Inner West"
"Boon Cafe and Jarern Chai","Haymarket",-33.87873,151.2072456,"Pitt Street, Thai Town, Haymarket, Sydney CBD, Sydney, New South Wales, 2000, Australia","way/1040138171","Thai Town"
"Two Good Co Cafe","Darlinghurst",-33.8788589,151.2230294,"Liverpool Street, Darlinghurst, Sydney, New South Wales, 2010, Australia","way/244920222",""
"Edition Coffee Roasters Haymarket","Haymarket",-33.8785088,151.2011325,"Edition Coffee Roasters, Darling Drive, Chinatown, Haymarket, Sydney CBD, Sydney, New South Wales, 2000, Australia","node/7041091585","Chinatown"
"Lox Stock and Barrel","Bondi",-33.8835097,151.2754417,"Glenayr Avenue, North Bondi, Eastern Suburbs, Sydney, New South Wales, 2026, Australia","way/735034699","Eastern Suburbs"
"Cafe Monaka","Mona Vale",-33.6754866,151.2997992,"Waratah Street, Northern Beaches, Sydney, New South Wales, 2103, Australia","way/235407626","Northern Beaches"
"Reuben Hills","Surry Hills",-33.8829006,151.2109902,"Reuben Hills, 61, Albion Street, Surry Hills, Sydney CBD, Sydney, New South Wales, 2010, Australia","node/10679626485","Sydney CBD"
"Happyfield","Haberfield",-33.8804984,151.138654,"Happyfield, Ramsay Street, Haberfield, Inner West, Sydney, New South Wales, 2045, Australia","node/11816090941","Inner West"
"Paramount Coffee Project","Surry Hills",-33.8793053,151.2110456,"Paramount Coffee Project, 80, Commonwealth Street, Surry Hills, Sydney CBD, Sydney, New South Wales, 2010, Australia","node/4719582990","Sydney CBD"
"Devon Barangaroo","Barangaroo",-33.8639278,151.2015159,"Barangaroo Avenue, Barangaroo, Sydney CBD, Sydney, New South Wales, 2000, Australia","way/362252544","Sydney CBD"
"Rising Sun Workshop","Newtown",-33.8958041,151.1817147,"Whateley Street, Newtown, Sydney, New South Wales, 2042, Australia","way/3609398",""
"Circa Espresso","Parramatta",-33.8193585,151.0053536,"Wentworth Street, Sydney, New South Wales, 2150, Australia","way/548602371",""
"Blackwood Cronulla","Cronulla",-34.0523566,151.1535953,"Surf Lane, Cronulla, Sutherland Shire, Sydney, New South Wales, 2230, Australia","way/25007382","Sutherland Shire"
"Valentina’s","Marrickville",-33.9104247,151.1507186,"Livingstone Road, Marrickville, Inner West, Sydney, New South Wales, 2204, Australia","way/172918047","Inner West"
"Soulmate Coffee","Newtown",-33.8976064,151.1734726,"Phillip Street, Newtown, Inner West, Sydney, New South Wales, 2042, Australia","way/4596451","Inner West"
"Petit Loulou","Sydney",-33.8679526,151.2101348,"Sydney, Sydney CBD, Sydney, New South Wales, 2000, Australia","relation/5729534","Sydney CBD"
"Sana","Eveleigh",-33.8955054,151.1947872,"Locomotive Street, South Eveleigh, Eveleigh, Sydney, New South Wales, 2015, Australia","way/139841758","South Eveleigh"
"Algorithm","Marrickville",-33.9125269,151.1609299,"Algorithm Cafe, 109, Marrickville Road, Marrickville, Inner West, Sydney, New South Wales, 2204, Australia","way/552486117","Inner West"
"Mecca Coffee Alexandria","Alexandria",-33.9069255,151.1985764,"Bourke Road, Alexandria, Sydney, New South Wales, 2015, Australia","way/252096741",""
"Artificer Specialty Coffee Bar & Roastery","Surry Hills",-33.8844166,151.2159305,"Bourke Street, Surry Hills, Sydney CBD, Sydney, New South Wales, 2010, Australia","way/224565707","Sydney CBD"
"Diggy Doos Coffee","Sydney",-33.8634579,151.2107142,"Bridge Street, Quay Quarter, Sydney, Sydney CBD, Sydney, New South Wales, 2000, Australia","way/235499623","Quay Quarter"
"St Dreux","Sydney",-33.8676621,151.2049286,"St Dreux, Clarence Street, Sydney, Sydney CBD, Sydney, New South Wales, 2000, Australia","node/8098677588","Sydney CBD"
"Skittle Lane","Sydney",-33.8686543,151.2048018,"Skittle Lane, King Street Cycleway, Sydney, Sydney CBD, Sydney, New South Wales, 2000, Australia","node/6037842057","Sydney CBD"
"Primary Coffee Roasters","Potts Point",-33.8736718,151.2255508,"Ward Avenue, Potts Point, Sydney, New South Wales, 2011, Australia","way/247982604",""
"Coffee Alchemy","Marrickville",-33.9110555,151.1643339,"Coffee Alchemy, 87, Sydenham Road, Marrickville, Inner West, Sydney, New South Wales, 2204, Australia","node/1962213802","Inner West"
"Gumption by Coffee Alchemy","Sydney",-33.8693893,151.2076299,"Strand Arcade, 412-414, George Street, Sydney, Sydney CBD, Sydney, New South Wales, 2000, Australia","way/195460154","Sydney CBD"
"Ashfield Apothecary","Ashfield",-33.8866089,151.1260819,"Ashfield Apothecary, 21, Charlotte Street, Ashfield, Inner West, Sydney, New South Wales, 2131, Australia","node/11061255347","Inner West"
"Regiment","Sydney",-33.8617247,151.2080031,"George Street, Quay Quarter, Sydney, Sydney CBD, Sydney, New South Wales, 2000, Australia","way/252445027","Quay Quarter"
"Dutch Smuggler","Sydney",-33.8625195,151.2080735,"Dutch Smuggler, 200, George Street, Quay Quarter, Sydney, Sydney CBD, Sydney, New South Wales, 2000, Australia","node/10774441285","Quay Quarter"
"Double Tap Coffee","Marrickville",-33.9072138,151.1672651,"Double Tap Coffee, 54-56, Smith Street, Marrickville, Inner West, Sydney, New South Wales, 2204, Australia","node/8444635717","Inner West"
"Black Market Roasters Marrickville","Marrickville",-33.9107453,151.1655426,"Cadogan Street, Marrickville, Inner West, Sydney, New South Wales, 2204, Australia","way/174594369","Inner West"
"Padre Coffee Paddington","Paddington",-33.882263,151.2286296,"Padre Coffee, Glenmore Road, Five Ways, Paddington, Eastern Suburbs, Sydney, New South Wales, 2021, Australia","node/11471100596","Five Ways"
"Cafe Margaret","Double Bay",-33.8771742,151.2416376,"Bay Street, Double Bay, Eastern Suburbs, Sydney, New South Wales, 2028, Australia","way/172687486","Eastern Suburbs"
"Martha's","Wareemba",-33.8569346,151.1307803,"Great North Road, Wareemba, Inner West, Sydney, New South Wales, 2046, Australia","way/247838681","Inner West"
"Baking 101","Stanmore",-33.8915749,151.1649024,"Percival Road, Stanmore, Inner West, Sydney, New South Wales, 2048, Australia","way/173308919","Inner West"
"Mami’s Bondi","Bondi",-33.8942933,151.2661287,"Bondi Road, Bondi, Eastern Suburbs, Sydney, New South Wales, 2026, Australia","way/1103550010","Eastern Suburbs"
"Norma’s Deli","Manly",-33.7978575,151.2872464,"Norma's Deli, 74, The Corso, Northern Beaches, Sydney, New South Wales, 2095, Australia","node/12785551866","Northern Beaches"
"Double Cross Dining Room","Crows Nest",-33.8239434,151.2016775,"Albany Street, Crows Nest Junction, Crows Nest, Lower North Shore, Sydney, New South Wales, 2065, Australia","way/100602288","Crows Nest Junction"
"The Corner Deli by Lox in a Box","Marrickville",-33.9090689,151.1577663,"Illawarra Road, Marrickville, Inner West, Sydney, New South Wales, 2204, Australia","way/172956032","Inner West"
"Misc","Parramatta",-33.8064434,150.9979546,NA,NA,NA
"Shuk","North Bondi",-33.8822767,151.276869,"Shuk Cafe, 2, Mitchell Street, North Bondi, Eastern Suburbs, Sydney, New South Wales, 2026, Australia","node/4096814492","Eastern Suburbs"
"Angus Marrickville","Marrickville",-33.9122848,151.1611732,"Angus, 69, Meeks Road, Marrickville, Inner West, Sydney, New South Wales, 2204, Australia","node/13028125814","Inner West"
"Porch and Parlour","North Bondi",-33.8916373,151.2833095,"Ramsgate Avenue, Ben Buckler, North Bondi, Eastern Suburbs, Sydney, New South Wales, 2026, Australia","way/4921128","Ben Buckler"
"Queen Ester","Newport",-33.6547278,151.3199494,"Robertson Road, Newport, Northern Beaches, Sydney, New South Wales, 2106, Australia","way/174691204","Northern Beaches"
"Fika Swedish Kitchen","Manly",-33.7977059,151.2862591,"Market Lane Cafe, 37-39, The Corso, Northern Beaches, Sydney, New South Wales, 2095, Australia","node/6957602987","Northern Beaches"
"Quick Brown Fox Eatery","Pyrmont",-33.8694825,151.1948307,"Quick Brown Fox Eatery, Union Street Cycleway, Pyrmont, Sydney CBD, Sydney, New South Wales, 2009, Australia","node/1613909625","Sydney CBD"
"Ken’s Continental","Potts Point",-33.8749938,151.223514,"Bayswater Road, Potts Point, Sydney, New South Wales, 2011, Australia","way/4334418",""
"Cafe Cressida","Woollahra",-33.8876361,151.2414475,"Queen Street, Woollahra, Eastern Suburbs, Sydney, New South Wales, 2025, Australia","way/173810395","Eastern Suburbs"
"Deus Cafe","Camperdown",-33.8858905,151.1793172,"Deus Cafe, 98-104, Parramatta Road, Camperdown, Inner West, Sydney, New South Wales, 2050, Australia","way/172614883","Inner West"
"Bistro Grenier","Newtown",-33.8927709,151.1857279,"King Street, Newtown, Inner West, Sydney, New South Wales, 2042, Australia","way/286361145","Inner West"
"Tijuana’s","Manly",-33.8049831,151.2926959,"Darley Road, Northern Beaches, Sydney, New South Wales, 2095, Australia","way/117452602","Northern Beaches"
"Oh Boy","Sydney",-33.8651476,151.2194463,"Mrs Macquaries Road, Sydney, Sydney CBD, Sydney, New South Wales, 2000, Australia","way/1301019985","Sydney CBD"
"Rekodo","Barangaroo",-33.8639278,151.2015159,"Barangaroo Avenue, Barangaroo, Sydney CBD, Sydney, New South Wales, 2000, Australia","way/362252544","Sydney CBD"
"The Winery","Surry Hills",-33.8878375,151.2135294,"Crown Street, Strawberry Hills, Surry Hills, Sydney CBD, Sydney, New South Wales, 2010, Australia","way/408755125","Strawberry Hills"
"Matteo Downtown","Sydney",-33.86463,151.2074776,"Bond Street, Quay Quarter, Sydney, Sydney CBD, Sydney, New South Wales, 2000, Australia","way/1131909516","Quay Quarter"
"Socal Neutral Bay","Neutral Bay",-33.8302046,151.2214961,"Young Street, Neutral Bay Junction, Neutral Bay, Lower North Shore, Sydney, New South Wales, 2089, Australia","way/171313736","Neutral Bay Junction"
"Untied","Barangaroo",-33.8639278,151.2015159,"Barangaroo Avenue, Barangaroo, Sydney CBD, Sydney, New South Wales, 2000, Australia","way/362252544","Sydney CBD"
"Hello Auntie Darling Square","Haymarket",-33.8781096,151.202466,"Nicolle Walk, Darling Square, Haymarket, Sydney CBD, Sydney, New South Wales, 2000, Australia","way/696386232","Darling Square"
"The Rook","Sydney",-33.8681794,151.2059674,"York Street, Sydney, Sydney CBD, Sydney, New South Wales, 2000, Australia","way/324785034","Sydney CBD"
"Reign","Sydney",-33.88368,151.2029679,"George Street, Thai Town, Haymarket, Sydney CBD, Sydney, New South Wales, 2000, Australia","way/169912132","Thai Town"
"Menzies Bar","Sydney",-33.9018441,151.174433,"Margaret Street, Enmore, Inner West, Sydney, New South Wales, 2042, Australia","way/900595021","Inner West"
"Apollonia","Sydney",-33.9266369,151.1599953,"Young Street, Tempe, Inner West, Sydney, New South Wales, 2044, Australia","way/174117380","Inner West"
"Dean & Nancy on 22","Sydney",-33.8655047,151.2073773,"Hunter Street, Quay Quarter, Sydney, Sydney CBD, Sydney, New South Wales, 2000, Australia","way/843338818","Quay Quarter"
"Bar 83","Sydney",-33.8704485,151.2087218,NA,NA,NA
"Ramblin’ Rascal Tavern","Sydney",-33.8805955,151.2088467,"Elizabeth Street, Thai Town, Haymarket, Sydney CBD, Sydney, New South Wales, 2000, Australia","way/235326530","Thai Town"
"The Swinging Cat","Sydney",-33.868989,151.209002,"King Street, Sydney, Sydney CBD, Sydney, New South Wales, 2000, Australia","way/1105686297","Sydney CBD"
"Little Felix","Sydney",-33.866638,151.2076506,"Ash Street, Quay Quarter, Sydney, Sydney CBD, Sydney, New South Wales, 2000, Australia","way/165581781","Quay Quarter"
"Burrow Bar","Sydney",-33.8640289,151.2046594,"Clarence Street, Sydney, Sydney CBD, Sydney, New South Wales, 2000, Australia","way/3188566","Sydney CBD"
"Taylor's Rooftop Bar","Sydney",-33.8753912,151.2079408,"Pitt Street, Koreatown, Sydney, Sydney CBD, Sydney, New South Wales, 2000, Australia","way/168248904","Koreatown"
"Bar Luca","Sydney",-33.8640536,151.2118952,"Bar Luca, Phillip Street, Quay Quarter, Sydney, Sydney CBD, Sydney, New South Wales, 2000, Australia","node/5905743868","Quay Quarter"
"Grain","Sydney",-33.8617247,151.2080031,"George Street, Quay Quarter, Sydney, Sydney CBD, Sydney, New South Wales, 2000, Australia","way/252445027","Quay Quarter"
"Bar Odessa","Sydney",-33.8753912,151.2079408,"Pitt Street, Koreatown, Sydney, Sydney CBD, Sydney, New South Wales, 2000, Australia","way/168248904","Koreatown"
"Bowery Lane","Sydney",-33.8646921,151.2098911,"Bowery Lane, 1, O'Connell Street, Quay Quarter, Sydney, Sydney CBD, Sydney, New South Wales, 2000, Australia","node/6395667317","Quay Quarter"
"Bar Topa","Sydney",-33.8664168,151.2074845,"Palings Lane, Quay Quarter, Sydney, Sydney CBD, Sydney, New South Wales, 2000, Australia","way/165581780","Quay Quarter"
"Old Mate's Place","Sydney",-33.8723406,151.2056815,"Clarence Street, Koreatown, Sydney, Sydney CBD, Sydney, New South Wales, 2000, Australia","way/1254234740","Koreatown"
"Smoke Bar","Barangaroo",-33.8639278,151.2015159,"Barangaroo Avenue, Barangaroo, Sydney CBD, Sydney, New South Wales, 2000, Australia","way/362252544","Sydney CBD"
"The Push","The Rocks",-33.8574224,151.2086923,"George Street, The Rocks, Sydney CBD, Sydney, New South Wales, 2000, Australia","way/77527180","Sydney CBD"
"The Duke of Clarence","Sydney",-33.8697092,151.2057496,"The Duke of Clarence, 152-156, Clarence Street, Sydney, Sydney CBD, Sydney, New South Wales, 2000, Australia","node/10796974387","Sydney CBD"
"Alice","The Rocks",-33.8590682,151.2076341,"Argyle Street, The Rocks, Sydney CBD, Sydney, New South Wales, 2000, Australia","way/187990279","Sydney CBD"
"Bar Herbs","Sydney",-33.8700603,151.2052162,"Herbs, 213, Clarence Street, Sydney, Sydney CBD, Sydney, New South Wales, 2000, Australia","node/12810866590","Sydney CBD"
"Joji","Sydney",-33.8685473,151.2071585,"Joji, 388, George Street, Quay Quarter, Sydney, Sydney CBD, Sydney, New South Wales, 2000, Australia","node/12357441085","Quay Quarter"
"Eau De Vie","Sydney",-33.88368,151.2029679,"George Street, Thai Town, Haymarket, Sydney CBD, Sydney, New South Wales, 2000, Australia","way/169912132","Thai Town"
"Sky Bar","Sydney",-33.9018441,151.174433,"Margaret Street, Enmore, Inner West, Sydney, New South Wales, 2042, Australia","way/900595021","Inner West"
"Jacksons on George","Sydney",-33.8617247,151.2080031,"George Street, Quay Quarter, Sydney, Sydney CBD, Sydney, New South Wales, 2000, Australia","way/252445027","Quay Quarter"
"Jolene's Sydney","Sydney",-33.86835,151.2056398,"Jolene's, 71, York Street, Sydney, Sydney CBD, Sydney, New South Wales, 2000, Australia","node/10813115206","Sydney CBD"
"The Rover","Surry Hills",-33.8801769,151.2097591,"The Wild Rover, Campbell Street, Surry Hills, Sydney CBD, Sydney, New South Wales, 2010, Australia","node/4605191889","Sydney CBD"
"Jacoby's","Enmore",-33.9002106,151.1705299,"Enmore Road, Enmore, Inner West, Sydney, New South Wales, 2042, Australia","way/291755045","Inner West"
"Fortunate Son","Newtown",-33.8986634,151.1742531,"Fortunate Son, 105, Enmore Road, Newtown, Inner West, Sydney, New South Wales, 2042, Australia","node/13707141471","Inner West"
"Pleasure Club","Newtown",-33.894944,151.1864216,"Wilson Street, Newtown, Sydney, New South Wales, 2042, Australia","way/152281065",""
"Tio’s Cerveceria","Surry Hills",-33.8796738,151.2104584,"Tio’s, Foster Street, Surry Hills, Sydney CBD, Sydney, New South Wales, 2010, Australia","node/11809581470","Sydney CBD"
"Bar Conte","Surry Hills",-33.8850399,151.2128183,"Bar Conte, Riley Street, Strawberry Hills, Surry Hills, Sydney CBD, Sydney, New South Wales, 2010, Australia","node/4032662390","Strawberry Hills"
"The Roosevelt","Potts Point",-33.8720018,151.2246955,"The Roosevelt, Orwell Street, Potts Point, Sydney, New South Wales, 2011, Australia","node/5377687538",""
"Gin Lane","Chippendale",-33.8848671,151.2017391,"Gin Lane, Kensington Street, Chippendale, Sydney CBD, Sydney, New South Wales, 2008, Australia","node/11374704312","Sydney CBD"
"Poor Toms Gin Hall","Marrickville",-33.9081203,151.1651824,"Chalder Avenue, Marrickville, Inner West, Sydney, New South Wales, 2204, Australia","way/173627259","Inner West"
"The Cumberland","Manly",-33.7964424,151.2865947,"Central Avenue, Northern Beaches, Sydney, New South Wales, 2095, Australia","way/4869347","Northern Beaches"
"Ester Spirits","Marrickville",-33.9069554,151.1633113,"Chalder Street, Marrickville, Inner West, Sydney, New South Wales, 2204, Australia","way/173627266","Inner West"
"Archie Rose Distilling Co","Rosebery",-33.9173422,151.2023887,"Archie Rose Distilling Co., 85, Dunning Avenue, Rosebery, Sydney, New South Wales, 2018, Australia","way/683851398",""
"Nick and Nora’s","Parramatta",-33.8142127,150.9991808,"Macquarie Street, Sydney, New South Wales, 2150, Australia","way/1107300958",""
"The Aster","Sydney",-33.8674098,151.2123006,"Macquarie Street, Quay Quarter, Sydney, Sydney CBD, Sydney, New South Wales, 2000, Australia","way/785917939","Quay Quarter"
"The Glenmore Hotel","The Rocks",-33.857895,151.2076168,"Cumberland Street, The Rocks, Sydney CBD, Sydney, New South Wales, 2000, Australia","way/172324165","Sydney CBD"
"The Library Bar","Sydney",-33.8665606,151.21351,"The Library Bar, 1, Shakespeare Place, Quay Quarter, Sydney, Sydney CBD, Sydney, New South Wales, 2000, Australia","node/12469917474","Quay Quarter"
"Martinez","Sydney",-33.8634579,151.2107142,"Bridge Street, Quay Quarter, Sydney, Sydney CBD, Sydney, New South Wales, 2000, Australia","way/235499623","Quay Quarter"
"Panorama Bar","Sydney",-33.8678177,151.210759,"Martin Place, Sydney, Sydney CBD, Sydney, New South Wales, 2000, Australia","node/6601585113","Sydney CBD"
"Darlo Bar","Darlinghurst",-33.8788589,151.2230294,"Liverpool Street, Darlinghurst, Sydney, New South Wales, 2010, Australia","way/244920222",""
"The East Village","Darlinghurst",-33.8785583,151.2162948,"Palmer Street, Darlinghurst, Sydney CBD, Sydney, New South Wales, 2010, Australia","way/97336304","Sydney CBD"
"The Taphouse","Darlinghurst",-33.8846302,151.2181272,"The Taphouse, 122, Flinders Street, Darlinghurst, Sydney, New South Wales, 2010, Australia","node/1746177844",""
"The Imperial Hotel","Erskineville",-33.8991723,151.1826169,"The Imperial Hotel, 35, Erskineville Road, Erskineville, Sydney, New South Wales, 2043, Australia","node/558670834",""
"Hyde Park House","Darlinghurst",-33.8761613,151.2232942,"William Street, Darlinghurst, Sydney, New South Wales, 2010, Australia","way/173184963",""
"The Lansdowne Hotel","Chippendale",-33.8847937,151.1950238,"Lansdowne Hotel, 2-6, City Road, Chippendale, Sydney CBD, Sydney, New South Wales, 2008, Australia","way/258090588","Sydney CBD"
"The Keg and Brew","Surry Hills",-33.8842107,151.2102042,"Foveaux Street, Surry Hills, Sydney CBD, Sydney, New South Wales, 2010, Australia","way/173486821","Sydney CBD"
"The Royal Hotel","Paddington",-33.8811931,151.22971,"Glenmore Road, Five Ways, Paddington, Eastern Suburbs, Sydney, New South Wales, 2021, Australia","way/173836377","Five Ways"
"Bar Ombre","Sydney",-33.8632427,151.2097153,"Macquarie Place, Quay Quarter, Sydney, Sydney CBD, Sydney, New South Wales, 2000, Australia","way/4354657","Quay Quarter"
"Kimpton Margot Sydney","Sydney",-33.8751735,151.2077432,"Kimpton Margot Sydney, 295-301, Pitt Street, Koreatown, Sydney, Sydney CBD, Sydney, New South Wales, 2000, Australia","node/12247270257","Koreatown"
"Henry Deane","Millers Point",-33.8578736,151.2021111,"Bettington Street, Millers Point, Sydney CBD, Sydney, New South Wales, 2000, Australia","way/3997067","Sydney CBD"
"The Royal Oak Hotel","Double Bay",-33.8771742,151.2416376,"Bay Street, Double Bay, Eastern Suburbs, Sydney, New South Wales, 2028, Australia","way/172687486","Eastern Suburbs"
"Quarrymans Hotel","Pyrmont",-33.8725677,151.1955862,"Harris Street, Pyrmont, Sydney CBD, Sydney, New South Wales, 2009, Australia","way/77350476","Sydney CBD"
"Babylon","Sydney",-33.8699239,151.2089962,NA,NA,NA
"40 Res","Surry Hills",-33.8813623,151.212209,"Reservoir Street, Surry Hills, Sydney CBD, Sydney, New South Wales, 2010, Australia","way/173486869","Sydney CBD"
"The Lord Dudley Hotel","Woollahra",-33.8837942,151.2381052,"Jersey Road, Woollahra, Eastern Suburbs, Sydney, New South Wales, 2025, Australia","way/222260768","Eastern Suburbs"
"Courthouse Hotel","Newtown",-33.896239,151.1782113,"Australia Street, Newtown, Inner West, Sydney, New South Wales, 2042, Australia","way/286361141","Inner West"
"Hotel Hollywood","Surry Hills",-33.8796214,151.2105613,"Hotel Hollywood, 2, Foster Street, Surry Hills, Sydney CBD, Sydney, New South Wales, 2010, Australia","way/173175336","Sydney CBD"
"The Oaks Hotel","Neutral Bay",-33.8310463,151.2209315,"Military Road, Neutral Bay Junction, Neutral Bay, Lower North Shore, Sydney, New South Wales, 2089, Australia","way/171315357","Neutral Bay Junction"
"Lord Wolseley Hotel","Ultimo",-33.8766843,151.1967476,"Lord Wolseley Hotel, Bulwara Road, Ultimo, Sydney CBD, Sydney, New South Wales, 2007, Australia","node/20958867","Sydney CBD"
"The Shakespeare Hotel","Surry Hills",-33.8877503,151.2112973,"Devonshire Street, Strawberry Hills, Surry Hills, Sydney CBD, Sydney, New South Wales, 2010, Australia","way/252129993","Strawberry Hills"
"The Clock Hotel","Surry Hills",-33.8878375,151.2135294,"Crown Street, Strawberry Hills, Surry Hills, Sydney CBD, Sydney, New South Wales, 2010, Australia","way/408755125","Strawberry Hills"
"The Golden Sheaf Hotel","Double Bay",-33.8775404,151.2433704,"New South Head Road, Double Bay, Eastern Suburbs, Sydney, New South Wales, 2028, Australia","way/241144057","Eastern Suburbs"
"The Henson","Marrickville",-33.9051224,151.1613286,"The Henson, 91, Illawarra Road, Marrickville, Inner West, Sydney, New South Wales, 2204, Australia","node/10290585159","Inner West"
"The Chippo Hotel","Chippendale",-33.8855355,151.1986793,"Abercrombie Street, Chippendale, Sydney CBD, Sydney, New South Wales, 2008, Australia","way/203193265","Sydney CBD"
"The Golden Barley","Enmore",-33.9030739,151.1723825,"Edgeware Road, Enmore, Inner West, Sydney, New South Wales, 2042, Australia","way/1135694632","Inner West"
"Union Hotel","Newtown",-33.904007,151.180271,"Union Hotel, 576, King Street, Newtown, Inner West, Sydney, New South Wales, 2042, Australia","node/558670727","Inner West"
"The Kirribilli Hotel","Milsons Point",-33.846847,151.2128268,"Broughton Street, Milsons Point, Lower North Shore, Sydney, New South Wales, 2061, Australia","way/1155855324","Lower North Shore"
"The Australian Heritage Hotel","The Rocks",-33.857895,151.2076168,"Cumberland Street, The Rocks, Sydney CBD, Sydney, New South Wales, 2000, Australia","way/172324165","Sydney CBD"
"The Abercrombie","Ultimo",-33.8841686,151.201145,"Broadway, Ultimo, Sydney CBD, Sydney, New South Wales, 2007, Australia","way/280415585","Sydney CBD"
"Hotel Palisade","Millers Point",-33.8578736,151.2021111,"Bettington Street, Millers Point, Sydney CBD, Sydney, New South Wales, 2000, Australia","way/3997067","Sydney CBD"
"The Woollahra Hotel","Woollahra",-33.8876361,151.2414475,"Queen Street, Woollahra, Eastern Suburbs, Sydney, New South Wales, 2025, Australia","way/173810395","Eastern Suburbs"
"The Glebe Hotel","Glebe",-33.8806303,151.1946479,"Bay Street, Glebe, Inner West, Sydney, New South Wales, 2037, Australia","way/148331266","Inner West"
"Public House Petersham","Petersham",-33.8965989,151.1594088,"Public House Petersham, 292-294, Stanmore Road, Petersham, Inner West, Sydney, New South Wales, 2049, Australia","node/2839158759","Inner West"
"The Lady Hampshire","Camperdown",-33.8868618,151.1770745,"The Lady Hampshire, 91, Parramatta Road, Camperdown, Inner West, Sydney, New South Wales, 2050, Australia","node/17990949","Inner West"
"The Welcome Hotel","Rozelle",-33.8626545,151.1734812,"The Welcome Hotel, 91, Evans Street, Rozelle, Inner West, Sydney, New South Wales, 2039, Australia","node/60715634","Inner West"
"The Duke of Enmore","Enmore",-33.9002106,151.1705299,"Enmore Road, Enmore, Inner West, Sydney, New South Wales, 2042, Australia","way/291755045","Inner West"
"The Magpie","Enmore",-33.9002106,151.1705299,"Enmore Road, Enmore, Inner West, Sydney, New South Wales, 2042, Australia","way/291755045","Inner West"
"The Village Inn","Paddington",-33.8811931,151.22971,"Glenmore Road, Five Ways, Paddington, Eastern Suburbs, Sydney, New South Wales, 2021, Australia","way/173836377","Five Ways"
"Four in Hand","Paddington",-33.8837133,151.2344237,"Four In Hand, Sutherland Street, Five Ways, Paddington, Eastern Suburbs, Sydney, New South Wales, 2021, Australia","node/5467843521","Five Ways"
"Market Lane Coffee Brunswick","Brunswick",-37.7683591,144.9617647,"Market Lane Coffee, 383, Sydney Road, Brunswick, Melbourne, Victoria, 3056, Australia","node/6919633713",""
"Ima Asa Yoru","Brunswick",-37.7632759,144.9609394,"Duckett Street, Brunswick, Melbourne, Victoria, 3056, Australia","way/25108644",""
"Code Black Coffee Brunswick","Brunswick",-37.774643,144.962468,NA,NA,NA
"Ray's Cafe","Brunswick",-37.7670256,144.9610752,"Ray's Cafe, 332, Victoria Street, Brunswick, Melbourne, Victoria, 3056, Australia","node/977100621",""
"Project281","Brunswick",-37.7693786,144.9667425,"Albert Street, Brunswick, Melbourne, Victoria, 3056, Australia","way/68906229",""
"Lobbs","Brunswick",-37.7633023,144.9626302,"Lobbs, 589-591, Sydney Road, Brunswick, Melbourne, Victoria, 3056, Australia","node/7021632823",""
"All Day Donuts","Brunswick",-37.7747497,144.9693568,"Edward Street, Brunswick, Melbourne, Victoria, 3056, Australia","way/186886244",""
"A Minor Place","Brunswick",-37.7614923,144.9696521,"A Minor Place, 103, Albion Street, Brunswick, Melbourne, Victoria, 3056, Australia","node/305317756",""
"Disciple Roasters","Brunswick",-37.7755134,144.9600848,"Disciple Roasters, 16, Black Street, Brunswick, Melbourne, Victoria, 3056, Australia","node/11880628357",""
"Kines","Brunswick",-37.7642001,144.961028,"KINES, 11, Hope Street, Brunswick, Melbourne, Victoria, 3056, Australia","node/5229509122",""
"Ovens Street","Brunswick",-37.7648388,144.9612177,"Ovens Street Bakery, 19, Ovens Street, Brunswick, Melbourne, Victoria, 3056, Australia","node/5936366344",""
"Wood & Co","Brunswick",-37.7678509,144.9552577,"Wood And Co Coffee, 369, Albert Street, Brunswick, Melbourne, Victoria, 3056, Australia","node/12822455067",""
"Sweet Evelyn","Brunswick",-37.7731775,144.9529904,"Sweet Evelyn, 128, Union Street, Brunswick, Melbourne, Victoria, 3056, Australia","node/5754903318",""
"Lux Foundry","Brunswick",-37.7641964,144.9598267,"Lux Foundry Cafe, 21, Hope Street, Brunswick, Melbourne, Victoria, 3056, Australia","node/1014043098",""
"Acustico","Brunswick",-37.7739337,144.9591941,"Acustico, 32, Union Street, Brunswick, Melbourne, Victoria, 3056, Australia","node/2466135397",""
"Green Refectory","Brunswick",-37.7747918,144.9606604,"Green Refectory, 115, Sydney Road, Brunswick, Melbourne, Victoria, 3056, Australia","node/5776748420",""
"Brunswick Foodstore","Brunswick",-37.7756298,144.9691377,"Weston Street, Brunswick, Melbourne, Victoria, 3056, Australia","way/280257266",""
"Iris The Bakery","Brunswick",-37.7752084,144.9598387,"Iris The Bakery, 1, Wilson Avenue, Brunswick, Melbourne, Victoria, 3056, Australia","node/11880090231",""
"Walrus","Brunswick",-37.7704927,144.9616957,"Walrus, 312, Sydney Road, Brunswick, Melbourne, Victoria, 3056, Australia","node/10821974821",""
"Lunar by Hikari","Brunswick",-37.7672528,144.9622335,"Lunar By Hikari, Sydney Road, Brunswick, Melbourne, Victoria, 3056, Australia","node/12583349397",""
"Egglab Brunswick","Brunswick",-37.7609482,144.9633213,"Egglab Brunswick, 702, Sydney Road, Brunswick, Melbourne, Victoria, 3056, Australia","node/9434056845",""
"Square One Rialto","Melbourne",-37.8174569,144.9595232,"Collins Street, Koreatown, Melbourne, Victoria, 3000, Australia","way/1123528665","Koreatown"
"Bench Coffee Co","Melbourne",-37.815958,144.961102,"Little Collins Street, Koreatown, Melbourne, Victoria, 3000, Australia","way/715201470","Koreatown"
"Brother Baba Budan","Melbourne",-37.8114938,144.9687947,"Little Bourke Street, Chinatown, Melbourne, Victoria, 3000, Australia","way/715211379","Chinatown"
"Market Lane Coffee Queen Street","Melbourne",-37.8119773,144.9594267,"Queen Street, Koreatown, Melbourne, Victoria, 3000, Australia","way/191505321","Koreatown"
"Saint Dreux","Melbourne",-37.8098123,144.9708665,"Lonsdale Street, East End Theatre District, Melbourne, Victoria, 3000, Australia","way/46604404","East End Theatre District"
"Bakemono Bakers","Melbourne",-37.8091411,144.9691793,"Little Lonsdale Street, Greek Precinct, Melbourne, Victoria, 3000, Australia","way/323916050","Greek Precinct"
"Greta","Melbourne",-37.8188482,144.9584934,"Greta, Flinders Lane, Melbourne, Victoria, 3000, Australia","node/13555867021",""
"Liminal","Melbourne",-37.8174569,144.9595232,"Collins Street, Koreatown, Melbourne, Victoria, 3000, Australia","way/1123528665","Koreatown"
"Everyday Midtown","Melbourne",-37.815958,144.961102,"Little Collins Street, Koreatown, Melbourne, Victoria, 3000, Australia","way/715201470","Koreatown"
"Industry Beans Lt. Collins","Melbourne",-37.8154045,144.9632621,"Industry Beans, 345, Little Collins Street, Koreatown, Melbourne, Victoria, 3000, Australia","node/13826992064","Koreatown"
"Dame","Melbourne",-37.8140961,144.9724831,"Dame, Collins Street, East End Theatre District, Melbourne, Victoria, 3000, Australia","node/13073352780","East End Theatre District"
"Little Rogue","Melbourne",-37.8109925,144.9640518,"Little Rogue, 12, Drewery Lane, Greek Precinct, Melbourne, Victoria, 3000, Australia","node/7132635362","Greek Precinct"
"Operator Diner","Melbourne",-37.8096005,144.9682118,"Operator Diner, 130, Lonsdale Street, Greek Precinct, Melbourne, Victoria, 3000, Australia","node/11726300811","Greek Precinct"
"Vacation Melbourne","Melbourne",-37.8130352,144.9711037,"Exhibition Street, East End Theatre District, Melbourne, Victoria, 3000, Australia","way/199429376","East End Theatre District"
"Workshop Brothers CBD","Melbourne",-37.8119773,144.9594267,"Queen Street, Koreatown, Melbourne, Victoria, 3000, Australia","way/191505321","Koreatown"
"Sensory Lab","Melbourne",-37.811661,144.9717932,"Bourke Street, East End Theatre District, Melbourne, Victoria, 3000, Australia","way/208506752","East End Theatre District"
"Hardware Societe Katherine Place","Melbourne",-37.8200942,144.9566093,"Hardware Societe, 10, Katherine Place, Melbourne, Victoria, 3000, Australia","node/6424366485",""
"Axil Coffee Roasters Bourke Street","Melbourne",-37.811661,144.9717932,"Bourke Street, East End Theatre District, Melbourne, Victoria, 3000, Australia","way/208506752","East End Theatre District"
"Bowery to Williamsburg","Melbourne",-37.8161924,144.9701951,"Bowery to Williamsburg, 16, Oliver Lane, East End Theatre District, Melbourne, Victoria, 3000, Australia","node/4312017190","East End Theatre District"
"Traveller","Melbourne",-37.8114318,144.971205,"Traveller Coffee, 14, Crossley Street, East End Theatre District, Melbourne, Victoria, 3000, Australia","node/3588998221","East End Theatre District"
"Operator25","Melbourne",-37.8106432,144.9571991,"Wills Street, Koreatown, Melbourne, Victoria, 3000, Australia","way/4987076","Koreatown"
"Shortstop Coffee & Donuts","Melbourne",-37.8110729,144.9607914,"Sutherland Street, Koreatown, Melbourne, Victoria, 3000, Australia","way/207884332","Koreatown"
"First Love Coffee","Melbourne",-37.8177732,144.9595963,"First Love Coffee, Collins Street, Koreatown, Melbourne, Victoria, 3000, Australia","node/12252187508","Koreatown"
"The Butter Room","Melbourne",-37.8199352,144.9565389,"The Butter Room, 16, Katherine Place, Melbourne, Victoria, 3000, Australia","node/8537078521",""
"Ondo City","Melbourne",-37.8098123,144.9708665,"Lonsdale Street, East End Theatre District, Melbourne, Victoria, 3000, Australia","way/46604404","East End Theatre District"
"Antara","Melbourne",-37.8126687,144.9710474,"Antara, 128, Exhibition Street, East End Theatre District, Melbourne, Victoria, 3000, Australia","node/12882660738","East End Theatre District"
"St Ali & the Queen","Melbourne",-37.8077699,144.9586956,"Dhanga Djeembana Walk, Melbourne, Victoria, 3000, Australia","way/1201566548",""
"Operator San","Melbourne",-37.8074948,144.958609,"Therry Street, Melbourne, Victoria, 3000, Australia","way/7673568",""
"Maker Coffee Little Collins","Melbourne",-37.815958,144.961102,"Little Collins Street, Koreatown, Melbourne, Victoria, 3000, Australia","way/715201470","Koreatown"
"Proud Mary","Collingwood",-37.802337,144.985247,"Proud Mary, 172, Oxford Street, Collingwood, Melbourne, Victoria, 3066, Australia","node/1070249501",""
"Industry Beans Fitzroy","Fitzroy",-37.7947657,144.9781415,"Industry Beans, 70-76, Westgarth Street, Fitzroy, Melbourne, Victoria, 3065, Australia","node/11390673743",""
"Plug Nickel","Collingwood",-37.8051621,144.983949,"Plug Nickel, 7, Peel Street, Collingwood, Melbourne, Victoria, 3066, Australia","node/4167042990",""
"Core Roasters","Brunswick East",-37.7780849,144.9771821,"Core Roasters, 14, Barkly Street, Brunswick East, Melbourne, Victoria, 3068, Australia","node/12965580866",""
"Maker Coffee Richmond","Richmond",-37.816176,145.011383,NA,NA,NA
"Everyday Coffee","Collingwood",-37.7982461,144.9858872,"Everyday Coffee, 36-38, Sackville Street, Collingwood, Melbourne, Victoria, 3066, Australia","node/2108155854",""
"Axil Coffee Roasters Hawthorn","Hawthorn",-37.8225935,145.0342838,NA,NA,NA
"Acoffee","Collingwood",-37.7982359,144.9856593,"ACOFFEE, 30, Sackville Street, Collingwood, Melbourne, Victoria, 3066, Australia","node/11019583672",""
"Rumble Coffee Roasters","Kensington",-37.7924502,144.9346193,"Thompson Street, Kensington, Melbourne, Victoria, 3031, Australia","way/10300010",""
"Blume Coffee","Abbotsford",-37.8017174,144.9932812,"Blume Coffee Roasters, 2, Yarra Street, Abbotsford, Melbourne, Victoria, 3067, Australia","way/984994548",""
"Baker of Things","Richmond",-37.8128876,145.0094868,"Burnley Street, Richmond, Melbourne, Victoria, 3121, Australia","way/5229415",""
"Baker Bleu Cremorne","Cremorne",-37.8276795,144.9919125,"Baker Bleu, 65, Dover Street, Cremorne, Melbourne, Victoria, 3121, Australia","node/12925342185",""
"Obanzai Mama","Fitzroy",-37.80624,144.982751,"Obanzai Mama, 83A, Smith Street, Fitzroy, Melbourne, Victoria, 3065, Australia","node/2210917009",""
"Pecks Road CBD","Melbourne",-37.8175318,144.9633581,"Flinders Lane, Melbourne, Victoria, 3000, Australia","way/715181642",""
"Osoi","Brunswick",-37.7601578,144.9610405,"Osoi, 219, Albion Street, Brunswick, Melbourne, Victoria, 3056, Australia","node/12333196257",""
"Hector’s Bakery","Richmond",-37.8238502,144.9909365,"Hector's Bakery, Stewart Street, Richmond, Melbourne, Victoria, 3121, Australia","node/12918317093",""
"Matcha Kobo","Melbourne",-37.8098123,144.9708665,"Lonsdale Street, East End Theatre District, Melbourne, Victoria, 3000, Australia","way/46604404","East End Theatre District"
"Angel Music Bar","Melbourne",-37.811661,144.9717932,"Bourke Street, East End Theatre District, Melbourne, Victoria, 3000, Australia","way/208506752","East End Theatre District"
"Canecutters","South Yarra",-37.8374719,144.9796789,"Toorak Road, South Yarra, Melbourne, Victoria, 3141, Australia","way/23704198",""
"Goldy’s Tavern","Collingwood",-37.7965061,144.9898526,"Goldy's Tavern, 66, Gold Street, Collingwood, Melbourne, Victoria, 3066, Australia","way/261657684",""
"The Shady Lady","Fitzroy",-37.7986447,144.9813515,"Johnston Street, Fitzroy, Melbourne, Victoria, 3065, Australia","way/1268858499",""
"Milney's","Fitzroy",-37.797054,144.9786905,"Brunswick Street, Fitzroy, Melbourne, Victoria, 3065, Australia","way/1029898634",""
"Hotel Lombardo","Coburg",-37.7551074,144.9640591,"Hotel Lombardo, 11-13, Sydney Road, Coburg, Melbourne, Victoria, 3058, Australia","node/11715721012",""
"Misfits","Footscray",-37.8005733,144.9004974,"Chambers Street, Footscray, Melbourne, Victoria, 3011, Australia","way/31010657",""
"Aster Bar","Melbourne",-37.8118967,144.9655777,"Tattersalls Lane, Chinatown, Melbourne, Victoria, 3000, Australia","way/22820226","Chinatown"
"Tiny Bar","Brunswick East",-37.7673063,144.9806574,"Tiny Bar, 221D, Blyth Street, Brunswick East, Melbourne, Victoria, 3057, Australia","node/12418141903",""
"1806","Melbourne",-37.8130352,144.9711037,"Exhibition Street, East End Theatre District, Melbourne, Victoria, 3000, Australia","way/199429376","East End Theatre District"
"Berlin Bar","Melbourne",-37.8111694,144.9683698,"Berlin Bar, 16, Corrs Lane, Chinatown, Melbourne, Victoria, 3000, Australia","node/2240626094","Chinatown"
"Eau De Vie","Melbourne",-37.8155338,144.9715511,NA,NA,NA
"Gin Palace","Melbourne",-37.8138376,144.9674924,"Gin Palace, 10, Russell Place, Greek Precinct, Melbourne, Victoria, 3000, Australia","node/2686206075","Greek Precinct"
"Lui Bar at Vue de Monde","Melbourne",-37.8137562,144.9722943,"Collins Street, East End Theatre District, Melbourne, Victoria, 3000, Australia","way/576911615","East End Theatre District"
"New Gold Mountain","Melbourne",-37.8111854,144.9712552,"New Gold Mountain, 21, Liverpool Street, East End Theatre District, Melbourne, Victoria, 3000, Australia","node/5583331822","East End Theatre District"
"Seamstress Cocktail Bar","Melbourne",-37.8098123,144.9708665,"Lonsdale Street, East End Theatre District, Melbourne, Victoria, 3000, Australia","way/46604404","East End Theatre District"
"Siglo","Melbourne",-37.810974,144.972686,NA,NA,NA
"Sweatshop","Melbourne",-37.8098123,144.9708665,"Lonsdale Street, East End Theatre District, Melbourne, Victoria, 3000, Australia","way/46604404","East End Theatre District"
"Union Electric Bar","Melbourne",-37.811847,144.966742,NA,NA,NA
"Whisky and Alement","Melbourne",-37.8098833,144.9668544,"Russell Street, Greek Precinct, Melbourne, Victoria, 3000, Australia","way/190727195","Greek Precinct"
"Jayda","Melbourne",-37.8184428,144.9629073,"Bond Street, Melbourne, Victoria, 3000, Australia","way/12476959",""
"One or Two","Melbourne",-37.8118021,144.9662789,"One Or Two, 18, Celestial Avenue, Chinatown, Melbourne, Victoria, 3000, Australia","node/12387394934","Chinatown"
"The Great Northern Hotel","Carlton North",-37.785488,144.9725013,"Rathdowne Street, Carlton North, Melbourne, Victoria, 3054, Australia","way/1291914166",""
"Waterside Hotel","Melbourne",-37.8184161,144.9664779,"Flinders Street, Melbourne, Victoria, 3000, Australia","node/4936370201",""
"The Standard","Fitzroy",-37.8058285,144.9798032,"The Standard Store, 159, Gertrude Street, Fitzroy, Melbourne, Victoria, 3065, Australia","way/344936769",""
"The Retreat Hotel Brunswick","Brunswick",-37.7729578,144.9611285,"Sydney Road, Brunswick, Melbourne, Victoria, 3056, Australia","way/798269874",""
"Corner Hotel","Richmond",-37.8248893,144.9926645,"Corner Hotel, 57, Swan Street, Richmond, Melbourne, Victoria, 3121, Australia","way/46106859",""
"Arbory Bar & Eatery","Melbourne",-37.8189716,144.9661678,"Arbory Bar & Eatery, Flinders Walk, Melbourne, Victoria, 3000, Australia","node/4760996322",""
"The Keys","Preston",-37.7468183,145.0058527,"The Keys, 188, Plenty Road, Preston, Melbourne, Victoria, 3072, Australia","node/10303975917",""
"The Local Taphouse","St Kilda East",-37.8687441,144.9934266,"Carlisle Street, Hotham Street, Balaclava, Melbourne, Victoria, 3183, Australia","way/105444202",""
"Prince Alfred Hotel Richmond","Richmond",-37.8341639,144.9966058,"Church Street, Richmond, Melbourne, Victoria, 3121, Australia","way/27699359",""
"Stomping Ground Morris Moor","Moorabbin",-37.9424876,145.0646916,"Cochranes Road, Moorabbin East, Moorabbin, Melbourne, Victoria, 3189, Australia","way/28916965","Moorabbin East"
"Builders Arms Hotel","Fitzroy",-37.8060107,144.981622,"Builders Arms Hotel, 211, Gertrude Street, Fitzroy, Melbourne, Victoria, 3065, Australia","way/956988671",""
"Hardimans Hotel","Kensington",-37.7944315,144.9284029,"Hardimans Hotel, 521, Macaulay Road, Kensington, Melbourne, Victoria, 3031, Australia","way/1049471214",""
"Mount Erica Hotel","Prahran",-37.8536968,145.0069874,"High Street, Prahran, Melbourne, Victoria, 3181, Australia","way/761330500",""
"Whitehart","Melbourne",-37.8127747,144.9619209,"Whitehart Bar, Whitehart Lane, Greek Precinct, Melbourne, Victoria, 3000, Australia","node/11813673372","Greek Precinct"
"The Bridge Hotel","Werribee",-37.901548,144.6609163,"Watton Street, Werribee, Melbourne, Victoria, 3030, Australia","way/175551106",""
"West Footscray Wines","West Footscray",-37.7960188,144.8650239,"Barkly Street, West Footscray, Melbourne, Victoria, 3012, Australia","way/1154876687",""
"The Post Office Hotel","Coburg",-37.7434048,144.9662319,"Sydney Road, Coburg, Melbourne, Victoria, 3058, Australia","way/212194375",""
"Full Moon Fever","Abbotsford",-37.8001313,144.995974,"Johnston Street, Abbotsford, Melbourne, Victoria, 3067, Australia","way/848037030",""
"Urban Ground","Mordialloc",-38.0081046,145.0978292,"Urban Ground, 1-5, Lamana Road, Mordialloc, Melbourne, Victoria, 3195, Australia","node/2215314320",""
"Holmes Hall","Moonee Ponds",-37.7657794,144.9119236,"Holmes Road, Moonee Ponds, Melbourne, Victoria, 3039, Australia","way/201269335",""
"Penny Young","Moonee Ponds",-37.7678762,144.9231638,"Penny Young, 22, Young Street, Moonee Ponds, Melbourne, Victoria, 3039, Australia","node/10277486616",""
"Brewdog Pentridge","Coburg",-37.736826,144.968318,"BrewDog Pentridge, 1, Champ Street, Coburg, Melbourne, Victoria, 3058, Australia","node/11553223198",""
"Moon Dog World","Preston",-37.752477,145.0296768,"Moon Dog World, 32, Chifley Drive, Preston, Melbourne, Victoria, 3072, Australia","node/8393242279",""
"Windsor Castle Hotel","Windsor",-37.8558432,144.9880957,"The Windsor Castle Hotel, Albert Street, Windsor, Melbourne, Victoria, 3181, Australia","node/1423647565",""
"Co-Conspirators Brewpub","Brunswick",-37.7675656,144.9669979,"Victoria Street, Brunswick, Melbourne, Victoria, 3056, Australia","way/792154771",""
"Union Hotel Brunswick","Brunswick",-37.7734309,144.9531472,"Union Hotel Brunswick, 109, Union Street, Brunswick, Melbourne, Victoria, 3056, Australia","node/1314069822",""
"The Cornish Arms","Brunswick",-37.7734009,144.9607225,NA,NA,NA
"Miss Moses","Brunswick",-37.7635382,144.9625908,"Miss Moses Bar, 581, Sydney Road, Brunswick, Melbourne, Victoria, 3056, Australia","node/9935515630",""
"Joey Smalls","Brunswick",-37.7710531,144.9616025,"Joey Smalls, 284, Sydney Road, Brunswick, Melbourne, Victoria, 3056, Australia","node/10714676955",""
"Amelia Shaw","Brunswick",-37.7729578,144.9611285,"Sydney Road, Brunswick, Melbourne, Victoria, 3056, Australia","way/798269874",""
"Brunswick Mess Hall","Brunswick",-37.7729578,144.9611285,"Sydney Road, Brunswick, Melbourne, Victoria, 3056, Australia","way/798269874",""
"The Bergy Seltzer","Brunswick",-37.7762687,144.960725,"The Bergy Seltzer, 68, Sydney Road, Brunswick, Melbourne, Victoria, 3056, Australia","node/5792966172",""
"The Sporting Club Hotel","Brunswick",-37.7756298,144.9691377,"Weston Street, Brunswick, Melbourne, Victoria, 3056, Australia","way/280257266",""
"Brunswick Ballroom","Brunswick",-37.7704566,144.9617018,"Brunswick Ballroom, 314-316, Sydney Road, Brunswick, Melbourne, Victoria, 3056, Australia","node/2373556239",""
"Nina’s Bar & Dining","Brunswick",-37.7616838,144.9623705,"Florence Street, Brunswick, Melbourne, Victoria, 3056, Australia","way/25108656",""
"Curious","Melbourne",-37.8175318,144.9633581,"Flinders Lane, Melbourne, Victoria, 3000, Australia","way/715181642",""
"Dessous","Melbourne",-37.8175318,144.9633581,"Flinders Lane, Melbourne, Victoria, 3000, Australia","way/715181642",""
"Pizza Pizza Pizza","Melbourne",-37.8121696,144.9723217,"Pizza Pizza Pizza, Meyers Place, East End Theatre District, Melbourne, Victoria, 3000, Australia","node/6847250585","East End Theatre District"
"Ponyfish Island","Southbank",-37.8245483,144.963937,NA,NA,NA
"Lay Low Bar","Seddon",-37.8030461,144.8914785,"Buckley Street, Seddon, Melbourne, Victoria, 3011, Australia","way/145108208",""
"Solace","Melbourne",-37.8120927,144.9690828,"Solace, 21-25, Croft Alley, Chinatown, Melbourne, Victoria, 3000, Australia","node/12882691425","Chinatown"
"Ototo","Melbourne",-37.8175318,144.9633581,"Flinders Lane, Melbourne, Victoria, 3000, Australia","way/715181642",""
"Beneath Driver Lane","Melbourne",-37.8128495,144.9630858,"Beneath Driver Lane, Shop 3, Driver Lane, Greek Precinct, Melbourne, Victoria, 3000, Australia","node/9854178718","Greek Precinct"
"Young Hearts","Windsor",-37.8520645,144.9949186,"High Street, Windsor, Melbourne, Victoria, 3181, Australia","way/1180573381",""
"Jungle Boy","Windsor",-37.8528775,144.9931751,"Chapel Street, Windsor, Melbourne, Victoria, 3181, Australia","way/1256458579",""
"State of Grace","Melbourne",-37.8197111,144.9570132,"State of Grace, King Street, Melbourne, Victoria, 3000, Australia","node/4496744389",""
"Pendant Public Bar","Fitzroy",-37.797054,144.9786905,"Brunswick Street, Fitzroy, Melbourne, Victoria, 3065, Australia","way/1029898634",""
"Nobody’s Baby","South Yarra",-37.8374719,144.9796789,"Toorak Road, South Yarra, Melbourne, Victoria, 3141, Australia","way/23704198",""
"Sweet Nectar Inn","Coburg",-37.7530509,144.9762192,"Nicholson Street, Coburg, Melbourne, Victoria, 3058, Australia","way/211058296",""
"Gracie’s Wine Room","South Yarra",-37.8374719,144.9796789,"Toorak Road, South Yarra, Melbourne, Victoria, 3141, Australia","way/23704198",""
"Railway Hotel Fitzroy North","Fitzroy North",-37.7805923,144.9782522,"Railway Hotel, 800, Nicholson Street, Fitzroy North, Melbourne, Victoria, 3068, Australia","node/241367848",""
"Marquis of Lorne","Fitzroy",-37.7972297,144.9819606,"Marquis of Lorne, 411, George Street, Fitzroy, Melbourne, Victoria, 3065, Australia","node/361716561",""
"The Tote","Collingwood",-37.7995023,144.9871252,"The Tote Hotel, 71, Johnston Street, Collingwood, Melbourne, Victoria, 3066, Australia","way/222483898",""
"The North Fitzroy Arms","Fitzroy North",-37.7774336,144.9811643,"Rae Street, Fitzroy North, Melbourne, Victoria, 3068, Australia","way/849429699",""
"The Napier Hotel","Fitzroy",-37.7977693,144.9808443,"Napier Street, Fitzroy, Melbourne, Victoria, 3065, Australia","way/27558882",""
"The Gem Bar and Dining","Collingwood",-37.8069458,144.9860029,"Wellington Street, Collingwood, Melbourne, Victoria, 3066, Australia","way/447871262",""
"The Terminus Hotel","Fitzroy North",-37.791223,144.9846566,"Queens Parade, Fitzroy North, Melbourne, Victoria, 3068, Australia","way/255752264",""
"Northcote Social Club","Northcote",-37.771471,144.998414,"Northcote Social Club, 301, High Street, Ruckers Hill, Northcote, Melbourne, Victoria, 3070, Australia","node/1787860634","Ruckers Hill"
"Hotel Railway","Brunswick",-37.7683282,144.9599645,"Hotel Railway, 291-293, Albert Street, Brunswick, Melbourne, Victoria, 3056, Australia","way/1244254414",""
"The Green Man’s Arms","Carlton",-37.8028036,144.966509,"Lygon Street, Little Italy, Carlton, Melbourne, Victoria, 3053, Australia","way/190863997","Little Italy"
"Labour in Vain","Fitzroy",-37.797054,144.9786905,"Brunswick Street, Fitzroy, Melbourne, Victoria, 3065, Australia","way/1029898634",""
"The Rose","Fitzroy",-37.7955345,144.9815065,"The Rose Hotel, 406, Napier Street, Fitzroy, Melbourne, Victoria, 3065, Australia","way/380698389",""
"The Union Club Hotel","Fitzroy",-37.7969574,144.983397,"Gore Street, Fitzroy, Melbourne, Victoria, 3065, Australia","way/1119087648",""
"The Tramway Hotel","Fitzroy North",-37.7774336,144.9811643,"Rae Street, Fitzroy North, Melbourne, Victoria, 3068, Australia","way/849429699",""
"The Royal Oak Hotel Fitzroy North","Fitzroy North",-37.7896571,144.9764341,"Nicholson Street, Fitzroy North, Melbourne, Victoria, 3068, Australia","way/209747354",""
"The Park Hotel Abbotsford","Abbotsford",-37.8084887,144.9962271,"Nicholson Street, Abbotsford, Melbourne, Victoria, 3067, Australia","way/189995109",""
"The Pinnacle","Fitzroy North",-37.7827901,144.9840551,"The Pinnacle, 251-255, St Georges Road, Fitzroy North, Melbourne, Victoria, 3068, Australia","way/1258954174",""
"The Retreat Hotel Abbotsford","Abbotsford",-37.8084887,144.9962271,"Nicholson Street, Abbotsford, Melbourne, Victoria, 3067, Australia","way/189995109",""
"The Lincoln","Carlton",-37.802812,144.9651386,"Cardigan Street, Carlton, Melbourne, Victoria, 3053, Australia","way/160464600",""
"Garden State Hotel","Melbourne",-37.8153755,144.971045,"Garden State Hotel, 101, Flinders Lane, East End Theatre District, Melbourne, Victoria, 3000, Australia","node/660120299","East End Theatre District"
"The John Curtin Hotel","Carlton",-37.7948053,144.968022,"Lygon Street, Carlton, Melbourne, Victoria, 3053, Australia","way/113549291",""
"Town Hall Hotel North Melbourne","North Melbourne",-37.8041963,144.9490534,"Town Hall Hotel, 33, Errol Street, North Melbourne, Melbourne, Victoria, 3051, Australia","way/480358290",""
"The Bendigo Hotel Collingwood","Collingwood",-37.7991336,144.9859877,"Johnston Street, Collingwood, Melbourne, Victoria, 3066, Australia","way/207641999",""
"The Courthouse North Melbourne","North Melbourne",-37.8020813,144.9497188,"Errol Street, North Melbourne, Melbourne, Victoria, 3051, Australia","way/5135085",""
"The Royston Hotel","Richmond",-37.8154731,145.0134757,"River Street, Richmond, Melbourne, Victoria, 3121, Australia","way/368268313",""
"Union House","Richmond",-37.8260876,145.0016841,"Swan Street, Richmond, Melbourne, Victoria, 3121, Australia","way/25451920",""
"The Beehive","Hawthorn",-37.8133317,145.0235719,"The Beehive Hotel, 84, Barkers Road, Hawthorn, Melbourne, Victoria, 3122, Australia","node/6326619858",""
"Mamma Chen’s","Footscray",-37.8022376,144.8975215,"Mamma Chen's, 42A, Albert Street, Footscray, Melbourne, Victoria, 3011, Australia","node/13238301101",""
"Mona Castle Hotel","Seddon",-37.8059468,144.8933521,"Mona Castle Hotel, 45-53, Austin Street, Seddon, Melbourne, Victoria, 3011, Australia","way/1376917939",""
"Victoria Hotel Footscray","Footscray",-37.8020829,144.8928362,"Victoria Hotel, 43, Victoria Street, Footscray, Melbourne, Victoria, 3011, Australia","way/780172191",""
"The Cheeky Pint","Footscray",-37.7995407,144.8965458,"The Cheeky Pint, Barkly Street, Footscray, Melbourne, Victoria, 3011, Australia","node/6033562227",""
"The Park Werribee","Werribee",-37.9010823,144.661397,"The Park Hotel, 12, Watton Street, Werribee, Melbourne, Victoria, 3030, Australia","node/8940011709",""
"The Plough Hotel","Footscray",-37.7987045,144.8902393,"Barkly Street, Footscray, Melbourne, Victoria, 3011, Australia","way/112444781",""
"The Station Hotel","Footscray",-37.8054133,144.9048683,"Napier Street, Footscray, Melbourne, Victoria, 3011, Australia","way/571885442",""
"Three Crowns","North Melbourne",-37.804772,144.9463656,"Victoria Street, North Melbourne, Melbourne, Victoria, 3051, Australia","way/581658380",""
"The Mount Alexander Hotel","Moonee Ponds",-37.7652227,144.9241926,"Mount Alexander Road, Moonee Ponds, Melbourne, Victoria, 3039, Australia","way/201368221",""
"The Espy","St Kilda",-37.8669162,144.9770495,"The Esplanade, St Kilda, Melbourne, Victoria, 3182, Australia","way/209294352",""
"The Flying Duck Hotel","Prahran",-37.8511736,144.9973203,"Bendigo Street, Prahran, Melbourne, Victoria, 3181, Australia","way/22893238",""
"The Prince Public Bar","St Kilda",-37.8588218,144.9790957,"Fitzroy Street, St Kilda, Melbourne, Victoria, 3182, Australia","way/1156501994",""
"O’Connell’s Hotel","South Melbourne",-37.8344779,144.9509,"Coventry Street, South Melbourne, Melbourne, Victoria, 3205, Australia","way/37867651",""
"Inuman","Melbourne",-37.8130352,144.9711037,"Exhibition Street, East End Theatre District, Melbourne, Victoria, 3000, Australia","way/199429376","East End Theatre District"
"Slowpoke Lounge & Lookout","Collingwood",-37.8047094,144.9893543,"Gipps Street, Collingwood, Melbourne, Victoria, 3066, Australia","way/399134592",""
"Dom’s Social Club","Melbourne",-37.8115567,144.9647318,"Swanston Street, Greek Precinct, Melbourne, Victoria, 3000, Australia","way/208505379","Greek Precinct"
"Naked In The Sky","Fitzroy",-37.7987291,144.9784115,NA,NA,NA
"Heroes","Melbourne",-37.8159646,144.9569387,"Bourke Street, Koreatown, Melbourne, Victoria, 3000, Australia","way/711989783","Koreatown"
"Gigi Rooftop","Thornbury",-37.755915,145.001048,"High Street, Thornbury, Melbourne, Victoria, 3071, Australia","way/25401696",""
"Fable","Melbourne",-37.8105679,144.9673552,"Fable, Lonsdale Street, Greek Precinct, Melbourne, Victoria, 3000, Australia","node/9336165579","Greek Precinct"
"Runner Up","Collingwood",-37.7993116,144.9860499,"Runner Up Rooftop Bar and Garden, Johnston Street, Collingwood, Melbourne, Victoria, 3066, Australia","node/10708261505",""
"Good Heavens","Melbourne",-37.8120832,144.9710491,"Good Heavens Rooftop, 79, Bourke Street, East End Theatre District, Melbourne, Victoria, 3000, Australia","node/6067566485","East End Theatre District"
"Harlow","Richmond",-37.8341639,144.9966058,"Church Street, Richmond, Melbourne, Victoria, 3121, Australia","way/27699359",""
"The Rooftop Bar","Fitzroy",-37.797054,144.9786905,"Brunswick Street, Fitzroy, Melbourne, Victoria, 3065, Australia","way/1029898634",""
"Harvie","Armadale",-37.8622011,145.0270606,"Wattletree Road, Armadale, Melbourne, Victoria, 3143, Australia","way/1177758137",""
"Easey’s","Collingwood",-37.7982385,144.9911532,"Easey Street, Collingwood, Melbourne, Victoria, 3066, Australia","way/1124938349",""
"Captain Baxter","St Kilda",-37.8647662,144.9724992,"Jacka Boulevard, St Kilda, Melbourne, Victoria, 3182, Australia","way/15476911",""
"Stella","South Yarra",-37.8373539,144.9960454,"Chapel Street, South Yarra, Melbourne, Victoria, 3141, Australia","way/217499573",""
"Fargo and Co.","Richmond",-37.8256739,144.9968615,"Fargo and Co, Swan Street, Richmond, Melbourne, Victoria, 3121, Australia","node/10718137907",""
"Tetto di Carolina","South Yarra",-37.8374719,144.9796789,"Toorak Road, South Yarra, Melbourne, Victoria, 3141, Australia","way/23704198",""
"Beverly","South Yarra",-37.8373539,144.9960454,"Chapel Street, South Yarra, Melbourne, Victoria, 3141, Australia","way/217499573",""
"Rufio","St Kilda",-37.8669737,144.9798582,"Carlisle Street, St Kilda, Melbourne, Victoria, 3182, Australia","way/792136808",""
"Da Bruno","Richmond",-37.8256949,144.9996393,"Pizzeria Da Bruno, 221, Swan Street, Richmond, Melbourne, Victoria, 3121, Australia","way/1413617841",""
"Morris House","Melbourne",-37.812902,144.9712356,"Morris House, 120, Exhibition Street, East End Theatre District, Melbourne, Victoria, 3000, Australia","node/667680168","East End Theatre District"
"Exhibition Restaurant","Brisbane CBD",-27.4700407,153.0288771,NA,NA,NA
"Restaurant Dan Arnold","Fortitude Valley",-27.4535292,153.0403182,NA,NA,NA
"Joy Restaurant","Fortitude Valley",-27.4580288,153.0352588,NA,NA,NA
"Rogue Bistro","Newstead",-27.4458565239762,153.043960813492,NA,NA,NA
"Palette","Surfers Paradise",-28.0012711,153.4167133,NA,NA,NA
"SUUM","Brisbane CBD",-27.4710221,153.027386,NA,NA,NA
"The Long Apron","Montville",-26.7005637,152.9045625,NA,NA,NA
"Essa Restaurant","Fortitude Valley",-27.4574602,153.0402147,NA,NA,NA
"Montrachet","Bowen Hills",-27.4521143,153.0334195,NA,NA,NA
"Deer Duck Bistro","Auchenflower",-27.4738479,152.9956059,NA,NA,NA
"Attimi by Dario Manca","Paddington",-27.4615497,153.0052049,NA,NA,NA
"The Peak Restaurant at Spicers Peak Lodge","Maryvale",-28.0632706172573,152.241582870483,NA,NA,NA
"The North Room","Mermaid Beach",-28.0407693309027,153.434114398803,NA,NA,NA
"Citrique","Surfers Paradise",-27.991032,153.42746,NA,NA,NA
"Tamarind","Cairns",-16.924996,145.779774,NA,NA,NA
"Little Truffle Dining Room & Bar","Mermaid Beach",-28.0460953234763,153.435015678406,NA,NA,NA
"Fatcow on James St","Fortitude Valley",-27.4556362,153.0390878,NA,NA,NA
"Sum Yung Guys","Noosaville",-26.4040857,153.0720869,NA,NA,NA
"The Tamarind Restaurant","Maleny",-26.7582126,152.8671127,NA,NA,NA
"Lanai Noosa","Noosaville",-26.3983681,153.062031,NA,NA,NA
"Homage Restaurant","Grandchester",-27.719093,152.46228,NA,NA,NA
"C'est Bon","Woolloongabba",-27.485755,153.029449,NA,NA,NA
"Perspective Dining","Brisbane CBD",-27.4583272,153.0343011,NA,NA,NA
"Agnes","Fortitude Valley",-27.4580155,153.0308848,NA,NA,NA
"Kiyomi","Broadbeach",-28.031767856102,153.428728580475,NA,NA,NA
"e'cco bistro","Newstead",-27.4621025871079,153.032315522432,NA,NA,NA
"Blume","Boonah",-27.9988823,152.6819874,NA,NA,NA
"Harrisons Restaurant","Port Douglas",-16.5016277,145.4655499,NA,NA,NA
"Gerard's","Fortitude Valley",-27.456410384736,153.038934824572,NA,NA,NA
"Bommie","Hamilton Island",-20.3416210690953,148.948420134302,NA,NA,NA
"Bask","Peregian Beach",-26.480997,153.0959552,NA,NA,NA
"The Long Pavilion at qualia","Hamilton Island",-20.3328838,148.9477385,NA,NA,NA
"Rick Shores","Burleigh Heads",-28.0895655400516,153.454637094373,NA,NA,NA
"Sokyo Brisbane","Brisbane CBD",-27.4741994,153.0249516,NA,NA,NA
"Rosmarino Ristorante & Wine Bar","Fortitude Valley",-27.4565,153.0345,NA,NA,NA
"The Paddock Restaurant","Beechmont",-28.1604194,153.1945421,NA,NA,NA
"Rickys River Bar & Restaurant","Noosa Heads",-26.3913795,153.0786933,NA,NA,NA
"Anekawa","Mudgeeraba",-28.0781450974479,153.365476431773,NA,NA,NA
"Mamasan","Broadbeach",-28.0307587981203,153.432607463997,NA,NA,NA
"The Lodge Bar & Dining","Fortitude Valley",-27.4570511,153.0403122,NA,NA,NA
"Longwang","Brisbane CBD",-27.4699605,153.0280687,NA,NA,NA
"Layla","West End",-27.4857519,153.0017741,NA,NA,NA
"Rich & Rare","West End",-27.4777722,153.0123893,NA,NA,NA
"Madame V","Palm Beach",-28.1210815,153.4731593,NA,NA,NA
"August","West End",-27.4869887,153.0109417,NA,NA,NA
"Etsu Izakaya","Mermaid Beach",-28.0462756,153.4350285,NA,NA,NA
"Ach Wine Bar & Bistro","Hamilton",-27.4404353,153.0810604,NA,NA,NA
"Bosco","Newstead",-27.4455978,153.0437104,NA,NA,NA
"sAme sAme","Fortitude Valley",-27.457873,153.0325609,NA,NA,NA
"Nu Nu Restaurant","Palm Cove",-16.7497699242646,145.670921802521,NA,NA,NA
"The Spirit House Restaurant","Yandina",-26.55088,152.959518,NA,NA,NA
"Moo Moo The Wine Bar + Grill Gold Coast","Broadbeach",-28.0304254460574,153.431150615215,NA,NA,NA
"Honeysuckle Restaurant","Buderim",-26.6862628,153.0509779,NA,NA,NA
"The Wolf","Brisbane CBD",-27.4677071,153.0273979,NA,NA,NA
"Marmor","Townsville",-19.2510263,146.8264978,NA,NA,NA
"Clarence","South Brisbane",-27.4738099,153.0176715,NA,NA,NA
"Fish House Steak & Grill","Mooloolaba",-26.6844746,153.1315965,NA,NA,NA
"Komeyui Brisbane","Spring Hill",-27.4635695,153.0282181,NA,NA,NA
"Otto Brisbane","South Bank",-27.4817613,153.0253912,NA,NA,NA
"Jungle Fowl","Port Douglas",-16.4819725,145.4617711,NA,NA,NA
"Juju","Mermaid Beach",-28.0585049,153.4387052,NA,NA,NA
"Nineteen at The Star","Broadbeach",-28.031767856102,153.428728580475,NA,NA,NA
"Yamagen","Surfers Paradise",-27.994591,153.428696,NA,NA,NA
"Honto","Fortitude Valley",-27.4559913,153.0344918,NA,NA,NA
"Lucio's Marina","Tewantin",-26.3949211,153.0415946,NA,NA,NA
"Bella Venezia","Mooloolaba",-26.6787537294034,153.118472099304,NA,NA,NA
"Locale Noosa","Noosa Heads",-26.3873697266951,153.092676666479,NA,NA,NA
"Marlowe","South Brisbane",-27.474849,153.016177,NA,NA,NA
"Jimmy Wah's","Burleigh Heads",-28.0886288521125,153.451039537426,NA,NA,NA
"Ippin Japanese Dining","West End",-27.4784243,153.0117853,NA,NA,NA
"Lars","Mermaid Beach",-28.059432,153.4385529,NA,NA,NA
"Noosa Waterfront Restaurant","Noosaville",-26.3984324277097,153.055193588955,NA,NA,NA
"The Balfour Kitchen & Bar","New Farm",-27.4638700718335,153.040377073416,NA,NA,NA
"Winnifred’s","Fortitude Valley",-27.4599504,153.0384349,NA,NA,NA
"Hideki","Brisbane CBD",-27.469857,153.0241057,NA,NA,NA
"Salt House","Cairns",-16.920271,145.77875,NA,NA,NA
"Stanley","Brisbane CBD",-27.462234,153.035139,NA,NA,NA
"Jam by Chef Sunil","Townsville",-19.260845,146.819561,NA,NA,NA
"Firma Italian","South Brisbane",-27.4812124,153.0231752,NA,NA,NA
"Moo Moo The Wine Bar + Grill Brisbane","Brisbane CBD",-27.4713531311432,153.029615879059,NA,NA,NA
"Zinc Port Douglas","Port Douglas",-16.4846959925868,145.466565849039,NA,NA,NA
"Herve's Restaurant and Bar","Albion",-27.4333694,153.0450443,NA,NA,NA
"Bar Leo Food & Wine","Bundall",-28.023143,153.401385,NA,NA,NA
"Melrose Restaurant and Rooftop Bar","Bulimba",-27.450889,153.0539757,NA,NA,NA
"Catseye Pool Club","Hamilton Island",-20.3441493150729,148.955298215344,NA,NA,NA
"Sono Portside","Hamilton",-27.4413211361262,153.06917309761,NA,NA,NA
"Eddy + Wolff","Robina",-28.0650022,153.4043025,"Bunnath Kitchen, 44, Commerce Drive, Robina Quays, Robina, Gold Coast, Queensland, 4226, Australia","node/9424361620","Robina Quays"
"Pebble Beach at qualia","Hamilton Island",-20.3329574202014,148.948345184326,NA,NA,NA
"Dee Den","Buderim",-26.6882514,153.048218,NA,NA,NA
"Ollie's Italian","Cairns",-16.9223978,145.7803597,NA,NA,NA
"Hamilton Island Golf Clubhouse","Hamilton Island",-20.3496288,148.9320143,NA,NA,NA
"Donna Chang","Brisbane CBD",-27.4717214,153.0247378,NA,NA,NA
"Bang Bang Noosa","Noosa Heads",-26.3877461,153.0900222,NA,NA,NA
"Ramona Trattoria","Coorparoo",-27.4975596,153.0675675,NA,NA,NA
"Billy Chow","Coolangatta",-28.1680952,153.5294597,NA,NA,NA
"Pilloni","West End",-27.4812962795526,153.004327921496,NA,NA,NA
"Nautilus Restaurant","Port Douglas",-16.481386000283,145.464142262936,NA,NA,NA
"Mosconi","Fortitude Valley",-27.457703,153.0411468,NA,NA,NA
"Central Restaurant","Brisbane CBD",-27.4666006,153.028991,NA,NA,NA
"Soka","Maroochydore",-26.6523731,153.0906574,NA,NA,NA
"Embassy XO","Sunshine Beach",-26.4052418729432,153.111010973541,NA,NA,NA
"Bridgewater Restaurant + Botaniq Bar","Townsville",-19.260845,146.819561,NA,NA,NA
"Orleans Restaurant and Bar","Maroochydore",-26.652554,153.0930404,NA,NA,NA
"T'ang Court","Surfers Paradise",-28.0156593,153.4322141,NA,NA,NA
"Naldham House","Brisbane CBD",-27.4700529,153.0301694,NA,NA,NA
"Bergen Toowoomba","East Toowoomba",-27.5623842,151.9638722,NA,NA,NA
"Hellenika at The Calile Hotel","Fortitude Valley",-27.4566672,153.0403757,NA,NA,NA
"Settimo","Brisbane CBD",-27.4716074,153.0284632,NA,NA,NA
"Maxwell Restaurant","McLaren Vale",-35.2075827217886,138.541760444641,NA,NA,NA
"Restaurant Botanic","Adelaide CBD",-34.918170678527,138.610424995422,NA,NA,NA
"Penfolds Magill Estate Restaurant","Magill",-34.92111,138.679151,NA,NA,NA
"Hentley Farm","Seppeltsfield",-34.4920409,138.907496,NA,NA,NA
"Anvers Wines","Kangarilla",-35.1346337,138.7023751,NA,NA,NA
"LVN Restaurant at Bird in Hand","Woodside",-34.9562602,138.8953815,NA,NA,NA
"Hardy's Verandah Restaurant","Crafers",-34.986664,138.709432,NA,NA,NA
"Appellation","Marananga",-34.4867234,138.9465172,NA,NA,NA
"Station Road","Adelaide CBD",-34.9206475,138.5980878,NA,NA,NA
"Luma Restaurant","Adelaide CBD",-34.9221953,138.5961823,NA,NA,NA
"Fino Seppeltsfield","Seppeltsfield",-34.4852881,138.9233351,NA,NA,NA
"Rumi on Louth","Port Lincoln",-34.7402341,135.8746184,NA,NA,NA
"Ondeen","Verdun",-35.0108101,138.7840022,NA,NA,NA
"Mt Lofty Ranges Vineyard","Lenswood",-34.9077800795523,138.822258565082,NA,NA,NA
"TUNKI - Ceviche and Woodfire Grill","West Lakes",-34.8799901,138.4890073,NA,NA,NA
"The Little Rickshaw","Aldinga",-35.2659067855007,138.483159223908,NA,NA,NA
"Arkhe","Norwood",-34.9209318,138.6336296,NA,NA,NA
"Aurora ADL","Adelaide CBD",-34.9255311,138.5926608,NA,NA,NA
"Africola","Adelaide CBD",-34.921328,138.610376,NA,NA,NA
"The Line & Label","Port Lincoln",-34.7176556,135.82983,NA,NA,NA
"The Lane Vineyard","Hahndorf",-35.0149896565603,138.838262557983,NA,NA,NA
"ODE Bistro","North Adelaide",-34.9043553,138.5950023,NA,NA,NA
"St Hugo Restaurant","Rowland Flat",-34.562271,138.942348,NA,NA,NA
"Bush DeVine Restaurant","Sevenhill",-33.9028885016393,138.657610416412,NA,NA,NA
"Osteria Oggi","Adelaide CBD",-34.925397,138.60253,NA,NA,NA
"Herringbone Restaurant","Adelaide CBD",-34.9325486,138.603043,NA,NA,NA
"Orleana","Kingsford",-34.5406258,138.7928901,NA,NA,NA
"Fino Vino","Adelaide CBD",-34.9267104,138.6036168,NA,NA,NA
"Elementary by Soul Co","Mount Gambier",-37.8320807,140.7770262,NA,NA,NA
"Lenzerheide","Hawthorn",-34.9719803438728,138.608752288361,NA,NA,NA
"Pinco Italo","Adelaide CBD",-34.9253052,138.6005872,NA,NA,NA
"Staguni","Marananga",-34.484435,138.9379213,NA,NA,NA
"Topiary","Tea Tree Gully",-34.8227610744653,138.736671209335,NA,NA,NA
"Otherness","Angaston",-34.5009543,139.0475571,NA,NA,NA
"Garcon Bleu","Adelaide CBD",-34.9242253,138.5956574,NA,NA,NA
"fermentAsian","Tanunda",-34.523641,138.96001,NA,NA,NA
"Kiin","Adelaide CBD",-34.9328294,138.6038129,NA,NA,NA
"Star Of Greece","Port Willunga",-35.2602195,138.4618234,NA,NA,NA
"MENSA","Kent Town",-34.9216701,138.6220766,NA,NA,NA
"Thelma Piccadilly","Piccadilly",-34.9826476,138.7262407,NA,NA,NA
"Serafino Restaurant","McLaren Vale",-35.2187558,138.5574099,NA,NA,NA
"Carnivore","Hindmarsh",-34.9082311,138.5755945,NA,NA,NA
"Vintners Bar & Grill","Angaston",-34.485168,139.009388,NA,NA,NA
"Pipers of Penola","Penola",-37.3799897686156,140.8389544487,NA,NA,NA
"Ekhidna Kitchen and Wines","McLaren Vale",-35.199029,138.566229,NA,NA,NA
"Pike & Joyce Restaurant","Lenswood",-34.8986866,138.8213473,NA,NA,NA
"Orso Kensington","Rose Park",-34.9278835,138.6278111,NA,NA,NA
"Allegra Dining Room","Adelaide CBD",-34.9342355,138.6050065,NA,NA,NA
"Watervale Hotel","Watervale",-33.9593883,138.6448011,NA,NA,NA
"Lola's Wine Bar","Norwood",-34.9157294,138.628969,NA,NA,NA
"Samurai Teppanyaki House","Hyde Park",-34.9530048,138.5998153,NA,NA,NA
"SLATE Restaurant","Sevenhill",-33.8884027006765,138.674855727509,NA,NA,NA
"d'Arry's Verandah Restaurant","McLaren Vale",-35.1975886444312,138.550128936768,NA,NA,NA
"La Louisiane","Adelaide CBD",-34.9328294,138.6038129,NA,NA,NA
"Golden Boy","Adelaide CBD",-34.9212201,138.6105166,NA,NA,NA
"Peel St","Adelaide CBD",-34.9234208789928,138.597971053967,NA,NA,NA
"Wills Domain Winery Restaurant","Yallingup",-33.7168417,115.0459354,NA,NA,NA
"Wildflower","Perth CBD",-31.9525739,115.8610488,NA,NA,NA
"Voyager Estate Restaurant","Margaret River",-34.0183213,115.0513614,NA,NA,NA
"Hearth Restaurant","Perth CBD",-31.9598283,115.8589086,NA,NA,NA
"Leeuwin Estate Winery","Margaret River",-33.996666,115.054353,NA,NA,NA
"Twenty Seats","Highgate",-31.9433355,115.8734913,NA,NA,NA
"Vasse Felix","Cowaramup",-33.824654,115.037725,NA,NA,NA
"Glenarty Road","Karridale",-34.1885795,115.1585002,NA,NA,NA
"Harry's at Conti","Woodvale",-31.7882727992871,115.810481376057,NA,NA,NA
"Yarri","Dunsborough",-33.6151044783482,115.104588524385,NA,NA,NA
"Fleur at The Royal","Perth CBD",-31.9510874,115.8572054,NA,NA,NA
"de'sendent","Margaret River",-33.9528166,115.0731509,NA,NA,NA
"The Cape Lodge Restaurant","Yallingup",-33.735343,115.038205,NA,NA,NA
"Millbrook Winery Restaurant","Jarrahdale",-32.3508176648331,116.050300598145,NA,NA,NA
"The Heritage Wine Bar & Restuarant","Perth CBD",-31.9544730010044,115.855243283467,NA,NA,NA
"Wild Swan at Mandoon Estate","Caversham",-31.8685331308739,115.994954651282,NA,NA,NA
"Balthazar","Perth CBD",-31.95646,115.85829,NA,NA,NA
"UMA Restaurant","Perth CBD",-31.9589849175247,115.86835026741,NA,NA,NA
"Chow's Table","Yallingup",-33.7205681,115.0309807,NA,NA,NA
"Marumo","Nedlands",-31.980163529573,115.796703146726,NA,NA,NA
"Lotus","Mount Lawley",-31.93777,115.86972,NA,NA,NA
"Madalena’s","South Fremantle",-32.073664,115.753407,NA,NA,NA
"Andly Private Kitchen","West Leederville",-31.9411478,115.841765,NA,NA,NA
"Amelia Park Restaurant","Wilyabrup",-33.779300601769,115.038245212169,NA,NA,NA
"Gibney Cottesloe","Cottesloe",-32.0093574,115.7529935,NA,NA,NA
"Daph's Restaurant","Leederville",-31.9331284,115.8413776,NA,NA,NA
"Brown Street Grill","East Perth",-31.9505979,115.8751117,NA,NA,NA
"Indigo Oscar","Cottesloe",-31.9954703,115.7514638,NA,NA,NA
"Si Paradiso","Highgate",-31.9402916,115.8689657,NA,NA,NA
"Garum","Perth CBD",-31.9550513913645,115.864750628311,NA,NA,NA
"Oscar's in the Valley","Herne Hill",-31.8166147,116.0210068,NA,NA,NA
"Sandalford Restaurant","Caversham",-31.8680638068644,115.991613864899,NA,NA,NA
"Souq","Leederville",-31.9372094,115.8422812,NA,NA,NA
"Xanadu Wines Restaurant","Margaret River",-33.97912,115.060531,NA,NA,NA
"Bib & Tucker","North Fremantle",-32.0284215,115.7498293,NA,NA,NA
"Casa Perth","Mount Hawthorn",-31.92361,115.84087,NA,NA,NA
"Miki's Open Kitchen","Margaret River",-33.952153,115.073783,NA,NA,NA
"Santini Bar & Grill","Perth CBD",-31.9538672,115.8609979,NA,NA,NA
"Rockpool Bar & Grill Perth","Burswood",-31.963304,115.8967871,NA,NA,NA
"Petition","Perth CBD",-31.9558006,115.8597314,NA,NA,NA
"Tonic & Ginger","Fremantle",-32.0568555,115.7497764,NA,NA,NA
"Dier Makr","Hobart CBD",-42.8837982,147.3264515,NA,NA,NA
"Aloft","Hobart CBD",-42.8889219,147.3188187,NA,NA,NA
"Fico","Hobart CBD",-42.8847902,147.3272084,NA,NA,NA
"The Agrarian Kitchen Restaurant","New Norfolk",-42.7854104868301,147.064629058444,NA,NA,NA
"OIRTHIR","Bream Creek",-42.8224084,147.8426399,NA,NA,NA
"Institut Polaire","Hobart CBD",-42.8847725647914,147.330704773016,NA,NA,NA
"Stillwater","Launceston",-41.4403977,147.1287934,NA,NA,NA
"Faro Bar + Restaurant at Mona","Berriedale",-42.8118677,147.2594408,NA,NA,NA
"Omotenashi","Hobart CBD",-42.8796854,147.3227887,NA,NA,NA
"Josef Chromy Restaurant","Relbia",-41.5052796,147.2036999,NA,NA,NA
"Landscape Restaurant & Grill","Hobart CBD",-42.88134,147.335583,NA,NA,NA
"Sylvie Hobart","Hobart CBD",-42.884668,147.3305072,NA,NA,NA
"Black Cow","Launceston",-41.4356083522416,147.139608263969,NA,NA,NA
"Taste. by Bold Cuisine","Devonport",-41.1769919,146.3608809,NA,NA,NA
"Ogee","North Hobart",-42.8707933,147.3166017,NA,NA,NA
"Templo","Hobart CBD",-42.8803908883294,147.319354266201,NA,NA,NA
"The Black Footed Pig Tapas Bar & Kitchen","Hobart CBD",-42.8841687175335,147.331108145998,NA,NA,NA
"Timbre","Legana",-41.3706179658245,147.047330271164,NA,NA,NA
"Trophy Room","North Hobart",-42.8698289,147.3156455,NA,NA,NA
"Mount Paul Lounge","Coles Bay",-42.0748493,148.2349768,NA,NA,NA
"Basalt Tasmania","Don",-41.1616892,146.3108262,NA,NA,NA
"Brisbane Street Bistro","Launceston",-41.4363695,147.1405415,NA,NA,NA
"schole","Hobart CBD",-42.8847303,147.3229587,NA,NA,NA
"Biji Dining","Swansea",-42.1228578,148.0740919,NA,NA,NA
"Havilah Wine","Launceston",-41.4407993,147.1396262,NA,NA,NA
"Restaurant Maria","Hobart CBD",-42.884791,147.3324065,NA,NA,NA
"Peppina","Hobart CBD",-42.8852047,147.3294892,NA,NA,NA
"Tio’s","Surry Hills",-33.8796738,151.2104584,"Tio’s, Foster Street, Surry Hills, Sydney CBD, New South Wales, 2010, Australia","node/11809581470","Sydney CBD"
"Enmore Hotel","Enmore",-33.9029531,151.1728537,"TAFE NSW Enmore, Prince Street, Enmore, Inner West, New South Wales, 2042, Australia","way/174606801","Inner West"
"Baker Bleu","Double Bay",-33.8767283,151.241344,"Baker Bleu, Guilfoyle Avenue, Double Bay, Eastern Suburbs, New South Wales, 2028, Australia","node/11155309730","Eastern Suburbs"
"Pantry Story","Stanmore",-33.88843,151.1633672,"Pantry Story, 336, Parramatta Road, Stanmore, Inner West, New South Wales, 2048, Australia","node/13722523001","Inner West"
"Fabbrica Bread Shop","Rozelle",-33.8653599,151.1676613,"Darling Street, Rozelle, Inner West, New South Wales, 2039, Australia","way/574307859","Inner West"
"Goodwood Bakeshop","Marrickville",-33.9070505,151.1470946,"Marrickville Road, Marrickville, Inner West, New South Wales, 2204, Australia","way/19557615","Inner West"
"Lune Croissanterie Rosebery","Rosebery",-33.9185807,151.202422,"Lune Croissanterie, 115-121, Dunning Avenue, Rosebery, New South Wales, 2018, Australia","node/13189826788",""
"Brickfields","Chippendale",-33.888624,151.1997783,"Brickfields, 206, Cleveland Street, Chippendale, Sydney CBD, New South Wales, 2008, Australia","node/2841108302","Sydney CBD"
"Lode Pies and Pastries","Surry Hills",-33.8878375,151.2135294,"Crown Street, Strawberry Hills, Surry Hills, Sydney CBD, New South Wales, 2010, Australia","way/408755125","Strawberry Hills"
"Shadow Baking","Darlinghurst",-33.8801958,151.2200659,"Victoria Street, Darlinghurst, New South Wales, 2010, Australia","way/4352773",""
"Moon Phase","St Leonards",-33.8230371,151.1871551,"Pacific Highway, St Leonards, Lower North Shore, New South Wales, 2065, Australia","way/693266901","Lower North Shore"
"Tuga Pastries","Clovelly",-33.911825,151.2563999,"Clovelly Road, Coogee, Eastern Suburbs, New South Wales, 2031, Australia","way/246435273","Eastern Suburbs"
"Flour Shop","Turramurra",-33.7277767,151.1417645,"Flour Shop, 16, Princes Street, Turramurra, Upper North Shore, New South Wales, 2074, Australia","way/974935040","Upper North Shore"
"Pioik Bakery","Pyrmont",-33.8703733,151.1944888,"PiOik, Harris Street, Pyrmont, Sydney CBD, New South Wales, 2009, Australia","node/1613895196","Sydney CBD"
"Humble Bakery","Surry Hills",-33.8862924,151.2094272,"Humble, 50, Holt Street, Strawberry Hills, Surry Hills, Sydney CBD, New South Wales, 2010, Australia","node/10289235470","Strawberry Hills"
"Lucien Baked Goods","Parramatta",-33.8138397,151.0092867,"Lucien Baked Goods, 111, Phillip Street, Parramatta, New South Wales, 2150, Australia","node/2525998690",""
"Staple Bread & Necessities Seaforth","Seaforth",-33.7915879,151.243397,"Montauban Avenue, Seaforth, Northern Beaches, New South Wales, 2092, Australia","way/23051802","Northern Beaches"
"Fiore Bread","Mcmahons Point",-33.844433,151.2044656,"Fiore Bread, 129, Blues Point Road, Victoria Cross, McMahons Point, Lower North Shore, North Sydney, New South Wales, 2060, Australia","node/13673344142","Victoria Cross"
"Berkelo","Brookvale",-33.7681328,151.2686031,"William Street, Brookvale, Northern Beaches, New South Wales, 2100, Australia","way/1003306904","Northern Beaches"
"The Tart Sisters","Ashfield",-33.8928149,151.1253246,"Holden Street, Ashfield, Inner West, New South Wales, 2131, Australia","way/170552635","Inner West"
"Madame & Yves","Clovelly",-33.911825,151.2563999,"Clovelly Road, Coogee, Eastern Suburbs, New South Wales, 2031, Australia","way/246435273","Eastern Suburbs"
"Penny Fours","Balmain",-33.8564993,151.1728678,"Darling Street, Balmain, Inner West, New South Wales, 2041, Australia","way/224575434","Inner West"
"Home Croissanterie","Balmain",-33.8564993,151.1728678,"Darling Street, Balmain, Inner West, New South Wales, 2041, Australia","way/224575434","Inner West"
"Banksia Bakehouse","Sydney",-33.8753995,151.2065852,"George Street, Koreatown, Sydney, Sydney CBD, New South Wales, 2000, Australia","way/702219836","Koreatown"
"Sebastien Sans Gluten","Leichhardt",-33.8841679,151.1510431,"Marion Street, Leichhardt, Inner West, New South Wales, 2040, Australia","way/241059252","Inner West"
"Crescent Croissanterie","Crows Nest",-33.825423,151.2008911,"Willoughby Road, Crows Nest Junction, Crows Nest, Lower North Shore, New South Wales, 2065, Australia","way/111499230","Crows Nest Junction"
"The Grumpy Baker","Vaucluse",-33.857229,151.2827377,"The Grumpy Baker, 767, Old South Head Road, Vaucluse, Eastern Suburbs, New South Wales, 2030, Australia","node/4934994429","Eastern Suburbs"
"Sweet Belem","Petersham",-33.8962047,151.1537654,NA,NA,NA
"Buttercrumbs Croissant","Five Dock",-33.8623229,151.1304933,"Great North Road, Five Dock, Inner West, New South Wales, 2046, Australia","way/512991344","Inner West"
